2026-05-02T14:46:10.771+05:30  INFO 25048 --- [order-service] [main] c.n.e.order.OrderServiceApplication      : Starting OrderServiceApplication using Java 21.0.10 with PID 25048 (C:\EmbarkX\ecommerce-microservices\order-service\target\classes started by niran in C:\EmbarkX\ecommerce-microservices\order-service)
2026-05-02T14:46:10.783+05:30 DEBUG 25048 --- [order-service] [main] c.n.e.order.OrderServiceApplication      : Running with Spring Boot v3.5.14, Spring v6.2.18
2026-05-02T14:46:10.785+05:30  INFO 25048 --- [order-service] [main] c.n.e.order.OrderServiceApplication      : No active profile set, falling back to 1 default profile: "default"
2026-05-02T14:46:12.024+05:30  INFO 25048 --- [order-service] [main] .s.d.r.c.RepositoryConfigurationDelegate : Bootstrapping Spring Data JPA repositories in DEFAULT mode.
2026-05-02T14:46:12.160+05:30  INFO 25048 --- [order-service] [main] .s.d.r.c.RepositoryConfigurationDelegate : Finished Spring Data repository scanning in 123 ms. Found 1 JPA repository interface.
2026-05-02T14:46:12.554+05:30  INFO 25048 --- [order-service] [main] o.s.cloud.context.scope.GenericScope     : BeanFactory id=44a7435c-4d4b-3c4a-95ad-967db0b7f98d
2026-05-02T14:46:13.335+05:30  INFO 25048 --- [order-service] [main] o.s.b.w.embedded.tomcat.TomcatWebServer  : Tomcat initialized with port 8106 (http)
2026-05-02T14:46:13.349+05:30  INFO 25048 --- [order-service] [main] o.apache.catalina.core.StandardService   : Starting service [Tomcat]
2026-05-02T14:46:13.350+05:30  INFO 25048 --- [order-service] [main] o.apache.catalina.core.StandardEngine    : Starting Servlet engine: [Apache Tomcat/10.1.54]
2026-05-02T14:46:13.409+05:30  INFO 25048 --- [order-service] [main] o.a.c.c.C.[Tomcat].[localhost].[/]       : Initializing Spring embedded WebApplicationContext
2026-05-02T14:46:13.410+05:30  INFO 25048 --- [order-service] [main] w.s.c.ServletWebServerApplicationContext : Root WebApplicationContext: initialization completed in 2554 ms
2026-05-02T14:46:13.915+05:30  INFO 25048 --- [order-service] [main] o.hibernate.jpa.internal.util.LogHelper  : HHH000204: Processing PersistenceUnitInfo [name: default]
2026-05-02T14:46:13.968+05:30  INFO 25048 --- [order-service] [main] org.hibernate.Version                    : HHH000412: Hibernate ORM core version 6.6.49.Final
2026-05-02T14:46:13.995+05:30  INFO 25048 --- [order-service] [main] o.h.c.internal.RegionFactoryInitiator    : HHH000026: Second-level cache disabled
2026-05-02T14:46:14.251+05:30  INFO 25048 --- [order-service] [main] o.s.o.j.p.SpringPersistenceUnitInfo      : No LoadTimeWeaver setup: ignoring JPA class transformer
2026-05-02T14:46:14.278+05:30  INFO 25048 --- [order-service] [main] com.zaxxer.hikari.HikariDataSource       : HikariPool-1 - Starting...
2026-05-02T14:46:14.436+05:30  INFO 25048 --- [order-service] [main] com.zaxxer.hikari.pool.HikariPool        : HikariPool-1 - Added connection org.postgresql.jdbc.PgConnection@7f958d4a
2026-05-02T14:46:14.437+05:30  INFO 25048 --- [order-service] [main] com.zaxxer.hikari.HikariDataSource       : HikariPool-1 - Start completed.
2026-05-02T14:46:14.477+05:30  WARN 25048 --- [order-service] [main] org.hibernate.orm.deprecation            : HHH90000025: PostgreSQLDialect does not need to be specified explicitly using 'hibernate.dialect' (remove the property setting and it will be selected by default)
2026-05-02T14:46:14.507+05:30  INFO 25048 --- [order-service] [main] org.hibernate.orm.connections.pooling    : HHH10001005: Database info:
	Database JDBC URL [Connecting through datasource 'HikariDataSource (HikariPool-1)']
	Database driver: undefined/unknown
	Database version: 18.1
	Autocommit mode: undefined/unknown
	Isolation level: undefined/unknown
	Minimum pool size: undefined/unknown
	Maximum pool size: undefined/unknown
2026-05-02T14:46:15.435+05:30  INFO 25048 --- [order-service] [main] o.h.e.t.j.p.i.JtaPlatformInitiator       : HHH000489: No JTA platform available (set 'hibernate.transaction.jta.platform' to enable JTA platform integration)
2026-05-02T14:46:15.505+05:30  INFO 25048 --- [order-service] [main] j.LocalContainerEntityManagerFactoryBean : Initialized JPA EntityManagerFactory for persistence unit 'default'
2026-05-02T14:46:16.044+05:30  WARN 25048 --- [order-service] [main] JpaBaseConfiguration$JpaWebConfiguration : spring.jpa.open-in-view is enabled by default. Therefore, database queries may be performed during view rendering. Explicitly configure spring.jpa.open-in-view to disable this warning
2026-05-02T14:46:16.157+05:30  INFO 25048 --- [order-service] [main] o.s.c.openfeign.FeignClientFactoryBean   : For 'cart-service' URL not provided. Will try picking an instance via load-balancing.
2026-05-02T14:46:16.243+05:30  INFO 25048 --- [order-service] [main] o.s.c.openfeign.FeignClientFactoryBean   : For 'user-service' URL not provided. Will try picking an instance via load-balancing.
2026-05-02T14:46:16.266+05:30  INFO 25048 --- [order-service] [main] o.s.c.openfeign.FeignClientFactoryBean   : For 'payment-service' URL not provided. Will try picking an instance via load-balancing.
2026-05-02T14:46:17.768+05:30  INFO 25048 --- [order-service] [main] DiscoveryClientOptionalArgsConfiguration : Eureka HTTP Client uses RestTemplate.
2026-05-02T14:46:17.811+05:30  WARN 25048 --- [order-service] [main] iguration$LoadBalancerCaffeineWarnLogger : Spring Cloud LoadBalancer is currently working with the default cache. While this cache implementation is useful for development and tests, it's recommended to use Caffeine cache in production.You can switch to using Caffeine cache, by adding it and org.springframework.cache.caffeine.CaffeineCacheManager to the classpath.
2026-05-02T14:46:17.833+05:30  INFO 25048 --- [order-service] [main] o.s.b.a.e.web.EndpointLinksResolver      : Exposing 27 endpoints beneath base path '/actuator'
2026-05-02T14:46:17.983+05:30  INFO 25048 --- [order-service] [main] o.a.k.clients.admin.AdminClientConfig    : AdminClientConfig values: 
	auto.include.jmx.reporter = true
	bootstrap.controllers = []
	bootstrap.servers = [localhost:9092]
	client.dns.lookup = use_all_dns_ips
	client.id = order-service-admin-0
	connections.max.idle.ms = 300000
	default.api.timeout.ms = 60000
	enable.metrics.push = true
	metadata.max.age.ms = 300000
	metadata.recovery.strategy = none
	metric.reporters = []
	metrics.num.samples = 2
	metrics.recording.level = INFO
	metrics.sample.window.ms = 30000
	receive.buffer.bytes = 65536
	reconnect.backoff.max.ms = 1000
	reconnect.backoff.ms = 50
	request.timeout.ms = 30000
	retries = 2147483647
	retry.backoff.max.ms = 1000
	retry.backoff.ms = 100
	sasl.client.callback.handler.class = null
	sasl.jaas.config = null
	sasl.kerberos.kinit.cmd = /usr/bin/kinit
	sasl.kerberos.min.time.before.relogin = 60000
	sasl.kerberos.service.name = null
	sasl.kerberos.ticket.renew.jitter = 0.05
	sasl.kerberos.ticket.renew.window.factor = 0.8
	sasl.login.callback.handler.class = null
	sasl.login.class = null
	sasl.login.connect.timeout.ms = null
	sasl.login.read.timeout.ms = null
	sasl.login.refresh.buffer.seconds = 300
	sasl.login.refresh.min.period.seconds = 60
	sasl.login.refresh.window.factor = 0.8
	sasl.login.refresh.window.jitter = 0.05
	sasl.login.retry.backoff.max.ms = 10000
	sasl.login.retry.backoff.ms = 100
	sasl.mechanism = GSSAPI
	sasl.oauthbearer.clock.skew.seconds = 30
	sasl.oauthbearer.expected.audience = null
	sasl.oauthbearer.expected.issuer = null
	sasl.oauthbearer.header.urlencode = false
	sasl.oauthbearer.jwks.endpoint.refresh.ms = 3600000
	sasl.oauthbearer.jwks.endpoint.retry.backoff.max.ms = 10000
	sasl.oauthbearer.jwks.endpoint.retry.backoff.ms = 100
	sasl.oauthbearer.jwks.endpoint.url = null
	sasl.oauthbearer.scope.claim.name = scope
	sasl.oauthbearer.sub.claim.name = sub
	sasl.oauthbearer.token.endpoint.url = null
	security.protocol = PLAINTEXT
	security.providers = null
	send.buffer.bytes = 131072
	socket.connection.setup.timeout.max.ms = 30000
	socket.connection.setup.timeout.ms = 10000
	ssl.cipher.suites = null
	ssl.enabled.protocols = [TLSv1.2, TLSv1.3]
	ssl.endpoint.identification.algorithm = https
	ssl.engine.factory.class = null
	ssl.key.password = null
	ssl.keymanager.algorithm = SunX509
	ssl.keystore.certificate.chain = null
	ssl.keystore.key = null
	ssl.keystore.location = null
	ssl.keystore.password = null
	ssl.keystore.type = JKS
	ssl.protocol = TLSv1.3
	ssl.provider = null
	ssl.secure.random.implementation = null
	ssl.trustmanager.algorithm = PKIX
	ssl.truststore.certificates = null
	ssl.truststore.location = null
	ssl.truststore.password = null
	ssl.truststore.type = JKS

2026-05-02T14:46:18.122+05:30  INFO 25048 --- [order-service] [main] o.a.kafka.common.utils.AppInfoParser     : Kafka version: 3.9.2
2026-05-02T14:46:18.123+05:30  INFO 25048 --- [order-service] [main] o.a.kafka.common.utils.AppInfoParser     : Kafka commitId: 5e9866f43ab8e7e4
2026-05-02T14:46:18.123+05:30  INFO 25048 --- [order-service] [main] o.a.kafka.common.utils.AppInfoParser     : Kafka startTimeMs: 1777713378122
2026-05-02T14:46:18.610+05:30  INFO 25048 --- [order-service] [kafka-admin-client-thread | order-service-admin-0] o.a.kafka.common.utils.AppInfoParser     : App info kafka.admin.client for order-service-admin-0 unregistered
2026-05-02T14:46:18.614+05:30  INFO 25048 --- [order-service] [kafka-admin-client-thread | order-service-admin-0] o.apache.kafka.common.metrics.Metrics    : Metrics scheduler closed
2026-05-02T14:46:18.614+05:30  INFO 25048 --- [order-service] [kafka-admin-client-thread | order-service-admin-0] o.apache.kafka.common.metrics.Metrics    : Closing reporter org.apache.kafka.common.metrics.JmxReporter
2026-05-02T14:46:18.614+05:30  INFO 25048 --- [order-service] [kafka-admin-client-thread | order-service-admin-0] o.apache.kafka.common.metrics.Metrics    : Metrics reporters closed
2026-05-02T14:46:18.640+05:30  INFO 25048 --- [order-service] [main] o.s.c.n.eureka.InstanceInfoFactory       : Setting initial instance status as: STARTING
2026-05-02T14:46:18.671+05:30  INFO 25048 --- [order-service] [main] com.netflix.discovery.DiscoveryClient    : Initializing Eureka in region us-east-1
2026-05-02T14:46:18.676+05:30  INFO 25048 --- [order-service] [main] c.n.d.s.r.aws.ConfigClusterResolver      : Resolving eureka endpoints via configuration
2026-05-02T14:46:18.687+05:30  INFO 25048 --- [order-service] [main] com.netflix.discovery.DiscoveryClient    : Disable delta property : false
2026-05-02T14:46:18.687+05:30  INFO 25048 --- [order-service] [main] com.netflix.discovery.DiscoveryClient    : Single vip registry refresh property : null
2026-05-02T14:46:18.687+05:30  INFO 25048 --- [order-service] [main] com.netflix.discovery.DiscoveryClient    : Force full registry fetch : false
2026-05-02T14:46:18.688+05:30  INFO 25048 --- [order-service] [main] com.netflix.discovery.DiscoveryClient    : Application is null : false
2026-05-02T14:46:18.688+05:30  INFO 25048 --- [order-service] [main] com.netflix.discovery.DiscoveryClient    : Registered Applications size is zero : true
2026-05-02T14:46:18.688+05:30  INFO 25048 --- [order-service] [main] com.netflix.discovery.DiscoveryClient    : Application version is -1: true
2026-05-02T14:46:18.688+05:30  INFO 25048 --- [order-service] [main] com.netflix.discovery.DiscoveryClient    : Getting all instance registry info from the eureka server
2026-05-02T14:46:19.106+05:30  INFO 25048 --- [order-service] [main] com.netflix.discovery.DiscoveryClient    : The response status is 200
2026-05-02T14:46:19.109+05:30  INFO 25048 --- [order-service] [main] com.netflix.discovery.DiscoveryClient    : Starting heartbeat executor: renew interval is: 30
2026-05-02T14:46:19.112+05:30  INFO 25048 --- [order-service] [main] c.n.discovery.InstanceInfoReplicator     : InstanceInfoReplicator onDemand update allowed rate per min is 4
2026-05-02T14:46:19.114+05:30  INFO 25048 --- [order-service] [main] com.netflix.discovery.DiscoveryClient    : Discovery Client initialized at timestamp 1777713379113 with initial instances count: 3
2026-05-02T14:46:19.123+05:30  INFO 25048 --- [order-service] [main] o.s.c.n.e.s.EurekaServiceRegistry        : Registering application ORDER-SERVICE with eureka with status UP
2026-05-02T14:46:19.124+05:30  INFO 25048 --- [order-service] [main] com.netflix.discovery.DiscoveryClient    : Saw local status change event StatusChangeEvent [timestamp=1777713379124, current=UP, previous=STARTING]
2026-05-02T14:46:19.126+05:30  INFO 25048 --- [order-service] [DiscoveryClient-InstanceInfoReplicator-%d] com.netflix.discovery.DiscoveryClient    : DiscoveryClient_ORDER-SERVICE/NIRANJAN-LAP.mshome.net:order-service:8106: registering service...
2026-05-02T14:46:19.141+05:30  INFO 25048 --- [order-service] [main] o.s.b.w.embedded.tomcat.TomcatWebServer  : Tomcat started on port 8106 (http) with context path '/'
2026-05-02T14:46:19.143+05:30  INFO 25048 --- [order-service] [main] .s.c.n.e.s.EurekaAutoServiceRegistration : Updating port to 8106
2026-05-02T14:46:19.170+05:30  INFO 25048 --- [order-service] [DiscoveryClient-InstanceInfoReplicator-%d] com.netflix.discovery.DiscoveryClient    : DiscoveryClient_ORDER-SERVICE/NIRANJAN-LAP.mshome.net:order-service:8106 - registration status: 204
2026-05-02T14:46:19.177+05:30  INFO 25048 --- [order-service] [main] o.a.k.clients.consumer.ConsumerConfig    : ConsumerConfig values: 
	allow.auto.create.topics = true
	auto.commit.interval.ms = 5000
	auto.include.jmx.reporter = true
	auto.offset.reset = earliest
	bootstrap.servers = [localhost:9092]
	check.crcs = true
	client.dns.lookup = use_all_dns_ips
	client.id = consumer-order-group-1
	client.rack = 
	connections.max.idle.ms = 540000
	default.api.timeout.ms = 60000
	enable.auto.commit = false
	enable.metrics.push = true
	exclude.internal.topics = true
	fetch.max.bytes = 52428800
	fetch.max.wait.ms = 500
	fetch.min.bytes = 1
	group.id = order-group
	group.instance.id = null
	group.protocol = classic
	group.remote.assignor = null
	heartbeat.interval.ms = 3000
	interceptor.classes = []
	internal.leave.group.on.close = true
	internal.throw.on.fetch.stable.offset.unsupported = false
	isolation.level = read_uncommitted
	key.deserializer = class org.apache.kafka.common.serialization.StringDeserializer
	max.partition.fetch.bytes = 1048576
	max.poll.interval.ms = 300000
	max.poll.records = 500
	metadata.max.age.ms = 300000
	metadata.recovery.strategy = none
	metric.reporters = []
	metrics.num.samples = 2
	metrics.recording.level = INFO
	metrics.sample.window.ms = 30000
	partition.assignment.strategy = [class org.apache.kafka.clients.consumer.RangeAssignor, class org.apache.kafka.clients.consumer.CooperativeStickyAssignor]
	receive.buffer.bytes = 65536
	reconnect.backoff.max.ms = 1000
	reconnect.backoff.ms = 50
	request.timeout.ms = 30000
	retry.backoff.max.ms = 1000
	retry.backoff.ms = 100
	sasl.client.callback.handler.class = null
	sasl.jaas.config = null
	sasl.kerberos.kinit.cmd = /usr/bin/kinit
	sasl.kerberos.min.time.before.relogin = 60000
	sasl.kerberos.service.name = null
	sasl.kerberos.ticket.renew.jitter = 0.05
	sasl.kerberos.ticket.renew.window.factor = 0.8
	sasl.login.callback.handler.class = null
	sasl.login.class = null
	sasl.login.connect.timeout.ms = null
	sasl.login.read.timeout.ms = null
	sasl.login.refresh.buffer.seconds = 300
	sasl.login.refresh.min.period.seconds = 60
	sasl.login.refresh.window.factor = 0.8
	sasl.login.refresh.window.jitter = 0.05
	sasl.login.retry.backoff.max.ms = 10000
	sasl.login.retry.backoff.ms = 100
	sasl.mechanism = GSSAPI
	sasl.oauthbearer.clock.skew.seconds = 30
	sasl.oauthbearer.expected.audience = null
	sasl.oauthbearer.expected.issuer = null
	sasl.oauthbearer.header.urlencode = false
	sasl.oauthbearer.jwks.endpoint.refresh.ms = 3600000
	sasl.oauthbearer.jwks.endpoint.retry.backoff.max.ms = 10000
	sasl.oauthbearer.jwks.endpoint.retry.backoff.ms = 100
	sasl.oauthbearer.jwks.endpoint.url = null
	sasl.oauthbearer.scope.claim.name = scope
	sasl.oauthbearer.sub.claim.name = sub
	sasl.oauthbearer.token.endpoint.url = null
	security.protocol = PLAINTEXT
	security.providers = null
	send.buffer.bytes = 131072
	session.timeout.ms = 45000
	socket.connection.setup.timeout.max.ms = 30000
	socket.connection.setup.timeout.ms = 10000
	ssl.cipher.suites = null
	ssl.enabled.protocols = [TLSv1.2, TLSv1.3]
	ssl.endpoint.identification.algorithm = https
	ssl.engine.factory.class = null
	ssl.key.password = null
	ssl.keymanager.algorithm = SunX509
	ssl.keystore.certificate.chain = null
	ssl.keystore.key = null
	ssl.keystore.location = null
	ssl.keystore.password = null
	ssl.keystore.type = JKS
	ssl.protocol = TLSv1.3
	ssl.provider = null
	ssl.secure.random.implementation = null
	ssl.trustmanager.algorithm = PKIX
	ssl.truststore.certificates = null
	ssl.truststore.location = null
	ssl.truststore.password = null
	ssl.truststore.type = JKS
	value.deserializer = class org.springframework.kafka.support.serializer.JsonDeserializer

2026-05-02T14:46:19.212+05:30  INFO 25048 --- [order-service] [main] o.a.k.c.t.i.KafkaMetricsCollector        : initializing Kafka metrics collector
2026-05-02T14:46:19.266+05:30  INFO 25048 --- [order-service] [main] o.a.kafka.common.utils.AppInfoParser     : Kafka version: 3.9.2
2026-05-02T14:46:19.266+05:30  INFO 25048 --- [order-service] [main] o.a.kafka.common.utils.AppInfoParser     : Kafka commitId: 5e9866f43ab8e7e4
2026-05-02T14:46:19.267+05:30  INFO 25048 --- [order-service] [main] o.a.kafka.common.utils.AppInfoParser     : Kafka startTimeMs: 1777713379266
2026-05-02T14:46:19.275+05:30  INFO 25048 --- [order-service] [main] o.a.k.c.c.i.ClassicKafkaConsumer         : [Consumer clientId=consumer-order-group-1, groupId=order-group] Subscribed to topic(s): payment-success
2026-05-02T14:46:19.283+05:30  INFO 25048 --- [order-service] [main] o.a.k.clients.consumer.ConsumerConfig    : ConsumerConfig values: 
	allow.auto.create.topics = true
	auto.commit.interval.ms = 5000
	auto.include.jmx.reporter = true
	auto.offset.reset = earliest
	bootstrap.servers = [localhost:9092]
	check.crcs = true
	client.dns.lookup = use_all_dns_ips
	client.id = consumer-order-group-2
	client.rack = 
	connections.max.idle.ms = 540000
	default.api.timeout.ms = 60000
	enable.auto.commit = false
	enable.metrics.push = true
	exclude.internal.topics = true
	fetch.max.bytes = 52428800
	fetch.max.wait.ms = 500
	fetch.min.bytes = 1
	group.id = order-group
	group.instance.id = null
	group.protocol = classic
	group.remote.assignor = null
	heartbeat.interval.ms = 3000
	interceptor.classes = []
	internal.leave.group.on.close = true
	internal.throw.on.fetch.stable.offset.unsupported = false
	isolation.level = read_uncommitted
	key.deserializer = class org.apache.kafka.common.serialization.StringDeserializer
	max.partition.fetch.bytes = 1048576
	max.poll.interval.ms = 300000
	max.poll.records = 500
	metadata.max.age.ms = 300000
	metadata.recovery.strategy = none
	metric.reporters = []
	metrics.num.samples = 2
	metrics.recording.level = INFO
	metrics.sample.window.ms = 30000
	partition.assignment.strategy = [class org.apache.kafka.clients.consumer.RangeAssignor, class org.apache.kafka.clients.consumer.CooperativeStickyAssignor]
	receive.buffer.bytes = 65536
	reconnect.backoff.max.ms = 1000
	reconnect.backoff.ms = 50
	request.timeout.ms = 30000
	retry.backoff.max.ms = 1000
	retry.backoff.ms = 100
	sasl.client.callback.handler.class = null
	sasl.jaas.config = null
	sasl.kerberos.kinit.cmd = /usr/bin/kinit
	sasl.kerberos.min.time.before.relogin = 60000
	sasl.kerberos.service.name = null
	sasl.kerberos.ticket.renew.jitter = 0.05
	sasl.kerberos.ticket.renew.window.factor = 0.8
	sasl.login.callback.handler.class = null
	sasl.login.class = null
	sasl.login.connect.timeout.ms = null
	sasl.login.read.timeout.ms = null
	sasl.login.refresh.buffer.seconds = 300
	sasl.login.refresh.min.period.seconds = 60
	sasl.login.refresh.window.factor = 0.8
	sasl.login.refresh.window.jitter = 0.05
	sasl.login.retry.backoff.max.ms = 10000
	sasl.login.retry.backoff.ms = 100
	sasl.mechanism = GSSAPI
	sasl.oauthbearer.clock.skew.seconds = 30
	sasl.oauthbearer.expected.audience = null
	sasl.oauthbearer.expected.issuer = null
	sasl.oauthbearer.header.urlencode = false
	sasl.oauthbearer.jwks.endpoint.refresh.ms = 3600000
	sasl.oauthbearer.jwks.endpoint.retry.backoff.max.ms = 10000
	sasl.oauthbearer.jwks.endpoint.retry.backoff.ms = 100
	sasl.oauthbearer.jwks.endpoint.url = null
	sasl.oauthbearer.scope.claim.name = scope
	sasl.oauthbearer.sub.claim.name = sub
	sasl.oauthbearer.token.endpoint.url = null
	security.protocol = PLAINTEXT
	security.providers = null
	send.buffer.bytes = 131072
	session.timeout.ms = 45000
	socket.connection.setup.timeout.max.ms = 30000
	socket.connection.setup.timeout.ms = 10000
	ssl.cipher.suites = null
	ssl.enabled.protocols = [TLSv1.2, TLSv1.3]
	ssl.endpoint.identification.algorithm = https
	ssl.engine.factory.class = null
	ssl.key.password = null
	ssl.keymanager.algorithm = SunX509
	ssl.keystore.certificate.chain = null
	ssl.keystore.key = null
	ssl.keystore.location = null
	ssl.keystore.password = null
	ssl.keystore.type = JKS
	ssl.protocol = TLSv1.3
	ssl.provider = null
	ssl.secure.random.implementation = null
	ssl.trustmanager.algorithm = PKIX
	ssl.truststore.certificates = null
	ssl.truststore.location = null
	ssl.truststore.password = null
	ssl.truststore.type = JKS
	value.deserializer = class org.springframework.kafka.support.serializer.JsonDeserializer

2026-05-02T14:46:19.284+05:30  INFO 25048 --- [order-service] [main] o.a.k.c.t.i.KafkaMetricsCollector        : initializing Kafka metrics collector
2026-05-02T14:46:19.291+05:30  INFO 25048 --- [order-service] [main] o.a.kafka.common.utils.AppInfoParser     : Kafka version: 3.9.2
2026-05-02T14:46:19.292+05:30  INFO 25048 --- [order-service] [main] o.a.kafka.common.utils.AppInfoParser     : Kafka commitId: 5e9866f43ab8e7e4
2026-05-02T14:46:19.292+05:30  INFO 25048 --- [order-service] [main] o.a.kafka.common.utils.AppInfoParser     : Kafka startTimeMs: 1777713379291
2026-05-02T14:46:19.297+05:30  INFO 25048 --- [order-service] [main] o.a.k.c.c.i.ClassicKafkaConsumer         : [Consumer clientId=consumer-order-group-2, groupId=order-group] Subscribed to topic(s): payment-failed
2026-05-02T14:46:19.314+05:30  INFO 25048 --- [order-service] [main] c.n.e.order.OrderServiceApplication      : Started OrderServiceApplication in 9.063 seconds (process running for 9.634)
2026-05-02T14:46:19.318+05:30  WARN 25048 --- [order-service] [org.springframework.kafka.KafkaListenerEndpointContainer#0-0-C-1] org.apache.kafka.clients.NetworkClient   : [Consumer clientId=consumer-order-group-1, groupId=order-group] The metadata response from the cluster reported a recoverable issue with correlation id 3 : {payment-success=LEADER_NOT_AVAILABLE}
2026-05-02T14:46:19.320+05:30  INFO 25048 --- [order-service] [org.springframework.kafka.KafkaListenerEndpointContainer#0-0-C-1] org.apache.kafka.clients.Metadata        : [Consumer clientId=consumer-order-group-1, groupId=order-group] Cluster ID: Hw03Xa2qTEaBMrvTE9-BFQ
2026-05-02T14:46:19.327+05:30  WARN 25048 --- [order-service] [org.springframework.kafka.KafkaListenerEndpointContainer#1-0-C-1] org.apache.kafka.clients.NetworkClient   : [Consumer clientId=consumer-order-group-2, groupId=order-group] The metadata response from the cluster reported a recoverable issue with correlation id 3 : {payment-failed=LEADER_NOT_AVAILABLE}
2026-05-02T14:46:19.328+05:30  INFO 25048 --- [order-service] [org.springframework.kafka.KafkaListenerEndpointContainer#1-0-C-1] org.apache.kafka.clients.Metadata        : [Consumer clientId=consumer-order-group-2, groupId=order-group] Cluster ID: Hw03Xa2qTEaBMrvTE9-BFQ
2026-05-02T14:46:19.478+05:30  WARN 25048 --- [order-service] [org.springframework.kafka.KafkaListenerEndpointContainer#1-0-C-1] org.apache.kafka.clients.NetworkClient   : [Consumer clientId=consumer-order-group-2, groupId=order-group] The metadata response from the cluster reported a recoverable issue with correlation id 7 : {payment-failed=LEADER_NOT_AVAILABLE}
2026-05-02T14:46:21.613+05:30  INFO 25048 --- [order-service] [org.springframework.kafka.KafkaListenerEndpointContainer#0-0-C-1] o.a.k.c.c.internals.ConsumerCoordinator  : [Consumer clientId=consumer-order-group-1, groupId=order-group] Discovered group coordinator NIRANJAN-LAP:9092 (id: 2147483647 rack: null)
2026-05-02T14:46:21.626+05:30  INFO 25048 --- [order-service] [org.springframework.kafka.KafkaListenerEndpointContainer#0-0-C-1] o.a.k.c.c.internals.ConsumerCoordinator  : [Consumer clientId=consumer-order-group-1, groupId=order-group] (Re-)joining group
2026-05-02T14:46:21.677+05:30  INFO 25048 --- [order-service] [org.springframework.kafka.KafkaListenerEndpointContainer#0-0-C-1] o.a.k.c.c.internals.ConsumerCoordinator  : [Consumer clientId=consumer-order-group-1, groupId=order-group] Request joining group due to: need to re-join with the given member-id: consumer-order-group-1-1ba8c380-59a4-4b59-aa0c-a5d2b2e2dc45
2026-05-02T14:46:21.677+05:30  INFO 25048 --- [order-service] [org.springframework.kafka.KafkaListenerEndpointContainer#0-0-C-1] o.a.k.c.c.internals.ConsumerCoordinator  : [Consumer clientId=consumer-order-group-1, groupId=order-group] (Re-)joining group
2026-05-02T14:46:21.716+05:30  INFO 25048 --- [order-service] [org.springframework.kafka.KafkaListenerEndpointContainer#0-0-C-1] o.a.k.c.c.internals.ConsumerCoordinator  : [Consumer clientId=consumer-order-group-1, groupId=order-group] Successfully joined group with generation Generation{generationId=1, memberId='consumer-order-group-1-1ba8c380-59a4-4b59-aa0c-a5d2b2e2dc45', protocol='range'}
2026-05-02T14:46:21.722+05:30  INFO 25048 --- [order-service] [org.springframework.kafka.KafkaListenerEndpointContainer#0-0-C-1] o.a.k.c.c.internals.ConsumerCoordinator  : [Consumer clientId=consumer-order-group-1, groupId=order-group] Finished assignment for group at generation 1: {consumer-order-group-1-1ba8c380-59a4-4b59-aa0c-a5d2b2e2dc45=Assignment(partitions=[payment-success-0])}
2026-05-02T14:46:21.760+05:30  INFO 25048 --- [order-service] [org.springframework.kafka.KafkaListenerEndpointContainer#0-0-C-1] o.a.k.c.c.internals.ConsumerCoordinator  : [Consumer clientId=consumer-order-group-1, groupId=order-group] Successfully synced group in generation Generation{generationId=1, memberId='consumer-order-group-1-1ba8c380-59a4-4b59-aa0c-a5d2b2e2dc45', protocol='range'}
2026-05-02T14:46:21.761+05:30  INFO 25048 --- [order-service] [org.springframework.kafka.KafkaListenerEndpointContainer#0-0-C-1] o.a.k.c.c.internals.ConsumerCoordinator  : [Consumer clientId=consumer-order-group-1, groupId=order-group] Notifying assignor about the new Assignment(partitions=[payment-success-0])
2026-05-02T14:46:21.763+05:30  INFO 25048 --- [order-service] [org.springframework.kafka.KafkaListenerEndpointContainer#0-0-C-1] k.c.c.i.ConsumerRebalanceListenerInvoker : [Consumer clientId=consumer-order-group-1, groupId=order-group] Adding newly assigned partitions: payment-success-0
2026-05-02T14:46:21.784+05:30  INFO 25048 --- [order-service] [org.springframework.kafka.KafkaListenerEndpointContainer#0-0-C-1] o.a.k.c.c.internals.ConsumerCoordinator  : [Consumer clientId=consumer-order-group-1, groupId=order-group] Found no committed offset for partition payment-success-0
2026-05-02T14:46:21.808+05:30  INFO 25048 --- [order-service] [org.springframework.kafka.KafkaListenerEndpointContainer#0-0-C-1] o.a.k.c.c.internals.SubscriptionState    : [Consumer clientId=consumer-order-group-1, groupId=order-group] Resetting offset for partition payment-success-0 to position FetchPosition{offset=0, offsetEpoch=Optional.empty, currentLeader=LeaderAndEpoch{leader=Optional[NIRANJAN-LAP:9092 (id: 0 rack: null)], epoch=0}}.
2026-05-02T14:46:21.809+05:30  INFO 25048 --- [order-service] [org.springframework.kafka.KafkaListenerEndpointContainer#0-0-C-1] o.s.k.l.KafkaMessageListenerContainer    : order-group: partitions assigned: [payment-success-0]
2026-05-02T14:46:22.143+05:30  INFO 25048 --- [order-service] [org.springframework.kafka.KafkaListenerEndpointContainer#1-0-C-1] o.a.k.c.c.internals.ConsumerCoordinator  : [Consumer clientId=consumer-order-group-2, groupId=order-group] Discovered group coordinator NIRANJAN-LAP:9092 (id: 2147483647 rack: null)
2026-05-02T14:46:22.146+05:30  INFO 25048 --- [order-service] [org.springframework.kafka.KafkaListenerEndpointContainer#1-0-C-1] o.a.k.c.c.internals.ConsumerCoordinator  : [Consumer clientId=consumer-order-group-2, groupId=order-group] (Re-)joining group
2026-05-02T14:46:22.159+05:30  INFO 25048 --- [order-service] [org.springframework.kafka.KafkaListenerEndpointContainer#1-0-C-1] o.a.k.c.c.internals.ConsumerCoordinator  : [Consumer clientId=consumer-order-group-2, groupId=order-group] Request joining group due to: need to re-join with the given member-id: consumer-order-group-2-2a9fec7c-b07c-4f6b-92c4-83bd7f932e9c
2026-05-02T14:46:22.159+05:30  INFO 25048 --- [order-service] [org.springframework.kafka.KafkaListenerEndpointContainer#1-0-C-1] o.a.k.c.c.internals.ConsumerCoordinator  : [Consumer clientId=consumer-order-group-2, groupId=order-group] (Re-)joining group
2026-05-02T14:46:24.726+05:30  INFO 25048 --- [order-service] [org.springframework.kafka.KafkaListenerEndpointContainer#0-0-C-1] o.a.k.c.c.internals.ConsumerCoordinator  : [Consumer clientId=consumer-order-group-1, groupId=order-group] Request joining group due to: group is already rebalancing
2026-05-02T14:46:24.727+05:30  INFO 25048 --- [order-service] [org.springframework.kafka.KafkaListenerEndpointContainer#0-0-C-1] k.c.c.i.ConsumerRebalanceListenerInvoker : [Consumer clientId=consumer-order-group-1, groupId=order-group] Revoke previously assigned partitions payment-success-0
2026-05-02T14:46:24.728+05:30  INFO 25048 --- [order-service] [org.springframework.kafka.KafkaListenerEndpointContainer#0-0-C-1] o.s.k.l.KafkaMessageListenerContainer    : order-group: partitions revoked: [payment-success-0]
2026-05-02T14:46:24.728+05:30  INFO 25048 --- [order-service] [org.springframework.kafka.KafkaListenerEndpointContainer#0-0-C-1] o.a.k.c.c.internals.ConsumerCoordinator  : [Consumer clientId=consumer-order-group-1, groupId=order-group] (Re-)joining group
2026-05-02T14:46:24.732+05:30  INFO 25048 --- [order-service] [org.springframework.kafka.KafkaListenerEndpointContainer#1-0-C-1] o.a.k.c.c.internals.ConsumerCoordinator  : [Consumer clientId=consumer-order-group-2, groupId=order-group] Successfully joined group with generation Generation{generationId=2, memberId='consumer-order-group-2-2a9fec7c-b07c-4f6b-92c4-83bd7f932e9c', protocol='range'}
2026-05-02T14:46:24.734+05:30  INFO 25048 --- [order-service] [org.springframework.kafka.KafkaListenerEndpointContainer#0-0-C-1] o.a.k.c.c.internals.ConsumerCoordinator  : [Consumer clientId=consumer-order-group-1, groupId=order-group] Successfully joined group with generation Generation{generationId=2, memberId='consumer-order-group-1-1ba8c380-59a4-4b59-aa0c-a5d2b2e2dc45', protocol='range'}
2026-05-02T14:46:24.991+05:30  INFO 25048 --- [order-service] [org.springframework.kafka.KafkaListenerEndpointContainer#0-0-C-1] o.a.k.c.c.internals.ConsumerCoordinator  : [Consumer clientId=consumer-order-group-1, groupId=order-group] Finished assignment for group at generation 2: {consumer-order-group-2-2a9fec7c-b07c-4f6b-92c4-83bd7f932e9c=Assignment(partitions=[payment-failed-0]), consumer-order-group-1-1ba8c380-59a4-4b59-aa0c-a5d2b2e2dc45=Assignment(partitions=[payment-success-0])}
2026-05-02T14:46:25.004+05:30  INFO 25048 --- [order-service] [org.springframework.kafka.KafkaListenerEndpointContainer#1-0-C-1] o.a.k.c.c.internals.ConsumerCoordinator  : [Consumer clientId=consumer-order-group-2, groupId=order-group] Successfully synced group in generation Generation{generationId=2, memberId='consumer-order-group-2-2a9fec7c-b07c-4f6b-92c4-83bd7f932e9c', protocol='range'}
2026-05-02T14:46:25.005+05:30  INFO 25048 --- [order-service] [org.springframework.kafka.KafkaListenerEndpointContainer#1-0-C-1] o.a.k.c.c.internals.ConsumerCoordinator  : [Consumer clientId=consumer-order-group-2, groupId=order-group] Notifying assignor about the new Assignment(partitions=[payment-failed-0])
2026-05-02T14:46:25.005+05:30  INFO 25048 --- [order-service] [org.springframework.kafka.KafkaListenerEndpointContainer#0-0-C-1] o.a.k.c.c.internals.ConsumerCoordinator  : [Consumer clientId=consumer-order-group-1, groupId=order-group] Successfully synced group in generation Generation{generationId=2, memberId='consumer-order-group-1-1ba8c380-59a4-4b59-aa0c-a5d2b2e2dc45', protocol='range'}
2026-05-02T14:46:25.005+05:30  INFO 25048 --- [order-service] [org.springframework.kafka.KafkaListenerEndpointContainer#1-0-C-1] k.c.c.i.ConsumerRebalanceListenerInvoker : [Consumer clientId=consumer-order-group-2, groupId=order-group] Adding newly assigned partitions: payment-failed-0
2026-05-02T14:46:25.006+05:30  INFO 25048 --- [order-service] [org.springframework.kafka.KafkaListenerEndpointContainer#0-0-C-1] o.a.k.c.c.internals.ConsumerCoordinator  : [Consumer clientId=consumer-order-group-1, groupId=order-group] Notifying assignor about the new Assignment(partitions=[payment-success-0])
2026-05-02T14:46:25.006+05:30  INFO 25048 --- [order-service] [org.springframework.kafka.KafkaListenerEndpointContainer#0-0-C-1] k.c.c.i.ConsumerRebalanceListenerInvoker : [Consumer clientId=consumer-order-group-1, groupId=order-group] Adding newly assigned partitions: payment-success-0
2026-05-02T14:46:25.008+05:30  INFO 25048 --- [order-service] [org.springframework.kafka.KafkaListenerEndpointContainer#1-0-C-1] o.a.k.c.c.internals.ConsumerCoordinator  : [Consumer clientId=consumer-order-group-2, groupId=order-group] Found no committed offset for partition payment-failed-0
2026-05-02T14:46:25.008+05:30  INFO 25048 --- [order-service] [org.springframework.kafka.KafkaListenerEndpointContainer#0-0-C-1] o.a.k.c.c.internals.ConsumerCoordinator  : [Consumer clientId=consumer-order-group-1, groupId=order-group] Found no committed offset for partition payment-success-0
2026-05-02T14:46:25.010+05:30  INFO 25048 --- [order-service] [org.springframework.kafka.KafkaListenerEndpointContainer#1-0-C-1] o.a.k.c.c.internals.SubscriptionState    : [Consumer clientId=consumer-order-group-2, groupId=order-group] Resetting offset for partition payment-failed-0 to position FetchPosition{offset=0, offsetEpoch=Optional.empty, currentLeader=LeaderAndEpoch{leader=Optional[NIRANJAN-LAP:9092 (id: 0 rack: null)], epoch=0}}.
2026-05-02T14:46:25.010+05:30  INFO 25048 --- [order-service] [org.springframework.kafka.KafkaListenerEndpointContainer#0-0-C-1] o.a.k.c.c.internals.SubscriptionState    : [Consumer clientId=consumer-order-group-1, groupId=order-group] Resetting offset for partition payment-success-0 to position FetchPosition{offset=0, offsetEpoch=Optional.empty, currentLeader=LeaderAndEpoch{leader=Optional[NIRANJAN-LAP:9092 (id: 0 rack: null)], epoch=0}}.
2026-05-02T14:46:25.010+05:30  INFO 25048 --- [order-service] [org.springframework.kafka.KafkaListenerEndpointContainer#1-0-C-1] o.s.k.l.KafkaMessageListenerContainer    : order-group: partitions assigned: [payment-failed-0]
2026-05-02T14:46:25.011+05:30  INFO 25048 --- [order-service] [org.springframework.kafka.KafkaListenerEndpointContainer#0-0-C-1] o.s.k.l.KafkaMessageListenerContainer    : order-group: partitions assigned: [payment-success-0]
2026-05-02T14:48:02.229+05:30  INFO 25048 --- [order-service] [http-nio-8106-exec-2] o.a.c.c.C.[Tomcat].[localhost].[/]       : Initializing Spring DispatcherServlet 'dispatcherServlet'
2026-05-02T14:48:02.229+05:30  INFO 25048 --- [order-service] [http-nio-8106-exec-2] o.s.web.servlet.DispatcherServlet        : Initializing Servlet 'dispatcherServlet'
2026-05-02T14:48:02.229+05:30  INFO 25048 --- [order-service] [http-nio-8106-exec-2] o.s.web.servlet.DispatcherServlet        : Completed initialization in 0 ms
2026-05-02T14:48:02.311+05:30  INFO 25048 --- [order-service] [http-nio-8106-exec-2] c.n.e.order.controller.OrderController   : Create Order API called, userId=1
2026-05-02T14:48:02.357+05:30  INFO 25048 --- [order-service] [http-nio-8106-exec-2] c.n.e.o.service.impl.OrderServiceImpl    : Inside OrderServiceImpl - createOrder method, userId=1
2026-05-02T14:48:02.655+05:30  WARN 25048 --- [order-service] [http-nio-8106-exec-2] c.n.e.o.service.impl.OrderServiceImpl    : User not found: 1
2026-05-02T14:48:02.665+05:30 ERROR 25048 --- [order-service] [http-nio-8106-exec-2] c.n.e.o.service.impl.OrderServiceImpl    : Circuit breaker triggered

com.niranjana.ecommerce.order.exception.OrderException: User not found
	at com.niranjana.ecommerce.order.service.impl.OrderServiceImpl.createOrder(OrderServiceImpl.java:56) ~[classes/:na]
	at java.base/jdk.internal.reflect.DirectMethodHandleAccessor.invoke(DirectMethodHandleAccessor.java:103) ~[na:na]
	at java.base/java.lang.reflect.Method.invoke(Method.java:580) ~[na:na]
	at org.springframework.aop.support.AopUtils.invokeJoinpointUsingReflection(AopUtils.java:360) ~[spring-aop-6.2.18.jar:6.2.18]
	at org.springframework.aop.framework.ReflectiveMethodInvocation.invokeJoinpoint(ReflectiveMethodInvocation.java:196) ~[spring-aop-6.2.18.jar:6.2.18]
	at org.springframework.aop.framework.ReflectiveMethodInvocation.proceed(ReflectiveMethodInvocation.java:163) ~[spring-aop-6.2.18.jar:6.2.18]
	at org.springframework.transaction.interceptor.TransactionAspectSupport.invokeWithinTransaction(TransactionAspectSupport.java:380) ~[spring-tx-6.2.18.jar:6.2.18]
	at org.springframework.transaction.interceptor.TransactionInterceptor.invoke(TransactionInterceptor.java:119) ~[spring-tx-6.2.18.jar:6.2.18]
	at org.springframework.aop.framework.ReflectiveMethodInvocation.proceed(ReflectiveMethodInvocation.java:184) ~[spring-aop-6.2.18.jar:6.2.18]
	at org.springframework.aop.aspectj.MethodInvocationProceedingJoinPoint.proceed(MethodInvocationProceedingJoinPoint.java:89) ~[spring-aop-6.2.18.jar:6.2.18]
	at io.github.resilience4j.circuitbreaker.CircuitBreaker.lambda$decorateCheckedSupplier$0(CircuitBreaker.java:71) ~[resilience4j-circuitbreaker-2.2.0.jar:2.2.0]
	at io.github.resilience4j.circuitbreaker.CircuitBreaker.executeCheckedSupplier(CircuitBreaker.java:739) ~[resilience4j-circuitbreaker-2.2.0.jar:2.2.0]
	at io.github.resilience4j.spring6.circuitbreaker.configure.CircuitBreakerAspect.defaultHandling(CircuitBreakerAspect.java:179) ~[resilience4j-spring6-2.2.0.jar:2.2.0]
	at io.github.resilience4j.spring6.circuitbreaker.configure.CircuitBreakerAspect.proceed(CircuitBreakerAspect.java:126) ~[resilience4j-spring6-2.2.0.jar:2.2.0]
	at io.github.resilience4j.spring6.circuitbreaker.configure.CircuitBreakerAspect.lambda$circuitBreakerAroundAdvice$0(CircuitBreakerAspect.java:108) ~[resilience4j-spring6-2.2.0.jar:2.2.0]
	at io.github.resilience4j.spring6.fallback.DefaultFallbackDecorator.lambda$decorate$0(DefaultFallbackDecorator.java:36) ~[resilience4j-spring6-2.2.0.jar:2.2.0]
	at io.github.resilience4j.spring6.fallback.FallbackExecutor.execute(FallbackExecutor.java:39) ~[resilience4j-spring6-2.2.0.jar:2.2.0]
	at io.github.resilience4j.spring6.circuitbreaker.configure.CircuitBreakerAspect.circuitBreakerAroundAdvice(CircuitBreakerAspect.java:109) ~[resilience4j-spring6-2.2.0.jar:2.2.0]
	at java.base/jdk.internal.reflect.DirectMethodHandleAccessor.invoke(DirectMethodHandleAccessor.java:103) ~[na:na]
	at java.base/java.lang.reflect.Method.invoke(Method.java:580) ~[na:na]
	at org.springframework.aop.aspectj.AbstractAspectJAdvice.invokeAdviceMethodWithGivenArgs(AbstractAspectJAdvice.java:649) ~[spring-aop-6.2.18.jar:6.2.18]
	at org.springframework.aop.aspectj.AbstractAspectJAdvice.invokeAdviceMethod(AbstractAspectJAdvice.java:631) ~[spring-aop-6.2.18.jar:6.2.18]
	at org.springframework.aop.aspectj.AspectJAroundAdvice.invoke(AspectJAroundAdvice.java:71) ~[spring-aop-6.2.18.jar:6.2.18]
	at org.springframework.aop.framework.ReflectiveMethodInvocation.proceed(ReflectiveMethodInvocation.java:173) ~[spring-aop-6.2.18.jar:6.2.18]
	at org.springframework.aop.interceptor.ExposeInvocationInterceptor.invoke(ExposeInvocationInterceptor.java:97) ~[spring-aop-6.2.18.jar:6.2.18]
	at org.springframework.aop.framework.ReflectiveMethodInvocation.proceed(ReflectiveMethodInvocation.java:184) ~[spring-aop-6.2.18.jar:6.2.18]
	at org.springframework.aop.framework.CglibAopProxy$DynamicAdvisedInterceptor.intercept(CglibAopProxy.java:728) ~[spring-aop-6.2.18.jar:6.2.18]
	at com.niranjana.ecommerce.order.service.impl.OrderServiceImpl$$SpringCGLIB$$0.createOrder(<generated>) ~[classes/:na]
	at com.niranjana.ecommerce.order.controller.OrderController.createOrder(OrderController.java:36) ~[classes/:na]
	at java.base/jdk.internal.reflect.DirectMethodHandleAccessor.invoke(DirectMethodHandleAccessor.java:103) ~[na:na]
	at java.base/java.lang.reflect.Method.invoke(Method.java:580) ~[na:na]
	at org.springframework.web.method.support.InvocableHandlerMethod.doInvoke(InvocableHandlerMethod.java:258) ~[spring-web-6.2.18.jar:6.2.18]
	at org.springframework.web.method.support.InvocableHandlerMethod.invokeForRequest(InvocableHandlerMethod.java:191) ~[spring-web-6.2.18.jar:6.2.18]
	at org.springframework.web.servlet.mvc.method.annotation.ServletInvocableHandlerMethod.invokeAndHandle(ServletInvocableHandlerMethod.java:118) ~[spring-webmvc-6.2.18.jar:6.2.18]
	at org.springframework.web.servlet.mvc.method.annotation.RequestMappingHandlerAdapter.invokeHandlerMethod(RequestMappingHandlerAdapter.java:991) ~[spring-webmvc-6.2.18.jar:6.2.18]
	at org.springframework.web.servlet.mvc.method.annotation.RequestMappingHandlerAdapter.handleInternal(RequestMappingHandlerAdapter.java:896) ~[spring-webmvc-6.2.18.jar:6.2.18]
	at org.springframework.web.servlet.mvc.method.AbstractHandlerMethodAdapter.handle(AbstractHandlerMethodAdapter.java:87) ~[spring-webmvc-6.2.18.jar:6.2.18]
	at org.springframework.web.servlet.DispatcherServlet.doDispatch(DispatcherServlet.java:1089) ~[spring-webmvc-6.2.18.jar:6.2.18]
	at org.springframework.web.servlet.DispatcherServlet.doService(DispatcherServlet.java:979) ~[spring-webmvc-6.2.18.jar:6.2.18]
	at org.springframework.web.servlet.FrameworkServlet.processRequest(FrameworkServlet.java:1014) ~[spring-webmvc-6.2.18.jar:6.2.18]
	at org.springframework.web.servlet.FrameworkServlet.doPost(FrameworkServlet.java:914) ~[spring-webmvc-6.2.18.jar:6.2.18]
	at jakarta.servlet.http.HttpServlet.service(HttpServlet.java:590) ~[tomcat-embed-core-10.1.54.jar:6.0]
	at org.springframework.web.servlet.FrameworkServlet.service(FrameworkServlet.java:885) ~[spring-webmvc-6.2.18.jar:6.2.18]
	at jakarta.servlet.http.HttpServlet.service(HttpServlet.java:658) ~[tomcat-embed-core-10.1.54.jar:6.0]
	at org.apache.catalina.core.ApplicationFilterChain.internalDoFilter(ApplicationFilterChain.java:193) ~[tomcat-embed-core-10.1.54.jar:10.1.54]
	at org.apache.catalina.core.ApplicationFilterChain.doFilter(ApplicationFilterChain.java:138) ~[tomcat-embed-core-10.1.54.jar:10.1.54]
	at org.apache.tomcat.websocket.server.WsFilter.doFilter(WsFilter.java:51) ~[tomcat-embed-websocket-10.1.54.jar:10.1.54]
	at org.apache.catalina.core.ApplicationFilterChain.internalDoFilter(ApplicationFilterChain.java:162) ~[tomcat-embed-core-10.1.54.jar:10.1.54]
	at org.apache.catalina.core.ApplicationFilterChain.doFilter(ApplicationFilterChain.java:138) ~[tomcat-embed-core-10.1.54.jar:10.1.54]
	at org.springframework.web.filter.RequestContextFilter.doFilterInternal(RequestContextFilter.java:100) ~[spring-web-6.2.18.jar:6.2.18]
	at org.springframework.web.filter.OncePerRequestFilter.doFilter(OncePerRequestFilter.java:116) ~[spring-web-6.2.18.jar:6.2.18]
	at org.apache.catalina.core.ApplicationFilterChain.internalDoFilter(ApplicationFilterChain.java:162) ~[tomcat-embed-core-10.1.54.jar:10.1.54]
	at org.apache.catalina.core.ApplicationFilterChain.doFilter(ApplicationFilterChain.java:138) ~[tomcat-embed-core-10.1.54.jar:10.1.54]
	at org.springframework.web.filter.FormContentFilter.doFilterInternal(FormContentFilter.java:93) ~[spring-web-6.2.18.jar:6.2.18]
	at org.springframework.web.filter.OncePerRequestFilter.doFilter(OncePerRequestFilter.java:116) ~[spring-web-6.2.18.jar:6.2.18]
	at org.apache.catalina.core.ApplicationFilterChain.internalDoFilter(ApplicationFilterChain.java:162) ~[tomcat-embed-core-10.1.54.jar:10.1.54]
	at org.apache.catalina.core.ApplicationFilterChain.doFilter(ApplicationFilterChain.java:138) ~[tomcat-embed-core-10.1.54.jar:10.1.54]
	at org.springframework.web.filter.ServerHttpObservationFilter.doFilterInternal(ServerHttpObservationFilter.java:110) ~[spring-web-6.2.18.jar:6.2.18]
	at org.springframework.web.filter.OncePerRequestFilter.doFilter(OncePerRequestFilter.java:116) ~[spring-web-6.2.18.jar:6.2.18]
	at org.apache.catalina.core.ApplicationFilterChain.internalDoFilter(ApplicationFilterChain.java:162) ~[tomcat-embed-core-10.1.54.jar:10.1.54]
	at org.apache.catalina.core.ApplicationFilterChain.doFilter(ApplicationFilterChain.java:138) ~[tomcat-embed-core-10.1.54.jar:10.1.54]
	at org.springframework.web.filter.CharacterEncodingFilter.doFilterInternal(CharacterEncodingFilter.java:201) ~[spring-web-6.2.18.jar:6.2.18]
	at org.springframework.web.filter.OncePerRequestFilter.doFilter(OncePerRequestFilter.java:116) ~[spring-web-6.2.18.jar:6.2.18]
	at org.apache.catalina.core.ApplicationFilterChain.internalDoFilter(ApplicationFilterChain.java:162) ~[tomcat-embed-core-10.1.54.jar:10.1.54]
	at org.apache.catalina.core.ApplicationFilterChain.doFilter(ApplicationFilterChain.java:138) ~[tomcat-embed-core-10.1.54.jar:10.1.54]
	at org.apache.catalina.core.StandardWrapperValve.invoke(StandardWrapperValve.java:165) ~[tomcat-embed-core-10.1.54.jar:10.1.54]
	at org.apache.catalina.core.StandardContextValve.invoke(StandardContextValve.java:88) ~[tomcat-embed-core-10.1.54.jar:10.1.54]
	at org.apache.catalina.authenticator.AuthenticatorBase.invoke(AuthenticatorBase.java:492) ~[tomcat-embed-core-10.1.54.jar:10.1.54]
	at org.apache.catalina.core.StandardHostValve.invoke(StandardHostValve.java:113) ~[tomcat-embed-core-10.1.54.jar:10.1.54]
	at org.apache.catalina.valves.ErrorReportValve.invoke(ErrorReportValve.java:83) ~[tomcat-embed-core-10.1.54.jar:10.1.54]
	at org.apache.catalina.core.StandardEngineValve.invoke(StandardEngineValve.java:72) ~[tomcat-embed-core-10.1.54.jar:10.1.54]
	at org.apache.catalina.connector.CoyoteAdapter.service(CoyoteAdapter.java:342) ~[tomcat-embed-core-10.1.54.jar:10.1.54]
	at org.apache.coyote.http11.Http11Processor.service(Http11Processor.java:399) ~[tomcat-embed-core-10.1.54.jar:10.1.54]
	at org.apache.coyote.AbstractProcessorLight.process(AbstractProcessorLight.java:63) ~[tomcat-embed-core-10.1.54.jar:10.1.54]
	at org.apache.coyote.AbstractProtocol$ConnectionHandler.process(AbstractProtocol.java:903) ~[tomcat-embed-core-10.1.54.jar:10.1.54]
	at org.apache.tomcat.util.net.NioEndpoint$SocketProcessor.doRun(NioEndpoint.java:1797) ~[tomcat-embed-core-10.1.54.jar:10.1.54]
	at org.apache.tomcat.util.net.SocketProcessorBase.run(SocketProcessorBase.java:52) ~[tomcat-embed-core-10.1.54.jar:10.1.54]
	at org.apache.tomcat.util.threads.ThreadPoolExecutor.runWorker(ThreadPoolExecutor.java:973) ~[tomcat-embed-core-10.1.54.jar:10.1.54]
	at org.apache.tomcat.util.threads.ThreadPoolExecutor$Worker.run(ThreadPoolExecutor.java:491) ~[tomcat-embed-core-10.1.54.jar:10.1.54]
	at org.apache.tomcat.util.threads.TaskThread$WrappingRunnable.run(TaskThread.java:63) ~[tomcat-embed-core-10.1.54.jar:10.1.54]
	at java.base/java.lang.Thread.run(Thread.java:1583) ~[na:na]

2026-05-02T14:51:02.600+05:30  INFO 25048 --- [order-service] [http-nio-8106-exec-3] c.n.e.order.controller.OrderController   : Create Order API called, userId=6
2026-05-02T14:51:02.604+05:30  INFO 25048 --- [order-service] [http-nio-8106-exec-3] c.n.e.o.service.impl.OrderServiceImpl    : Inside OrderServiceImpl - createOrder method, userId=6
2026-05-02T14:51:02.891+05:30  INFO 25048 --- [order-service] [http-nio-8106-exec-3] c.n.e.o.service.impl.OrderServiceImpl    : Order created with ID=7
2026-05-02T14:51:02.891+05:30  INFO 25048 --- [order-service] [http-nio-8106-exec-3] c.n.e.order.producer.OrderProducer       : Sending Order Event to Kafka: com.niranjana.ecommerce.order.producer.event.OrderEvent@5e08843d
2026-05-02T14:51:02.907+05:30  INFO 25048 --- [order-service] [http-nio-8106-exec-3] o.a.k.clients.producer.ProducerConfig    : ProducerConfig values: 
	acks = -1
	auto.include.jmx.reporter = true
	batch.size = 16384
	bootstrap.servers = [localhost:9092]
	buffer.memory = 33554432
	client.dns.lookup = use_all_dns_ips
	client.id = order-service-producer-1
	compression.gzip.level = -1
	compression.lz4.level = 9
	compression.type = none
	compression.zstd.level = 3
	connections.max.idle.ms = 540000
	delivery.timeout.ms = 120000
	enable.idempotence = true
	enable.metrics.push = true
	interceptor.classes = []
	key.serializer = class org.apache.kafka.common.serialization.StringSerializer
	linger.ms = 0
	max.block.ms = 60000
	max.in.flight.requests.per.connection = 5
	max.request.size = 1048576
	metadata.max.age.ms = 300000
	metadata.max.idle.ms = 300000
	metadata.recovery.strategy = none
	metric.reporters = []
	metrics.num.samples = 2
	metrics.recording.level = INFO
	metrics.sample.window.ms = 30000
	partitioner.adaptive.partitioning.enable = true
	partitioner.availability.timeout.ms = 0
	partitioner.class = null
	partitioner.ignore.keys = false
	receive.buffer.bytes = 32768
	reconnect.backoff.max.ms = 1000
	reconnect.backoff.ms = 50
	request.timeout.ms = 30000
	retries = 3
	retry.backoff.max.ms = 1000
	retry.backoff.ms = 100
	sasl.client.callback.handler.class = null
	sasl.jaas.config = null
	sasl.kerberos.kinit.cmd = /usr/bin/kinit
	sasl.kerberos.min.time.before.relogin = 60000
	sasl.kerberos.service.name = null
	sasl.kerberos.ticket.renew.jitter = 0.05
	sasl.kerberos.ticket.renew.window.factor = 0.8
	sasl.login.callback.handler.class = null
	sasl.login.class = null
	sasl.login.connect.timeout.ms = null
	sasl.login.read.timeout.ms = null
	sasl.login.refresh.buffer.seconds = 300
	sasl.login.refresh.min.period.seconds = 60
	sasl.login.refresh.window.factor = 0.8
	sasl.login.refresh.window.jitter = 0.05
	sasl.login.retry.backoff.max.ms = 10000
	sasl.login.retry.backoff.ms = 100
	sasl.mechanism = GSSAPI
	sasl.oauthbearer.clock.skew.seconds = 30
	sasl.oauthbearer.expected.audience = null
	sasl.oauthbearer.expected.issuer = null
	sasl.oauthbearer.header.urlencode = false
	sasl.oauthbearer.jwks.endpoint.refresh.ms = 3600000
	sasl.oauthbearer.jwks.endpoint.retry.backoff.max.ms = 10000
	sasl.oauthbearer.jwks.endpoint.retry.backoff.ms = 100
	sasl.oauthbearer.jwks.endpoint.url = null
	sasl.oauthbearer.scope.claim.name = scope
	sasl.oauthbearer.sub.claim.name = sub
	sasl.oauthbearer.token.endpoint.url = null
	security.protocol = PLAINTEXT
	security.providers = null
	send.buffer.bytes = 131072
	socket.connection.setup.timeout.max.ms = 30000
	socket.connection.setup.timeout.ms = 10000
	ssl.cipher.suites = null
	ssl.enabled.protocols = [TLSv1.2, TLSv1.3]
	ssl.endpoint.identification.algorithm = https
	ssl.engine.factory.class = null
	ssl.key.password = null
	ssl.keymanager.algorithm = SunX509
	ssl.keystore.certificate.chain = null
	ssl.keystore.key = null
	ssl.keystore.location = null
	ssl.keystore.password = null
	ssl.keystore.type = JKS
	ssl.protocol = TLSv1.3
	ssl.provider = null
	ssl.secure.random.implementation = null
	ssl.trustmanager.algorithm = PKIX
	ssl.truststore.certificates = null
	ssl.truststore.location = null
	ssl.truststore.password = null
	ssl.truststore.type = JKS
	transaction.timeout.ms = 60000
	transactional.id = null
	value.serializer = class org.springframework.kafka.support.serializer.JsonSerializer

2026-05-02T14:51:02.907+05:30  INFO 25048 --- [order-service] [http-nio-8106-exec-3] o.a.k.c.t.i.KafkaMetricsCollector        : initializing Kafka metrics collector
2026-05-02T14:51:02.935+05:30  INFO 25048 --- [order-service] [http-nio-8106-exec-3] o.a.k.clients.producer.KafkaProducer     : [Producer clientId=order-service-producer-1] Instantiated an idempotent producer.
2026-05-02T14:51:02.973+05:30  INFO 25048 --- [order-service] [http-nio-8106-exec-3] o.a.kafka.common.utils.AppInfoParser     : Kafka version: 3.9.2
2026-05-02T14:51:02.973+05:30  INFO 25048 --- [order-service] [http-nio-8106-exec-3] o.a.kafka.common.utils.AppInfoParser     : Kafka commitId: 5e9866f43ab8e7e4
2026-05-02T14:51:02.973+05:30  INFO 25048 --- [order-service] [http-nio-8106-exec-3] o.a.kafka.common.utils.AppInfoParser     : Kafka startTimeMs: 1777713662973
2026-05-02T14:51:02.989+05:30  INFO 25048 --- [order-service] [kafka-producer-network-thread | order-service-producer-1] org.apache.kafka.clients.Metadata        : [Producer clientId=order-service-producer-1] Cluster ID: Hw03Xa2qTEaBMrvTE9-BFQ
2026-05-02T14:51:02.991+05:30  INFO 25048 --- [order-service] [kafka-producer-network-thread | order-service-producer-1] o.a.k.c.p.internals.TransactionManager   : [Producer clientId=order-service-producer-1] ProducerId set to 1 with epoch 0
2026-05-02T14:51:03.022+05:30  INFO 25048 --- [order-service] [http-nio-8106-exec-3] c.n.e.order.producer.OrderProducer       : Order Event sent successfully for orderId=7
2026-05-02T14:51:18.698+05:30  INFO 25048 --- [order-service] [AsyncResolver-bootstrap-executor-%d] c.n.d.s.r.aws.ConfigClusterResolver      : Resolving eureka endpoints via configuration
2026-05-02T14:56:18.713+05:30  INFO 25048 --- [order-service] [AsyncResolver-bootstrap-executor-%d] c.n.d.s.r.aws.ConfigClusterResolver      : Resolving eureka endpoints via configuration
2026-05-02T15:01:18.720+05:30  INFO 25048 --- [order-service] [AsyncResolver-bootstrap-executor-%d] c.n.d.s.r.aws.ConfigClusterResolver      : Resolving eureka endpoints via configuration
2026-05-02T15:03:44.531+05:30  INFO 28336 --- [order-service] [main] c.n.e.order.OrderServiceApplication      : Starting OrderServiceApplication using Java 21.0.10 with PID 28336 (C:\EmbarkX\ecommerce-microservices\order-service\target\classes started by niran in C:\EmbarkX\ecommerce-microservices\order-service)
2026-05-02T15:03:44.534+05:30 DEBUG 28336 --- [order-service] [main] c.n.e.order.OrderServiceApplication      : Running with Spring Boot v3.5.14, Spring v6.2.18
2026-05-02T15:03:44.536+05:30  INFO 28336 --- [order-service] [main] c.n.e.order.OrderServiceApplication      : No active profile set, falling back to 1 default profile: "default"
2026-05-02T15:03:45.913+05:30  INFO 28336 --- [order-service] [main] .s.d.r.c.RepositoryConfigurationDelegate : Bootstrapping Spring Data JPA repositories in DEFAULT mode.
2026-05-02T15:03:46.053+05:30  INFO 28336 --- [order-service] [main] .s.d.r.c.RepositoryConfigurationDelegate : Finished Spring Data repository scanning in 128 ms. Found 1 JPA repository interface.
2026-05-02T15:03:46.481+05:30  INFO 28336 --- [order-service] [main] o.s.cloud.context.scope.GenericScope     : BeanFactory id=44a7435c-4d4b-3c4a-95ad-967db0b7f98d
2026-05-02T15:03:47.398+05:30  INFO 28336 --- [order-service] [main] o.s.b.w.embedded.tomcat.TomcatWebServer  : Tomcat initialized with port 8106 (http)
2026-05-02T15:03:47.410+05:30  INFO 28336 --- [order-service] [main] o.apache.catalina.core.StandardService   : Starting service [Tomcat]
2026-05-02T15:03:47.411+05:30  INFO 28336 --- [order-service] [main] o.apache.catalina.core.StandardEngine    : Starting Servlet engine: [Apache Tomcat/10.1.54]
2026-05-02T15:03:47.487+05:30  INFO 28336 --- [order-service] [main] o.a.c.c.C.[Tomcat].[localhost].[/]       : Initializing Spring embedded WebApplicationContext
2026-05-02T15:03:47.488+05:30  INFO 28336 --- [order-service] [main] w.s.c.ServletWebServerApplicationContext : Root WebApplicationContext: initialization completed in 2870 ms
2026-05-02T15:03:48.066+05:30  INFO 28336 --- [order-service] [main] o.hibernate.jpa.internal.util.LogHelper  : HHH000204: Processing PersistenceUnitInfo [name: default]
2026-05-02T15:03:48.146+05:30  INFO 28336 --- [order-service] [main] org.hibernate.Version                    : HHH000412: Hibernate ORM core version 6.6.49.Final
2026-05-02T15:03:48.208+05:30  INFO 28336 --- [order-service] [main] o.h.c.internal.RegionFactoryInitiator    : HHH000026: Second-level cache disabled
2026-05-02T15:03:48.535+05:30  INFO 28336 --- [order-service] [main] o.s.o.j.p.SpringPersistenceUnitInfo      : No LoadTimeWeaver setup: ignoring JPA class transformer
2026-05-02T15:03:48.566+05:30  INFO 28336 --- [order-service] [main] com.zaxxer.hikari.HikariDataSource       : HikariPool-1 - Starting...
2026-05-02T15:03:48.744+05:30  INFO 28336 --- [order-service] [main] com.zaxxer.hikari.pool.HikariPool        : HikariPool-1 - Added connection org.postgresql.jdbc.PgConnection@410f1452
2026-05-02T15:03:48.746+05:30  INFO 28336 --- [order-service] [main] com.zaxxer.hikari.HikariDataSource       : HikariPool-1 - Start completed.
2026-05-02T15:03:48.780+05:30  WARN 28336 --- [order-service] [main] org.hibernate.orm.deprecation            : HHH90000025: PostgreSQLDialect does not need to be specified explicitly using 'hibernate.dialect' (remove the property setting and it will be selected by default)
2026-05-02T15:03:48.794+05:30  INFO 28336 --- [order-service] [main] org.hibernate.orm.connections.pooling    : HHH10001005: Database info:
	Database JDBC URL [Connecting through datasource 'HikariDataSource (HikariPool-1)']
	Database driver: undefined/unknown
	Database version: 18.1
	Autocommit mode: undefined/unknown
	Isolation level: undefined/unknown
	Minimum pool size: undefined/unknown
	Maximum pool size: undefined/unknown
2026-05-02T15:03:49.744+05:30  INFO 28336 --- [order-service] [main] o.h.e.t.j.p.i.JtaPlatformInitiator       : HHH000489: No JTA platform available (set 'hibernate.transaction.jta.platform' to enable JTA platform integration)
2026-05-02T15:03:49.834+05:30  INFO 28336 --- [order-service] [main] j.LocalContainerEntityManagerFactoryBean : Initialized JPA EntityManagerFactory for persistence unit 'default'
2026-05-02T15:03:50.445+05:30  WARN 28336 --- [order-service] [main] JpaBaseConfiguration$JpaWebConfiguration : spring.jpa.open-in-view is enabled by default. Therefore, database queries may be performed during view rendering. Explicitly configure spring.jpa.open-in-view to disable this warning
2026-05-02T15:03:50.568+05:30  INFO 28336 --- [order-service] [main] o.s.c.openfeign.FeignClientFactoryBean   : For 'cart-service' URL not provided. Will try picking an instance via load-balancing.
2026-05-02T15:03:50.660+05:30  INFO 28336 --- [order-service] [main] o.s.c.openfeign.FeignClientFactoryBean   : For 'user-service' URL not provided. Will try picking an instance via load-balancing.
2026-05-02T15:03:50.678+05:30  INFO 28336 --- [order-service] [main] o.s.c.openfeign.FeignClientFactoryBean   : For 'payment-service' URL not provided. Will try picking an instance via load-balancing.
2026-05-02T15:03:52.407+05:30  INFO 28336 --- [order-service] [main] DiscoveryClientOptionalArgsConfiguration : Eureka HTTP Client uses RestTemplate.
2026-05-02T15:03:52.462+05:30  WARN 28336 --- [order-service] [main] iguration$LoadBalancerCaffeineWarnLogger : Spring Cloud LoadBalancer is currently working with the default cache. While this cache implementation is useful for development and tests, it's recommended to use Caffeine cache in production.You can switch to using Caffeine cache, by adding it and org.springframework.cache.caffeine.CaffeineCacheManager to the classpath.
2026-05-02T15:03:52.482+05:30  INFO 28336 --- [order-service] [main] o.s.b.a.e.web.EndpointLinksResolver      : Exposing 27 endpoints beneath base path '/actuator'
2026-05-02T15:03:52.608+05:30  INFO 28336 --- [order-service] [main] o.a.k.clients.admin.AdminClientConfig    : AdminClientConfig values: 
	auto.include.jmx.reporter = true
	bootstrap.controllers = []
	bootstrap.servers = [localhost:9092]
	client.dns.lookup = use_all_dns_ips
	client.id = order-service-admin-0
	connections.max.idle.ms = 300000
	default.api.timeout.ms = 60000
	enable.metrics.push = true
	metadata.max.age.ms = 300000
	metadata.recovery.strategy = none
	metric.reporters = []
	metrics.num.samples = 2
	metrics.recording.level = INFO
	metrics.sample.window.ms = 30000
	receive.buffer.bytes = 65536
	reconnect.backoff.max.ms = 1000
	reconnect.backoff.ms = 50
	request.timeout.ms = 30000
	retries = 2147483647
	retry.backoff.max.ms = 1000
	retry.backoff.ms = 100
	sasl.client.callback.handler.class = null
	sasl.jaas.config = null
	sasl.kerberos.kinit.cmd = /usr/bin/kinit
	sasl.kerberos.min.time.before.relogin = 60000
	sasl.kerberos.service.name = null
	sasl.kerberos.ticket.renew.jitter = 0.05
	sasl.kerberos.ticket.renew.window.factor = 0.8
	sasl.login.callback.handler.class = null
	sasl.login.class = null
	sasl.login.connect.timeout.ms = null
	sasl.login.read.timeout.ms = null
	sasl.login.refresh.buffer.seconds = 300
	sasl.login.refresh.min.period.seconds = 60
	sasl.login.refresh.window.factor = 0.8
	sasl.login.refresh.window.jitter = 0.05
	sasl.login.retry.backoff.max.ms = 10000
	sasl.login.retry.backoff.ms = 100
	sasl.mechanism = GSSAPI
	sasl.oauthbearer.clock.skew.seconds = 30
	sasl.oauthbearer.expected.audience = null
	sasl.oauthbearer.expected.issuer = null
	sasl.oauthbearer.header.urlencode = false
	sasl.oauthbearer.jwks.endpoint.refresh.ms = 3600000
	sasl.oauthbearer.jwks.endpoint.retry.backoff.max.ms = 10000
	sasl.oauthbearer.jwks.endpoint.retry.backoff.ms = 100
	sasl.oauthbearer.jwks.endpoint.url = null
	sasl.oauthbearer.scope.claim.name = scope
	sasl.oauthbearer.sub.claim.name = sub
	sasl.oauthbearer.token.endpoint.url = null
	security.protocol = PLAINTEXT
	security.providers = null
	send.buffer.bytes = 131072
	socket.connection.setup.timeout.max.ms = 30000
	socket.connection.setup.timeout.ms = 10000
	ssl.cipher.suites = null
	ssl.enabled.protocols = [TLSv1.2, TLSv1.3]
	ssl.endpoint.identification.algorithm = https
	ssl.engine.factory.class = null
	ssl.key.password = null
	ssl.keymanager.algorithm = SunX509
	ssl.keystore.certificate.chain = null
	ssl.keystore.key = null
	ssl.keystore.location = null
	ssl.keystore.password = null
	ssl.keystore.type = JKS
	ssl.protocol = TLSv1.3
	ssl.provider = null
	ssl.secure.random.implementation = null
	ssl.trustmanager.algorithm = PKIX
	ssl.truststore.certificates = null
	ssl.truststore.location = null
	ssl.truststore.password = null
	ssl.truststore.type = JKS

2026-05-02T15:03:52.737+05:30  INFO 28336 --- [order-service] [main] o.a.kafka.common.utils.AppInfoParser     : Kafka version: 3.9.2
2026-05-02T15:03:52.738+05:30  INFO 28336 --- [order-service] [main] o.a.kafka.common.utils.AppInfoParser     : Kafka commitId: 5e9866f43ab8e7e4
2026-05-02T15:03:52.738+05:30  INFO 28336 --- [order-service] [main] o.a.kafka.common.utils.AppInfoParser     : Kafka startTimeMs: 1777714432737
2026-05-02T15:03:53.021+05:30  INFO 28336 --- [order-service] [kafka-admin-client-thread | order-service-admin-0] o.a.kafka.common.utils.AppInfoParser     : App info kafka.admin.client for order-service-admin-0 unregistered
2026-05-02T15:03:53.025+05:30  INFO 28336 --- [order-service] [kafka-admin-client-thread | order-service-admin-0] o.apache.kafka.common.metrics.Metrics    : Metrics scheduler closed
2026-05-02T15:03:53.025+05:30  INFO 28336 --- [order-service] [kafka-admin-client-thread | order-service-admin-0] o.apache.kafka.common.metrics.Metrics    : Closing reporter org.apache.kafka.common.metrics.JmxReporter
2026-05-02T15:03:53.025+05:30  INFO 28336 --- [order-service] [kafka-admin-client-thread | order-service-admin-0] o.apache.kafka.common.metrics.Metrics    : Metrics reporters closed
2026-05-02T15:03:53.040+05:30  INFO 28336 --- [order-service] [main] o.s.c.n.eureka.InstanceInfoFactory       : Setting initial instance status as: STARTING
2026-05-02T15:03:53.066+05:30  INFO 28336 --- [order-service] [main] com.netflix.discovery.DiscoveryClient    : Initializing Eureka in region us-east-1
2026-05-02T15:03:53.075+05:30  INFO 28336 --- [order-service] [main] c.n.d.s.r.aws.ConfigClusterResolver      : Resolving eureka endpoints via configuration
2026-05-02T15:03:53.086+05:30  INFO 28336 --- [order-service] [main] com.netflix.discovery.DiscoveryClient    : Disable delta property : false
2026-05-02T15:03:53.086+05:30  INFO 28336 --- [order-service] [main] com.netflix.discovery.DiscoveryClient    : Single vip registry refresh property : null
2026-05-02T15:03:53.086+05:30  INFO 28336 --- [order-service] [main] com.netflix.discovery.DiscoveryClient    : Force full registry fetch : false
2026-05-02T15:03:53.087+05:30  INFO 28336 --- [order-service] [main] com.netflix.discovery.DiscoveryClient    : Application is null : false
2026-05-02T15:03:53.088+05:30  INFO 28336 --- [order-service] [main] com.netflix.discovery.DiscoveryClient    : Registered Applications size is zero : true
2026-05-02T15:03:53.089+05:30  INFO 28336 --- [order-service] [main] com.netflix.discovery.DiscoveryClient    : Application version is -1: true
2026-05-02T15:03:53.089+05:30  INFO 28336 --- [order-service] [main] com.netflix.discovery.DiscoveryClient    : Getting all instance registry info from the eureka server
2026-05-02T15:03:53.639+05:30  INFO 28336 --- [order-service] [main] com.netflix.discovery.DiscoveryClient    : The response status is 200
2026-05-02T15:03:53.642+05:30  INFO 28336 --- [order-service] [main] com.netflix.discovery.DiscoveryClient    : Starting heartbeat executor: renew interval is: 30
2026-05-02T15:03:53.644+05:30  INFO 28336 --- [order-service] [main] c.n.discovery.InstanceInfoReplicator     : InstanceInfoReplicator onDemand update allowed rate per min is 4
2026-05-02T15:03:53.648+05:30  INFO 28336 --- [order-service] [main] com.netflix.discovery.DiscoveryClient    : Discovery Client initialized at timestamp 1777714433648 with initial instances count: 4
2026-05-02T15:03:53.674+05:30  INFO 28336 --- [order-service] [main] o.s.c.n.e.s.EurekaServiceRegistry        : Registering application ORDER-SERVICE with eureka with status UP
2026-05-02T15:03:53.674+05:30  INFO 28336 --- [order-service] [main] com.netflix.discovery.DiscoveryClient    : Saw local status change event StatusChangeEvent [timestamp=1777714433674, current=UP, previous=STARTING]
2026-05-02T15:03:53.678+05:30  INFO 28336 --- [order-service] [DiscoveryClient-InstanceInfoReplicator-%d] com.netflix.discovery.DiscoveryClient    : DiscoveryClient_ORDER-SERVICE/NIRANJAN-LAP.mshome.net:order-service:8106: registering service...
2026-05-02T15:03:53.718+05:30  INFO 28336 --- [order-service] [main] o.s.b.w.embedded.tomcat.TomcatWebServer  : Tomcat started on port 8106 (http) with context path '/'
2026-05-02T15:03:53.727+05:30  INFO 28336 --- [order-service] [main] .s.c.n.e.s.EurekaAutoServiceRegistration : Updating port to 8106
2026-05-02T15:03:53.803+05:30  INFO 28336 --- [order-service] [DiscoveryClient-InstanceInfoReplicator-%d] com.netflix.discovery.DiscoveryClient    : DiscoveryClient_ORDER-SERVICE/NIRANJAN-LAP.mshome.net:order-service:8106 - registration status: 204
2026-05-02T15:03:53.808+05:30  INFO 28336 --- [order-service] [main] o.a.k.clients.consumer.ConsumerConfig    : ConsumerConfig values: 
	allow.auto.create.topics = true
	auto.commit.interval.ms = 5000
	auto.include.jmx.reporter = true
	auto.offset.reset = earliest
	bootstrap.servers = [localhost:9092]
	check.crcs = true
	client.dns.lookup = use_all_dns_ips
	client.id = consumer-order-group-1
	client.rack = 
	connections.max.idle.ms = 540000
	default.api.timeout.ms = 60000
	enable.auto.commit = false
	enable.metrics.push = true
	exclude.internal.topics = true
	fetch.max.bytes = 52428800
	fetch.max.wait.ms = 500
	fetch.min.bytes = 1
	group.id = order-group
	group.instance.id = null
	group.protocol = classic
	group.remote.assignor = null
	heartbeat.interval.ms = 3000
	interceptor.classes = []
	internal.leave.group.on.close = true
	internal.throw.on.fetch.stable.offset.unsupported = false
	isolation.level = read_uncommitted
	key.deserializer = class org.apache.kafka.common.serialization.StringDeserializer
	max.partition.fetch.bytes = 1048576
	max.poll.interval.ms = 300000
	max.poll.records = 500
	metadata.max.age.ms = 300000
	metadata.recovery.strategy = none
	metric.reporters = []
	metrics.num.samples = 2
	metrics.recording.level = INFO
	metrics.sample.window.ms = 30000
	partition.assignment.strategy = [class org.apache.kafka.clients.consumer.RangeAssignor, class org.apache.kafka.clients.consumer.CooperativeStickyAssignor]
	receive.buffer.bytes = 65536
	reconnect.backoff.max.ms = 1000
	reconnect.backoff.ms = 50
	request.timeout.ms = 30000
	retry.backoff.max.ms = 1000
	retry.backoff.ms = 100
	sasl.client.callback.handler.class = null
	sasl.jaas.config = null
	sasl.kerberos.kinit.cmd = /usr/bin/kinit
	sasl.kerberos.min.time.before.relogin = 60000
	sasl.kerberos.service.name = null
	sasl.kerberos.ticket.renew.jitter = 0.05
	sasl.kerberos.ticket.renew.window.factor = 0.8
	sasl.login.callback.handler.class = null
	sasl.login.class = null
	sasl.login.connect.timeout.ms = null
	sasl.login.read.timeout.ms = null
	sasl.login.refresh.buffer.seconds = 300
	sasl.login.refresh.min.period.seconds = 60
	sasl.login.refresh.window.factor = 0.8
	sasl.login.refresh.window.jitter = 0.05
	sasl.login.retry.backoff.max.ms = 10000
	sasl.login.retry.backoff.ms = 100
	sasl.mechanism = GSSAPI
	sasl.oauthbearer.clock.skew.seconds = 30
	sasl.oauthbearer.expected.audience = null
	sasl.oauthbearer.expected.issuer = null
	sasl.oauthbearer.header.urlencode = false
	sasl.oauthbearer.jwks.endpoint.refresh.ms = 3600000
	sasl.oauthbearer.jwks.endpoint.retry.backoff.max.ms = 10000
	sasl.oauthbearer.jwks.endpoint.retry.backoff.ms = 100
	sasl.oauthbearer.jwks.endpoint.url = null
	sasl.oauthbearer.scope.claim.name = scope
	sasl.oauthbearer.sub.claim.name = sub
	sasl.oauthbearer.token.endpoint.url = null
	security.protocol = PLAINTEXT
	security.providers = null
	send.buffer.bytes = 131072
	session.timeout.ms = 45000
	socket.connection.setup.timeout.max.ms = 30000
	socket.connection.setup.timeout.ms = 10000
	ssl.cipher.suites = null
	ssl.enabled.protocols = [TLSv1.2, TLSv1.3]
	ssl.endpoint.identification.algorithm = https
	ssl.engine.factory.class = null
	ssl.key.password = null
	ssl.keymanager.algorithm = SunX509
	ssl.keystore.certificate.chain = null
	ssl.keystore.key = null
	ssl.keystore.location = null
	ssl.keystore.password = null
	ssl.keystore.type = JKS
	ssl.protocol = TLSv1.3
	ssl.provider = null
	ssl.secure.random.implementation = null
	ssl.trustmanager.algorithm = PKIX
	ssl.truststore.certificates = null
	ssl.truststore.location = null
	ssl.truststore.password = null
	ssl.truststore.type = JKS
	value.deserializer = class org.springframework.kafka.support.serializer.JsonDeserializer

2026-05-02T15:03:53.903+05:30  INFO 28336 --- [order-service] [main] o.a.k.c.t.i.KafkaMetricsCollector        : initializing Kafka metrics collector
2026-05-02T15:03:54.016+05:30  INFO 28336 --- [order-service] [main] o.a.kafka.common.utils.AppInfoParser     : Kafka version: 3.9.2
2026-05-02T15:03:54.016+05:30  INFO 28336 --- [order-service] [main] o.a.kafka.common.utils.AppInfoParser     : Kafka commitId: 5e9866f43ab8e7e4
2026-05-02T15:03:54.016+05:30  INFO 28336 --- [order-service] [main] o.a.kafka.common.utils.AppInfoParser     : Kafka startTimeMs: 1777714434016
2026-05-02T15:03:54.040+05:30  INFO 28336 --- [order-service] [main] o.a.k.c.c.i.ClassicKafkaConsumer         : [Consumer clientId=consumer-order-group-1, groupId=order-group] Subscribed to topic(s): payment-failed
2026-05-02T15:03:54.065+05:30  INFO 28336 --- [order-service] [main] o.a.k.clients.consumer.ConsumerConfig    : ConsumerConfig values: 
	allow.auto.create.topics = true
	auto.commit.interval.ms = 5000
	auto.include.jmx.reporter = true
	auto.offset.reset = earliest
	bootstrap.servers = [localhost:9092]
	check.crcs = true
	client.dns.lookup = use_all_dns_ips
	client.id = consumer-order-group-2
	client.rack = 
	connections.max.idle.ms = 540000
	default.api.timeout.ms = 60000
	enable.auto.commit = false
	enable.metrics.push = true
	exclude.internal.topics = true
	fetch.max.bytes = 52428800
	fetch.max.wait.ms = 500
	fetch.min.bytes = 1
	group.id = order-group
	group.instance.id = null
	group.protocol = classic
	group.remote.assignor = null
	heartbeat.interval.ms = 3000
	interceptor.classes = []
	internal.leave.group.on.close = true
	internal.throw.on.fetch.stable.offset.unsupported = false
	isolation.level = read_uncommitted
	key.deserializer = class org.apache.kafka.common.serialization.StringDeserializer
	max.partition.fetch.bytes = 1048576
	max.poll.interval.ms = 300000
	max.poll.records = 500
	metadata.max.age.ms = 300000
	metadata.recovery.strategy = none
	metric.reporters = []
	metrics.num.samples = 2
	metrics.recording.level = INFO
	metrics.sample.window.ms = 30000
	partition.assignment.strategy = [class org.apache.kafka.clients.consumer.RangeAssignor, class org.apache.kafka.clients.consumer.CooperativeStickyAssignor]
	receive.buffer.bytes = 65536
	reconnect.backoff.max.ms = 1000
	reconnect.backoff.ms = 50
	request.timeout.ms = 30000
	retry.backoff.max.ms = 1000
	retry.backoff.ms = 100
	sasl.client.callback.handler.class = null
	sasl.jaas.config = null
	sasl.kerberos.kinit.cmd = /usr/bin/kinit
	sasl.kerberos.min.time.before.relogin = 60000
	sasl.kerberos.service.name = null
	sasl.kerberos.ticket.renew.jitter = 0.05
	sasl.kerberos.ticket.renew.window.factor = 0.8
	sasl.login.callback.handler.class = null
	sasl.login.class = null
	sasl.login.connect.timeout.ms = null
	sasl.login.read.timeout.ms = null
	sasl.login.refresh.buffer.seconds = 300
	sasl.login.refresh.min.period.seconds = 60
	sasl.login.refresh.window.factor = 0.8
	sasl.login.refresh.window.jitter = 0.05
	sasl.login.retry.backoff.max.ms = 10000
	sasl.login.retry.backoff.ms = 100
	sasl.mechanism = GSSAPI
	sasl.oauthbearer.clock.skew.seconds = 30
	sasl.oauthbearer.expected.audience = null
	sasl.oauthbearer.expected.issuer = null
	sasl.oauthbearer.header.urlencode = false
	sasl.oauthbearer.jwks.endpoint.refresh.ms = 3600000
	sasl.oauthbearer.jwks.endpoint.retry.backoff.max.ms = 10000
	sasl.oauthbearer.jwks.endpoint.retry.backoff.ms = 100
	sasl.oauthbearer.jwks.endpoint.url = null
	sasl.oauthbearer.scope.claim.name = scope
	sasl.oauthbearer.sub.claim.name = sub
	sasl.oauthbearer.token.endpoint.url = null
	security.protocol = PLAINTEXT
	security.providers = null
	send.buffer.bytes = 131072
	session.timeout.ms = 45000
	socket.connection.setup.timeout.max.ms = 30000
	socket.connection.setup.timeout.ms = 10000
	ssl.cipher.suites = null
	ssl.enabled.protocols = [TLSv1.2, TLSv1.3]
	ssl.endpoint.identification.algorithm = https
	ssl.engine.factory.class = null
	ssl.key.password = null
	ssl.keymanager.algorithm = SunX509
	ssl.keystore.certificate.chain = null
	ssl.keystore.key = null
	ssl.keystore.location = null
	ssl.keystore.password = null
	ssl.keystore.type = JKS
	ssl.protocol = TLSv1.3
	ssl.provider = null
	ssl.secure.random.implementation = null
	ssl.trustmanager.algorithm = PKIX
	ssl.truststore.certificates = null
	ssl.truststore.location = null
	ssl.truststore.password = null
	ssl.truststore.type = JKS
	value.deserializer = class org.springframework.kafka.support.serializer.JsonDeserializer

2026-05-02T15:03:54.065+05:30  INFO 28336 --- [order-service] [main] o.a.k.c.t.i.KafkaMetricsCollector        : initializing Kafka metrics collector
2026-05-02T15:03:54.082+05:30  INFO 28336 --- [order-service] [main] o.a.kafka.common.utils.AppInfoParser     : Kafka version: 3.9.2
2026-05-02T15:03:54.089+05:30  INFO 28336 --- [order-service] [main] o.a.kafka.common.utils.AppInfoParser     : Kafka commitId: 5e9866f43ab8e7e4
2026-05-02T15:03:54.089+05:30  INFO 28336 --- [order-service] [main] o.a.kafka.common.utils.AppInfoParser     : Kafka startTimeMs: 1777714434082
2026-05-02T15:03:54.101+05:30  INFO 28336 --- [order-service] [main] o.a.k.c.c.i.ClassicKafkaConsumer         : [Consumer clientId=consumer-order-group-2, groupId=order-group] Subscribed to topic(s): payment-success
2026-05-02T15:03:54.114+05:30  INFO 28336 --- [order-service] [org.springframework.kafka.KafkaListenerEndpointContainer#0-0-C-1] org.apache.kafka.clients.Metadata        : [Consumer clientId=consumer-order-group-1, groupId=order-group] Cluster ID: Hw03Xa2qTEaBMrvTE9-BFQ
2026-05-02T15:03:54.125+05:30  INFO 28336 --- [order-service] [org.springframework.kafka.KafkaListenerEndpointContainer#0-0-C-1] o.a.k.c.c.internals.ConsumerCoordinator  : [Consumer clientId=consumer-order-group-1, groupId=order-group] Discovered group coordinator NIRANJAN-LAP:9092 (id: 2147483647 rack: null)
2026-05-02T15:03:54.125+05:30  INFO 28336 --- [order-service] [org.springframework.kafka.KafkaListenerEndpointContainer#1-0-C-1] org.apache.kafka.clients.Metadata        : [Consumer clientId=consumer-order-group-2, groupId=order-group] Cluster ID: Hw03Xa2qTEaBMrvTE9-BFQ
2026-05-02T15:03:54.128+05:30  INFO 28336 --- [order-service] [org.springframework.kafka.KafkaListenerEndpointContainer#1-0-C-1] o.a.k.c.c.internals.ConsumerCoordinator  : [Consumer clientId=consumer-order-group-2, groupId=order-group] Discovered group coordinator NIRANJAN-LAP:9092 (id: 2147483647 rack: null)
2026-05-02T15:03:54.131+05:30  INFO 28336 --- [order-service] [org.springframework.kafka.KafkaListenerEndpointContainer#1-0-C-1] o.a.k.c.c.internals.ConsumerCoordinator  : [Consumer clientId=consumer-order-group-2, groupId=order-group] (Re-)joining group
2026-05-02T15:03:54.131+05:30  INFO 28336 --- [order-service] [org.springframework.kafka.KafkaListenerEndpointContainer#0-0-C-1] o.a.k.c.c.internals.ConsumerCoordinator  : [Consumer clientId=consumer-order-group-1, groupId=order-group] (Re-)joining group
2026-05-02T15:03:54.158+05:30  INFO 28336 --- [order-service] [main] c.n.e.order.OrderServiceApplication      : Started OrderServiceApplication in 10.214 seconds (process running for 10.777)
2026-05-02T15:03:54.207+05:30  INFO 28336 --- [order-service] [org.springframework.kafka.KafkaListenerEndpointContainer#0-0-C-1] o.a.k.c.c.internals.ConsumerCoordinator  : [Consumer clientId=consumer-order-group-1, groupId=order-group] Request joining group due to: need to re-join with the given member-id: consumer-order-group-1-b131a072-6110-45f1-911b-62f80a36bf08
2026-05-02T15:03:54.207+05:30  INFO 28336 --- [order-service] [org.springframework.kafka.KafkaListenerEndpointContainer#1-0-C-1] o.a.k.c.c.internals.ConsumerCoordinator  : [Consumer clientId=consumer-order-group-2, groupId=order-group] Request joining group due to: need to re-join with the given member-id: consumer-order-group-2-35f0b01f-5783-41c4-976d-0309767056e0
2026-05-02T15:03:54.207+05:30  INFO 28336 --- [order-service] [org.springframework.kafka.KafkaListenerEndpointContainer#1-0-C-1] o.a.k.c.c.internals.ConsumerCoordinator  : [Consumer clientId=consumer-order-group-2, groupId=order-group] (Re-)joining group
2026-05-02T15:03:54.207+05:30  INFO 28336 --- [order-service] [org.springframework.kafka.KafkaListenerEndpointContainer#0-0-C-1] o.a.k.c.c.internals.ConsumerCoordinator  : [Consumer clientId=consumer-order-group-1, groupId=order-group] (Re-)joining group
2026-05-02T15:04:04.498+05:30  INFO 28336 --- [order-service] [http-nio-8106-exec-2] o.a.c.c.C.[Tomcat].[localhost].[/]       : Initializing Spring DispatcherServlet 'dispatcherServlet'
2026-05-02T15:04:04.498+05:30  INFO 28336 --- [order-service] [http-nio-8106-exec-2] o.s.web.servlet.DispatcherServlet        : Initializing Servlet 'dispatcherServlet'
2026-05-02T15:04:04.507+05:30  INFO 28336 --- [order-service] [http-nio-8106-exec-2] o.s.web.servlet.DispatcherServlet        : Completed initialization in 9 ms
2026-05-02T15:04:04.598+05:30  INFO 28336 --- [order-service] [http-nio-8106-exec-2] c.n.e.order.controller.OrderController   : Create Order API called, userId=6
2026-05-02T15:04:04.655+05:30  INFO 28336 --- [order-service] [http-nio-8106-exec-2] c.n.e.o.service.impl.OrderServiceImpl    : Inside OrderServiceImpl - createOrder method, userId=6
2026-05-02T15:04:05.067+05:30 DEBUG 28336 --- [order-service] [http-nio-8106-exec-2] c.n.e.o.service.impl.OrderServiceImpl    : UserResponse: {"id":6,"firstName":"Niranjana","lastName":"Charty","email":"niranjana.charty2013@example.com","phone":"9583172160","role":"CUSTOMER","address":{"street":"Khajaguda","city":"Hyderabad","state":"Telengana","country":"India","zipcode":"50032"}}
2026-05-02T15:04:05.687+05:30 DEBUG 28336 --- [order-service] [http-nio-8106-exec-2] c.n.e.o.service.impl.OrderServiceImpl    : CartItem: Error converting to JSON
2026-05-02T15:04:05.839+05:30  INFO 28336 --- [order-service] [http-nio-8106-exec-2] c.n.e.o.service.impl.OrderServiceImpl    : savedOrder: com.niranjana.ecommerce.order.entity.Order@5c2ae3fc
2026-05-02T15:04:05.839+05:30  INFO 28336 --- [order-service] [http-nio-8106-exec-2] c.n.e.o.service.impl.OrderServiceImpl    : Order created with ID=8
2026-05-02T15:04:05.841+05:30  INFO 28336 --- [order-service] [http-nio-8106-exec-2] c.n.e.o.service.impl.OrderServiceImpl    : Created OrderEvent: com.niranjana.ecommerce.order.producer.event.OrderEvent@4c68497c
2026-05-02T15:04:05.841+05:30  INFO 28336 --- [order-service] [http-nio-8106-exec-2] c.n.e.order.producer.OrderProducer       : Sending Order Event to Kafka: com.niranjana.ecommerce.order.producer.event.OrderEvent@4c68497c
2026-05-02T15:04:05.864+05:30  INFO 28336 --- [order-service] [http-nio-8106-exec-2] o.a.k.clients.producer.ProducerConfig    : ProducerConfig values: 
	acks = -1
	auto.include.jmx.reporter = true
	batch.size = 16384
	bootstrap.servers = [localhost:9092]
	buffer.memory = 33554432
	client.dns.lookup = use_all_dns_ips
	client.id = order-service-producer-1
	compression.gzip.level = -1
	compression.lz4.level = 9
	compression.type = none
	compression.zstd.level = 3
	connections.max.idle.ms = 540000
	delivery.timeout.ms = 120000
	enable.idempotence = true
	enable.metrics.push = true
	interceptor.classes = []
	key.serializer = class org.apache.kafka.common.serialization.StringSerializer
	linger.ms = 0
	max.block.ms = 60000
	max.in.flight.requests.per.connection = 5
	max.request.size = 1048576
	metadata.max.age.ms = 300000
	metadata.max.idle.ms = 300000
	metadata.recovery.strategy = none
	metric.reporters = []
	metrics.num.samples = 2
	metrics.recording.level = INFO
	metrics.sample.window.ms = 30000
	partitioner.adaptive.partitioning.enable = true
	partitioner.availability.timeout.ms = 0
	partitioner.class = null
	partitioner.ignore.keys = false
	receive.buffer.bytes = 32768
	reconnect.backoff.max.ms = 1000
	reconnect.backoff.ms = 50
	request.timeout.ms = 30000
	retries = 3
	retry.backoff.max.ms = 1000
	retry.backoff.ms = 100
	sasl.client.callback.handler.class = null
	sasl.jaas.config = null
	sasl.kerberos.kinit.cmd = /usr/bin/kinit
	sasl.kerberos.min.time.before.relogin = 60000
	sasl.kerberos.service.name = null
	sasl.kerberos.ticket.renew.jitter = 0.05
	sasl.kerberos.ticket.renew.window.factor = 0.8
	sasl.login.callback.handler.class = null
	sasl.login.class = null
	sasl.login.connect.timeout.ms = null
	sasl.login.read.timeout.ms = null
	sasl.login.refresh.buffer.seconds = 300
	sasl.login.refresh.min.period.seconds = 60
	sasl.login.refresh.window.factor = 0.8
	sasl.login.refresh.window.jitter = 0.05
	sasl.login.retry.backoff.max.ms = 10000
	sasl.login.retry.backoff.ms = 100
	sasl.mechanism = GSSAPI
	sasl.oauthbearer.clock.skew.seconds = 30
	sasl.oauthbearer.expected.audience = null
	sasl.oauthbearer.expected.issuer = null
	sasl.oauthbearer.header.urlencode = false
	sasl.oauthbearer.jwks.endpoint.refresh.ms = 3600000
	sasl.oauthbearer.jwks.endpoint.retry.backoff.max.ms = 10000
	sasl.oauthbearer.jwks.endpoint.retry.backoff.ms = 100
	sasl.oauthbearer.jwks.endpoint.url = null
	sasl.oauthbearer.scope.claim.name = scope
	sasl.oauthbearer.sub.claim.name = sub
	sasl.oauthbearer.token.endpoint.url = null
	security.protocol = PLAINTEXT
	security.providers = null
	send.buffer.bytes = 131072
	socket.connection.setup.timeout.max.ms = 30000
	socket.connection.setup.timeout.ms = 10000
	ssl.cipher.suites = null
	ssl.enabled.protocols = [TLSv1.2, TLSv1.3]
	ssl.endpoint.identification.algorithm = https
	ssl.engine.factory.class = null
	ssl.key.password = null
	ssl.keymanager.algorithm = SunX509
	ssl.keystore.certificate.chain = null
	ssl.keystore.key = null
	ssl.keystore.location = null
	ssl.keystore.password = null
	ssl.keystore.type = JKS
	ssl.protocol = TLSv1.3
	ssl.provider = null
	ssl.secure.random.implementation = null
	ssl.trustmanager.algorithm = PKIX
	ssl.truststore.certificates = null
	ssl.truststore.location = null
	ssl.truststore.password = null
	ssl.truststore.type = JKS
	transaction.timeout.ms = 60000
	transactional.id = null
	value.serializer = class org.springframework.kafka.support.serializer.JsonSerializer

2026-05-02T15:04:05.866+05:30  INFO 28336 --- [order-service] [http-nio-8106-exec-2] o.a.k.c.t.i.KafkaMetricsCollector        : initializing Kafka metrics collector
2026-05-02T15:04:05.890+05:30  INFO 28336 --- [order-service] [http-nio-8106-exec-2] o.a.k.clients.producer.KafkaProducer     : [Producer clientId=order-service-producer-1] Instantiated an idempotent producer.
2026-05-02T15:04:05.926+05:30  INFO 28336 --- [order-service] [http-nio-8106-exec-2] o.a.kafka.common.utils.AppInfoParser     : Kafka version: 3.9.2
2026-05-02T15:04:05.926+05:30  INFO 28336 --- [order-service] [http-nio-8106-exec-2] o.a.kafka.common.utils.AppInfoParser     : Kafka commitId: 5e9866f43ab8e7e4
2026-05-02T15:04:05.926+05:30  INFO 28336 --- [order-service] [http-nio-8106-exec-2] o.a.kafka.common.utils.AppInfoParser     : Kafka startTimeMs: 1777714445926
2026-05-02T15:04:05.947+05:30  INFO 28336 --- [order-service] [kafka-producer-network-thread | order-service-producer-1] org.apache.kafka.clients.Metadata        : [Producer clientId=order-service-producer-1] Cluster ID: Hw03Xa2qTEaBMrvTE9-BFQ
2026-05-02T15:04:05.947+05:30  INFO 28336 --- [order-service] [kafka-producer-network-thread | order-service-producer-1] o.a.k.c.p.internals.TransactionManager   : [Producer clientId=order-service-producer-1] ProducerId set to 2 with epoch 0
2026-05-02T15:04:06.002+05:30  INFO 28336 --- [order-service] [http-nio-8106-exec-2] c.n.e.order.producer.OrderProducer       : Order Event sent successfully for orderId=8
2026-05-02T15:04:15.526+05:30  INFO 28336 --- [order-service] [org.springframework.kafka.KafkaListenerEndpointContainer#0-0-C-1] o.a.k.c.c.internals.ConsumerCoordinator  : [Consumer clientId=consumer-order-group-1, groupId=order-group] Successfully joined group with generation Generation{generationId=3, memberId='consumer-order-group-1-b131a072-6110-45f1-911b-62f80a36bf08', protocol='range'}
2026-05-02T15:04:15.526+05:30  INFO 28336 --- [order-service] [org.springframework.kafka.KafkaListenerEndpointContainer#1-0-C-1] o.a.k.c.c.internals.ConsumerCoordinator  : [Consumer clientId=consumer-order-group-2, groupId=order-group] Successfully joined group with generation Generation{generationId=3, memberId='consumer-order-group-2-35f0b01f-5783-41c4-976d-0309767056e0', protocol='range'}
2026-05-02T15:04:15.543+05:30  INFO 28336 --- [order-service] [org.springframework.kafka.KafkaListenerEndpointContainer#0-0-C-1] o.a.k.c.c.internals.ConsumerCoordinator  : [Consumer clientId=consumer-order-group-1, groupId=order-group] Finished assignment for group at generation 3: {consumer-order-group-1-b131a072-6110-45f1-911b-62f80a36bf08=Assignment(partitions=[payment-failed-0]), consumer-order-group-2-35f0b01f-5783-41c4-976d-0309767056e0=Assignment(partitions=[payment-success-0])}
2026-05-02T15:04:15.553+05:30  INFO 28336 --- [order-service] [org.springframework.kafka.KafkaListenerEndpointContainer#1-0-C-1] o.a.k.c.c.internals.ConsumerCoordinator  : [Consumer clientId=consumer-order-group-2, groupId=order-group] Successfully synced group in generation Generation{generationId=3, memberId='consumer-order-group-2-35f0b01f-5783-41c4-976d-0309767056e0', protocol='range'}
2026-05-02T15:04:15.553+05:30  INFO 28336 --- [order-service] [org.springframework.kafka.KafkaListenerEndpointContainer#0-0-C-1] o.a.k.c.c.internals.ConsumerCoordinator  : [Consumer clientId=consumer-order-group-1, groupId=order-group] Successfully synced group in generation Generation{generationId=3, memberId='consumer-order-group-1-b131a072-6110-45f1-911b-62f80a36bf08', protocol='range'}
2026-05-02T15:04:15.553+05:30  INFO 28336 --- [order-service] [org.springframework.kafka.KafkaListenerEndpointContainer#1-0-C-1] o.a.k.c.c.internals.ConsumerCoordinator  : [Consumer clientId=consumer-order-group-2, groupId=order-group] Notifying assignor about the new Assignment(partitions=[payment-success-0])
2026-05-02T15:04:15.553+05:30  INFO 28336 --- [order-service] [org.springframework.kafka.KafkaListenerEndpointContainer#0-0-C-1] o.a.k.c.c.internals.ConsumerCoordinator  : [Consumer clientId=consumer-order-group-1, groupId=order-group] Notifying assignor about the new Assignment(partitions=[payment-failed-0])
2026-05-02T15:04:15.560+05:30  INFO 28336 --- [order-service] [org.springframework.kafka.KafkaListenerEndpointContainer#1-0-C-1] k.c.c.i.ConsumerRebalanceListenerInvoker : [Consumer clientId=consumer-order-group-2, groupId=order-group] Adding newly assigned partitions: payment-success-0
2026-05-02T15:04:15.560+05:30  INFO 28336 --- [order-service] [org.springframework.kafka.KafkaListenerEndpointContainer#0-0-C-1] k.c.c.i.ConsumerRebalanceListenerInvoker : [Consumer clientId=consumer-order-group-1, groupId=order-group] Adding newly assigned partitions: payment-failed-0
2026-05-02T15:04:15.575+05:30  INFO 28336 --- [order-service] [org.springframework.kafka.KafkaListenerEndpointContainer#0-0-C-1] o.a.k.c.c.internals.ConsumerCoordinator  : [Consumer clientId=consumer-order-group-1, groupId=order-group] Found no committed offset for partition payment-failed-0
2026-05-02T15:04:15.575+05:30  INFO 28336 --- [order-service] [org.springframework.kafka.KafkaListenerEndpointContainer#1-0-C-1] o.a.k.c.c.internals.ConsumerCoordinator  : [Consumer clientId=consumer-order-group-2, groupId=order-group] Found no committed offset for partition payment-success-0
2026-05-02T15:04:15.585+05:30  INFO 28336 --- [order-service] [org.springframework.kafka.KafkaListenerEndpointContainer#0-0-C-1] o.a.k.c.c.internals.SubscriptionState    : [Consumer clientId=consumer-order-group-1, groupId=order-group] Resetting offset for partition payment-failed-0 to position FetchPosition{offset=0, offsetEpoch=Optional.empty, currentLeader=LeaderAndEpoch{leader=Optional[NIRANJAN-LAP:9092 (id: 0 rack: null)], epoch=0}}.
2026-05-02T15:04:15.585+05:30  INFO 28336 --- [order-service] [org.springframework.kafka.KafkaListenerEndpointContainer#0-0-C-1] o.s.k.l.KafkaMessageListenerContainer    : order-group: partitions assigned: [payment-failed-0]
2026-05-02T15:04:15.585+05:30  INFO 28336 --- [order-service] [org.springframework.kafka.KafkaListenerEndpointContainer#1-0-C-1] o.a.k.c.c.internals.SubscriptionState    : [Consumer clientId=consumer-order-group-2, groupId=order-group] Resetting offset for partition payment-success-0 to position FetchPosition{offset=0, offsetEpoch=Optional.empty, currentLeader=LeaderAndEpoch{leader=Optional[NIRANJAN-LAP:9092 (id: 0 rack: null)], epoch=0}}.
2026-05-02T15:04:15.590+05:30  INFO 28336 --- [order-service] [org.springframework.kafka.KafkaListenerEndpointContainer#1-0-C-1] o.s.k.l.KafkaMessageListenerContainer    : order-group: partitions assigned: [payment-success-0]
2026-05-02T15:10:08.494+05:30  INFO 17972 --- [order-service] [main] c.n.e.order.OrderServiceApplication      : Starting OrderServiceApplication using Java 21.0.10 with PID 17972 (C:\EmbarkX\ecommerce-microservices\order-service\target\classes started by niran in C:\EmbarkX\ecommerce-microservices\order-service)
2026-05-02T15:10:08.497+05:30 DEBUG 17972 --- [order-service] [main] c.n.e.order.OrderServiceApplication      : Running with Spring Boot v3.5.14, Spring v6.2.18
2026-05-02T15:10:08.498+05:30  INFO 17972 --- [order-service] [main] c.n.e.order.OrderServiceApplication      : No active profile set, falling back to 1 default profile: "default"
2026-05-02T15:10:09.727+05:30  INFO 17972 --- [order-service] [main] .s.d.r.c.RepositoryConfigurationDelegate : Bootstrapping Spring Data JPA repositories in DEFAULT mode.
2026-05-02T15:10:09.853+05:30  INFO 17972 --- [order-service] [main] .s.d.r.c.RepositoryConfigurationDelegate : Finished Spring Data repository scanning in 115 ms. Found 1 JPA repository interface.
2026-05-02T15:10:10.237+05:30  INFO 17972 --- [order-service] [main] o.s.cloud.context.scope.GenericScope     : BeanFactory id=44a7435c-4d4b-3c4a-95ad-967db0b7f98d
2026-05-02T15:10:11.028+05:30  INFO 17972 --- [order-service] [main] o.s.b.w.embedded.tomcat.TomcatWebServer  : Tomcat initialized with port 8106 (http)
2026-05-02T15:10:11.042+05:30  INFO 17972 --- [order-service] [main] o.apache.catalina.core.StandardService   : Starting service [Tomcat]
2026-05-02T15:10:11.046+05:30  INFO 17972 --- [order-service] [main] o.apache.catalina.core.StandardEngine    : Starting Servlet engine: [Apache Tomcat/10.1.54]
2026-05-02T15:10:11.102+05:30  INFO 17972 --- [order-service] [main] o.a.c.c.C.[Tomcat].[localhost].[/]       : Initializing Spring embedded WebApplicationContext
2026-05-02T15:10:11.103+05:30  INFO 17972 --- [order-service] [main] w.s.c.ServletWebServerApplicationContext : Root WebApplicationContext: initialization completed in 2545 ms
2026-05-02T15:10:11.647+05:30  INFO 17972 --- [order-service] [main] o.hibernate.jpa.internal.util.LogHelper  : HHH000204: Processing PersistenceUnitInfo [name: default]
2026-05-02T15:10:11.706+05:30  INFO 17972 --- [order-service] [main] org.hibernate.Version                    : HHH000412: Hibernate ORM core version 6.6.49.Final
2026-05-02T15:10:11.748+05:30  INFO 17972 --- [order-service] [main] o.h.c.internal.RegionFactoryInitiator    : HHH000026: Second-level cache disabled
2026-05-02T15:10:12.061+05:30  INFO 17972 --- [order-service] [main] o.s.o.j.p.SpringPersistenceUnitInfo      : No LoadTimeWeaver setup: ignoring JPA class transformer
2026-05-02T15:10:12.091+05:30  INFO 17972 --- [order-service] [main] com.zaxxer.hikari.HikariDataSource       : HikariPool-1 - Starting...
2026-05-02T15:10:12.278+05:30  INFO 17972 --- [order-service] [main] com.zaxxer.hikari.pool.HikariPool        : HikariPool-1 - Added connection org.postgresql.jdbc.PgConnection@79486f38
2026-05-02T15:10:12.281+05:30  INFO 17972 --- [order-service] [main] com.zaxxer.hikari.HikariDataSource       : HikariPool-1 - Start completed.
2026-05-02T15:10:12.321+05:30  WARN 17972 --- [order-service] [main] org.hibernate.orm.deprecation            : HHH90000025: PostgreSQLDialect does not need to be specified explicitly using 'hibernate.dialect' (remove the property setting and it will be selected by default)
2026-05-02T15:10:12.344+05:30  INFO 17972 --- [order-service] [main] org.hibernate.orm.connections.pooling    : HHH10001005: Database info:
	Database JDBC URL [Connecting through datasource 'HikariDataSource (HikariPool-1)']
	Database driver: undefined/unknown
	Database version: 18.1
	Autocommit mode: undefined/unknown
	Isolation level: undefined/unknown
	Minimum pool size: undefined/unknown
	Maximum pool size: undefined/unknown
2026-05-02T15:10:13.157+05:30  INFO 17972 --- [order-service] [main] o.h.e.t.j.p.i.JtaPlatformInitiator       : HHH000489: No JTA platform available (set 'hibernate.transaction.jta.platform' to enable JTA platform integration)
2026-05-02T15:10:13.222+05:30  INFO 17972 --- [order-service] [main] j.LocalContainerEntityManagerFactoryBean : Initialized JPA EntityManagerFactory for persistence unit 'default'
2026-05-02T15:10:13.769+05:30  WARN 17972 --- [order-service] [main] JpaBaseConfiguration$JpaWebConfiguration : spring.jpa.open-in-view is enabled by default. Therefore, database queries may be performed during view rendering. Explicitly configure spring.jpa.open-in-view to disable this warning
2026-05-02T15:10:13.883+05:30  INFO 17972 --- [order-service] [main] o.s.c.openfeign.FeignClientFactoryBean   : For 'cart-service' URL not provided. Will try picking an instance via load-balancing.
2026-05-02T15:10:13.968+05:30  INFO 17972 --- [order-service] [main] o.s.c.openfeign.FeignClientFactoryBean   : For 'user-service' URL not provided. Will try picking an instance via load-balancing.
2026-05-02T15:10:13.992+05:30  INFO 17972 --- [order-service] [main] o.s.c.openfeign.FeignClientFactoryBean   : For 'payment-service' URL not provided. Will try picking an instance via load-balancing.
2026-05-02T15:10:18.951+05:30  INFO 17972 --- [order-service] [main] DiscoveryClientOptionalArgsConfiguration : Eureka HTTP Client uses RestTemplate.
2026-05-02T15:10:19.140+05:30  WARN 17972 --- [order-service] [main] iguration$LoadBalancerCaffeineWarnLogger : Spring Cloud LoadBalancer is currently working with the default cache. While this cache implementation is useful for development and tests, it's recommended to use Caffeine cache in production.You can switch to using Caffeine cache, by adding it and org.springframework.cache.caffeine.CaffeineCacheManager to the classpath.
2026-05-02T15:10:19.225+05:30  INFO 17972 --- [order-service] [main] o.s.b.a.e.web.EndpointLinksResolver      : Exposing 27 endpoints beneath base path '/actuator'
2026-05-02T15:10:19.569+05:30  INFO 17972 --- [order-service] [main] o.a.k.clients.admin.AdminClientConfig    : AdminClientConfig values: 
	auto.include.jmx.reporter = true
	bootstrap.controllers = []
	bootstrap.servers = [localhost:9092]
	client.dns.lookup = use_all_dns_ips
	client.id = order-service-admin-0
	connections.max.idle.ms = 300000
	default.api.timeout.ms = 60000
	enable.metrics.push = true
	metadata.max.age.ms = 300000
	metadata.recovery.strategy = none
	metric.reporters = []
	metrics.num.samples = 2
	metrics.recording.level = INFO
	metrics.sample.window.ms = 30000
	receive.buffer.bytes = 65536
	reconnect.backoff.max.ms = 1000
	reconnect.backoff.ms = 50
	request.timeout.ms = 30000
	retries = 2147483647
	retry.backoff.max.ms = 1000
	retry.backoff.ms = 100
	sasl.client.callback.handler.class = null
	sasl.jaas.config = null
	sasl.kerberos.kinit.cmd = /usr/bin/kinit
	sasl.kerberos.min.time.before.relogin = 60000
	sasl.kerberos.service.name = null
	sasl.kerberos.ticket.renew.jitter = 0.05
	sasl.kerberos.ticket.renew.window.factor = 0.8
	sasl.login.callback.handler.class = null
	sasl.login.class = null
	sasl.login.connect.timeout.ms = null
	sasl.login.read.timeout.ms = null
	sasl.login.refresh.buffer.seconds = 300
	sasl.login.refresh.min.period.seconds = 60
	sasl.login.refresh.window.factor = 0.8
	sasl.login.refresh.window.jitter = 0.05
	sasl.login.retry.backoff.max.ms = 10000
	sasl.login.retry.backoff.ms = 100
	sasl.mechanism = GSSAPI
	sasl.oauthbearer.clock.skew.seconds = 30
	sasl.oauthbearer.expected.audience = null
	sasl.oauthbearer.expected.issuer = null
	sasl.oauthbearer.header.urlencode = false
	sasl.oauthbearer.jwks.endpoint.refresh.ms = 3600000
	sasl.oauthbearer.jwks.endpoint.retry.backoff.max.ms = 10000
	sasl.oauthbearer.jwks.endpoint.retry.backoff.ms = 100
	sasl.oauthbearer.jwks.endpoint.url = null
	sasl.oauthbearer.scope.claim.name = scope
	sasl.oauthbearer.sub.claim.name = sub
	sasl.oauthbearer.token.endpoint.url = null
	security.protocol = PLAINTEXT
	security.providers = null
	send.buffer.bytes = 131072
	socket.connection.setup.timeout.max.ms = 30000
	socket.connection.setup.timeout.ms = 10000
	ssl.cipher.suites = null
	ssl.enabled.protocols = [TLSv1.2, TLSv1.3]
	ssl.endpoint.identification.algorithm = https
	ssl.engine.factory.class = null
	ssl.key.password = null
	ssl.keymanager.algorithm = SunX509
	ssl.keystore.certificate.chain = null
	ssl.keystore.key = null
	ssl.keystore.location = null
	ssl.keystore.password = null
	ssl.keystore.type = JKS
	ssl.protocol = TLSv1.3
	ssl.provider = null
	ssl.secure.random.implementation = null
	ssl.trustmanager.algorithm = PKIX
	ssl.truststore.certificates = null
	ssl.truststore.location = null
	ssl.truststore.password = null
	ssl.truststore.type = JKS

2026-05-02T15:10:20.058+05:30  INFO 17972 --- [order-service] [main] o.a.kafka.common.utils.AppInfoParser     : Kafka version: 3.9.2
2026-05-02T15:10:20.058+05:30  INFO 17972 --- [order-service] [main] o.a.kafka.common.utils.AppInfoParser     : Kafka commitId: 5e9866f43ab8e7e4
2026-05-02T15:10:20.058+05:30  INFO 17972 --- [order-service] [main] o.a.kafka.common.utils.AppInfoParser     : Kafka startTimeMs: 1777714820058
2026-05-02T15:10:20.982+05:30  INFO 17972 --- [order-service] [kafka-admin-client-thread | order-service-admin-0] o.a.kafka.common.utils.AppInfoParser     : App info kafka.admin.client for order-service-admin-0 unregistered
2026-05-02T15:10:21.016+05:30  INFO 17972 --- [order-service] [kafka-admin-client-thread | order-service-admin-0] o.apache.kafka.common.metrics.Metrics    : Metrics scheduler closed
2026-05-02T15:10:21.016+05:30  INFO 17972 --- [order-service] [kafka-admin-client-thread | order-service-admin-0] o.apache.kafka.common.metrics.Metrics    : Closing reporter org.apache.kafka.common.metrics.JmxReporter
2026-05-02T15:10:21.016+05:30  INFO 17972 --- [order-service] [kafka-admin-client-thread | order-service-admin-0] o.apache.kafka.common.metrics.Metrics    : Metrics reporters closed
2026-05-02T15:10:21.107+05:30  INFO 17972 --- [order-service] [main] o.s.c.n.eureka.InstanceInfoFactory       : Setting initial instance status as: STARTING
2026-05-02T15:10:21.266+05:30  INFO 17972 --- [order-service] [main] com.netflix.discovery.DiscoveryClient    : Initializing Eureka in region us-east-1
2026-05-02T15:10:21.291+05:30  INFO 17972 --- [order-service] [main] c.n.d.s.r.aws.ConfigClusterResolver      : Resolving eureka endpoints via configuration
2026-05-02T15:10:21.335+05:30  INFO 17972 --- [order-service] [main] com.netflix.discovery.DiscoveryClient    : Disable delta property : false
2026-05-02T15:10:21.343+05:30  INFO 17972 --- [order-service] [main] com.netflix.discovery.DiscoveryClient    : Single vip registry refresh property : null
2026-05-02T15:10:21.343+05:30  INFO 17972 --- [order-service] [main] com.netflix.discovery.DiscoveryClient    : Force full registry fetch : false
2026-05-02T15:10:21.343+05:30  INFO 17972 --- [order-service] [main] com.netflix.discovery.DiscoveryClient    : Application is null : false
2026-05-02T15:10:21.344+05:30  INFO 17972 --- [order-service] [main] com.netflix.discovery.DiscoveryClient    : Registered Applications size is zero : true
2026-05-02T15:10:21.351+05:30  INFO 17972 --- [order-service] [main] com.netflix.discovery.DiscoveryClient    : Application version is -1: true
2026-05-02T15:10:21.351+05:30  INFO 17972 --- [order-service] [main] com.netflix.discovery.DiscoveryClient    : Getting all instance registry info from the eureka server
2026-05-02T15:10:22.139+05:30  INFO 17972 --- [order-service] [main] com.netflix.discovery.DiscoveryClient    : The response status is 200
2026-05-02T15:10:22.140+05:30  INFO 17972 --- [order-service] [main] com.netflix.discovery.DiscoveryClient    : Starting heartbeat executor: renew interval is: 30
2026-05-02T15:10:22.142+05:30  INFO 17972 --- [order-service] [main] c.n.discovery.InstanceInfoReplicator     : InstanceInfoReplicator onDemand update allowed rate per min is 4
2026-05-02T15:10:22.143+05:30  INFO 17972 --- [order-service] [main] com.netflix.discovery.DiscoveryClient    : Discovery Client initialized at timestamp 1777714822143 with initial instances count: 3
2026-05-02T15:10:22.151+05:30  INFO 17972 --- [order-service] [main] o.s.c.n.e.s.EurekaServiceRegistry        : Registering application ORDER-SERVICE with eureka with status UP
2026-05-02T15:10:22.152+05:30  INFO 17972 --- [order-service] [main] com.netflix.discovery.DiscoveryClient    : Saw local status change event StatusChangeEvent [timestamp=1777714822152, current=UP, previous=STARTING]
2026-05-02T15:10:22.154+05:30  INFO 17972 --- [order-service] [DiscoveryClient-InstanceInfoReplicator-%d] com.netflix.discovery.DiscoveryClient    : DiscoveryClient_ORDER-SERVICE/NIRANJAN-LAP.mshome.net:order-service:8106: registering service...
2026-05-02T15:10:22.173+05:30  INFO 17972 --- [order-service] [main] o.s.b.w.embedded.tomcat.TomcatWebServer  : Tomcat started on port 8106 (http) with context path '/'
2026-05-02T15:10:22.174+05:30  INFO 17972 --- [order-service] [main] .s.c.n.e.s.EurekaAutoServiceRegistration : Updating port to 8106
2026-05-02T15:10:22.190+05:30  INFO 17972 --- [order-service] [DiscoveryClient-InstanceInfoReplicator-%d] com.netflix.discovery.DiscoveryClient    : DiscoveryClient_ORDER-SERVICE/NIRANJAN-LAP.mshome.net:order-service:8106 - registration status: 204
2026-05-02T15:10:22.203+05:30  INFO 17972 --- [order-service] [main] o.a.k.clients.consumer.ConsumerConfig    : ConsumerConfig values: 
	allow.auto.create.topics = true
	auto.commit.interval.ms = 5000
	auto.include.jmx.reporter = true
	auto.offset.reset = earliest
	bootstrap.servers = [localhost:9092]
	check.crcs = true
	client.dns.lookup = use_all_dns_ips
	client.id = consumer-order-group-1
	client.rack = 
	connections.max.idle.ms = 540000
	default.api.timeout.ms = 60000
	enable.auto.commit = false
	enable.metrics.push = true
	exclude.internal.topics = true
	fetch.max.bytes = 52428800
	fetch.max.wait.ms = 500
	fetch.min.bytes = 1
	group.id = order-group
	group.instance.id = null
	group.protocol = classic
	group.remote.assignor = null
	heartbeat.interval.ms = 3000
	interceptor.classes = []
	internal.leave.group.on.close = true
	internal.throw.on.fetch.stable.offset.unsupported = false
	isolation.level = read_uncommitted
	key.deserializer = class org.apache.kafka.common.serialization.StringDeserializer
	max.partition.fetch.bytes = 1048576
	max.poll.interval.ms = 300000
	max.poll.records = 500
	metadata.max.age.ms = 300000
	metadata.recovery.strategy = none
	metric.reporters = []
	metrics.num.samples = 2
	metrics.recording.level = INFO
	metrics.sample.window.ms = 30000
	partition.assignment.strategy = [class org.apache.kafka.clients.consumer.RangeAssignor, class org.apache.kafka.clients.consumer.CooperativeStickyAssignor]
	receive.buffer.bytes = 65536
	reconnect.backoff.max.ms = 1000
	reconnect.backoff.ms = 50
	request.timeout.ms = 30000
	retry.backoff.max.ms = 1000
	retry.backoff.ms = 100
	sasl.client.callback.handler.class = null
	sasl.jaas.config = null
	sasl.kerberos.kinit.cmd = /usr/bin/kinit
	sasl.kerberos.min.time.before.relogin = 60000
	sasl.kerberos.service.name = null
	sasl.kerberos.ticket.renew.jitter = 0.05
	sasl.kerberos.ticket.renew.window.factor = 0.8
	sasl.login.callback.handler.class = null
	sasl.login.class = null
	sasl.login.connect.timeout.ms = null
	sasl.login.read.timeout.ms = null
	sasl.login.refresh.buffer.seconds = 300
	sasl.login.refresh.min.period.seconds = 60
	sasl.login.refresh.window.factor = 0.8
	sasl.login.refresh.window.jitter = 0.05
	sasl.login.retry.backoff.max.ms = 10000
	sasl.login.retry.backoff.ms = 100
	sasl.mechanism = GSSAPI
	sasl.oauthbearer.clock.skew.seconds = 30
	sasl.oauthbearer.expected.audience = null
	sasl.oauthbearer.expected.issuer = null
	sasl.oauthbearer.header.urlencode = false
	sasl.oauthbearer.jwks.endpoint.refresh.ms = 3600000
	sasl.oauthbearer.jwks.endpoint.retry.backoff.max.ms = 10000
	sasl.oauthbearer.jwks.endpoint.retry.backoff.ms = 100
	sasl.oauthbearer.jwks.endpoint.url = null
	sasl.oauthbearer.scope.claim.name = scope
	sasl.oauthbearer.sub.claim.name = sub
	sasl.oauthbearer.token.endpoint.url = null
	security.protocol = PLAINTEXT
	security.providers = null
	send.buffer.bytes = 131072
	session.timeout.ms = 45000
	socket.connection.setup.timeout.max.ms = 30000
	socket.connection.setup.timeout.ms = 10000
	ssl.cipher.suites = null
	ssl.enabled.protocols = [TLSv1.2, TLSv1.3]
	ssl.endpoint.identification.algorithm = https
	ssl.engine.factory.class = null
	ssl.key.password = null
	ssl.keymanager.algorithm = SunX509
	ssl.keystore.certificate.chain = null
	ssl.keystore.key = null
	ssl.keystore.location = null
	ssl.keystore.password = null
	ssl.keystore.type = JKS
	ssl.protocol = TLSv1.3
	ssl.provider = null
	ssl.secure.random.implementation = null
	ssl.trustmanager.algorithm = PKIX
	ssl.truststore.certificates = null
	ssl.truststore.location = null
	ssl.truststore.password = null
	ssl.truststore.type = JKS
	value.deserializer = class org.springframework.kafka.support.serializer.JsonDeserializer

2026-05-02T15:10:22.229+05:30  INFO 17972 --- [order-service] [main] o.a.k.c.t.i.KafkaMetricsCollector        : initializing Kafka metrics collector
2026-05-02T15:10:22.269+05:30  INFO 17972 --- [order-service] [main] o.a.kafka.common.utils.AppInfoParser     : Kafka version: 3.9.2
2026-05-02T15:10:22.269+05:30  INFO 17972 --- [order-service] [main] o.a.kafka.common.utils.AppInfoParser     : Kafka commitId: 5e9866f43ab8e7e4
2026-05-02T15:10:22.269+05:30  INFO 17972 --- [order-service] [main] o.a.kafka.common.utils.AppInfoParser     : Kafka startTimeMs: 1777714822269
2026-05-02T15:10:22.277+05:30  INFO 17972 --- [order-service] [main] o.a.k.c.c.i.ClassicKafkaConsumer         : [Consumer clientId=consumer-order-group-1, groupId=order-group] Subscribed to topic(s): payment-success
2026-05-02T15:10:22.285+05:30  INFO 17972 --- [order-service] [main] o.a.k.clients.consumer.ConsumerConfig    : ConsumerConfig values: 
	allow.auto.create.topics = true
	auto.commit.interval.ms = 5000
	auto.include.jmx.reporter = true
	auto.offset.reset = earliest
	bootstrap.servers = [localhost:9092]
	check.crcs = true
	client.dns.lookup = use_all_dns_ips
	client.id = consumer-order-group-2
	client.rack = 
	connections.max.idle.ms = 540000
	default.api.timeout.ms = 60000
	enable.auto.commit = false
	enable.metrics.push = true
	exclude.internal.topics = true
	fetch.max.bytes = 52428800
	fetch.max.wait.ms = 500
	fetch.min.bytes = 1
	group.id = order-group
	group.instance.id = null
	group.protocol = classic
	group.remote.assignor = null
	heartbeat.interval.ms = 3000
	interceptor.classes = []
	internal.leave.group.on.close = true
	internal.throw.on.fetch.stable.offset.unsupported = false
	isolation.level = read_uncommitted
	key.deserializer = class org.apache.kafka.common.serialization.StringDeserializer
	max.partition.fetch.bytes = 1048576
	max.poll.interval.ms = 300000
	max.poll.records = 500
	metadata.max.age.ms = 300000
	metadata.recovery.strategy = none
	metric.reporters = []
	metrics.num.samples = 2
	metrics.recording.level = INFO
	metrics.sample.window.ms = 30000
	partition.assignment.strategy = [class org.apache.kafka.clients.consumer.RangeAssignor, class org.apache.kafka.clients.consumer.CooperativeStickyAssignor]
	receive.buffer.bytes = 65536
	reconnect.backoff.max.ms = 1000
	reconnect.backoff.ms = 50
	request.timeout.ms = 30000
	retry.backoff.max.ms = 1000
	retry.backoff.ms = 100
	sasl.client.callback.handler.class = null
	sasl.jaas.config = null
	sasl.kerberos.kinit.cmd = /usr/bin/kinit
	sasl.kerberos.min.time.before.relogin = 60000
	sasl.kerberos.service.name = null
	sasl.kerberos.ticket.renew.jitter = 0.05
	sasl.kerberos.ticket.renew.window.factor = 0.8
	sasl.login.callback.handler.class = null
	sasl.login.class = null
	sasl.login.connect.timeout.ms = null
	sasl.login.read.timeout.ms = null
	sasl.login.refresh.buffer.seconds = 300
	sasl.login.refresh.min.period.seconds = 60
	sasl.login.refresh.window.factor = 0.8
	sasl.login.refresh.window.jitter = 0.05
	sasl.login.retry.backoff.max.ms = 10000
	sasl.login.retry.backoff.ms = 100
	sasl.mechanism = GSSAPI
	sasl.oauthbearer.clock.skew.seconds = 30
	sasl.oauthbearer.expected.audience = null
	sasl.oauthbearer.expected.issuer = null
	sasl.oauthbearer.header.urlencode = false
	sasl.oauthbearer.jwks.endpoint.refresh.ms = 3600000
	sasl.oauthbearer.jwks.endpoint.retry.backoff.max.ms = 10000
	sasl.oauthbearer.jwks.endpoint.retry.backoff.ms = 100
	sasl.oauthbearer.jwks.endpoint.url = null
	sasl.oauthbearer.scope.claim.name = scope
	sasl.oauthbearer.sub.claim.name = sub
	sasl.oauthbearer.token.endpoint.url = null
	security.protocol = PLAINTEXT
	security.providers = null
	send.buffer.bytes = 131072
	session.timeout.ms = 45000
	socket.connection.setup.timeout.max.ms = 30000
	socket.connection.setup.timeout.ms = 10000
	ssl.cipher.suites = null
	ssl.enabled.protocols = [TLSv1.2, TLSv1.3]
	ssl.endpoint.identification.algorithm = https
	ssl.engine.factory.class = null
	ssl.key.password = null
	ssl.keymanager.algorithm = SunX509
	ssl.keystore.certificate.chain = null
	ssl.keystore.key = null
	ssl.keystore.location = null
	ssl.keystore.password = null
	ssl.keystore.type = JKS
	ssl.protocol = TLSv1.3
	ssl.provider = null
	ssl.secure.random.implementation = null
	ssl.trustmanager.algorithm = PKIX
	ssl.truststore.certificates = null
	ssl.truststore.location = null
	ssl.truststore.password = null
	ssl.truststore.type = JKS
	value.deserializer = class org.springframework.kafka.support.serializer.JsonDeserializer

2026-05-02T15:10:22.285+05:30  INFO 17972 --- [order-service] [main] o.a.k.c.t.i.KafkaMetricsCollector        : initializing Kafka metrics collector
2026-05-02T15:10:22.300+05:30  INFO 17972 --- [order-service] [main] o.a.kafka.common.utils.AppInfoParser     : Kafka version: 3.9.2
2026-05-02T15:10:22.300+05:30  INFO 17972 --- [order-service] [main] o.a.kafka.common.utils.AppInfoParser     : Kafka commitId: 5e9866f43ab8e7e4
2026-05-02T15:10:22.300+05:30  INFO 17972 --- [order-service] [main] o.a.kafka.common.utils.AppInfoParser     : Kafka startTimeMs: 1777714822300
2026-05-02T15:10:22.305+05:30  INFO 17972 --- [order-service] [main] o.a.k.c.c.i.ClassicKafkaConsumer         : [Consumer clientId=consumer-order-group-2, groupId=order-group] Subscribed to topic(s): payment-failed
2026-05-02T15:10:22.326+05:30  INFO 17972 --- [order-service] [org.springframework.kafka.KafkaListenerEndpointContainer#0-0-C-1] org.apache.kafka.clients.Metadata        : [Consumer clientId=consumer-order-group-1, groupId=order-group] Cluster ID: Hw03Xa2qTEaBMrvTE9-BFQ
2026-05-02T15:10:22.326+05:30  INFO 17972 --- [order-service] [org.springframework.kafka.KafkaListenerEndpointContainer#1-0-C-1] org.apache.kafka.clients.Metadata        : [Consumer clientId=consumer-order-group-2, groupId=order-group] Cluster ID: Hw03Xa2qTEaBMrvTE9-BFQ
2026-05-02T15:10:22.328+05:30  INFO 17972 --- [order-service] [main] c.n.e.order.OrderServiceApplication      : Started OrderServiceApplication in 14.405 seconds (process running for 14.947)
2026-05-02T15:10:22.329+05:30  INFO 17972 --- [order-service] [org.springframework.kafka.KafkaListenerEndpointContainer#1-0-C-1] o.a.k.c.c.internals.ConsumerCoordinator  : [Consumer clientId=consumer-order-group-2, groupId=order-group] Discovered group coordinator NIRANJAN-LAP:9092 (id: 2147483647 rack: null)
2026-05-02T15:10:22.329+05:30  INFO 17972 --- [order-service] [org.springframework.kafka.KafkaListenerEndpointContainer#0-0-C-1] o.a.k.c.c.internals.ConsumerCoordinator  : [Consumer clientId=consumer-order-group-1, groupId=order-group] Discovered group coordinator NIRANJAN-LAP:9092 (id: 2147483647 rack: null)
2026-05-02T15:10:22.335+05:30  INFO 17972 --- [order-service] [org.springframework.kafka.KafkaListenerEndpointContainer#1-0-C-1] o.a.k.c.c.internals.ConsumerCoordinator  : [Consumer clientId=consumer-order-group-2, groupId=order-group] (Re-)joining group
2026-05-02T15:10:22.335+05:30  INFO 17972 --- [order-service] [org.springframework.kafka.KafkaListenerEndpointContainer#0-0-C-1] o.a.k.c.c.internals.ConsumerCoordinator  : [Consumer clientId=consumer-order-group-1, groupId=order-group] (Re-)joining group
2026-05-02T15:10:22.364+05:30  INFO 17972 --- [order-service] [org.springframework.kafka.KafkaListenerEndpointContainer#1-0-C-1] o.a.k.c.c.internals.ConsumerCoordinator  : [Consumer clientId=consumer-order-group-2, groupId=order-group] Request joining group due to: need to re-join with the given member-id: consumer-order-group-2-50a993af-fccd-4205-abb8-fe72d6151336
2026-05-02T15:10:22.364+05:30  INFO 17972 --- [order-service] [org.springframework.kafka.KafkaListenerEndpointContainer#0-0-C-1] o.a.k.c.c.internals.ConsumerCoordinator  : [Consumer clientId=consumer-order-group-1, groupId=order-group] Request joining group due to: need to re-join with the given member-id: consumer-order-group-1-bc01bb57-f76e-4e08-9603-d9acaa0e6320
2026-05-02T15:10:22.365+05:30  INFO 17972 --- [order-service] [org.springframework.kafka.KafkaListenerEndpointContainer#0-0-C-1] o.a.k.c.c.internals.ConsumerCoordinator  : [Consumer clientId=consumer-order-group-1, groupId=order-group] (Re-)joining group
2026-05-02T15:10:22.365+05:30  INFO 17972 --- [order-service] [org.springframework.kafka.KafkaListenerEndpointContainer#1-0-C-1] o.a.k.c.c.internals.ConsumerCoordinator  : [Consumer clientId=consumer-order-group-2, groupId=order-group] (Re-)joining group
2026-05-02T15:10:22.368+05:30  INFO 17972 --- [order-service] [org.springframework.kafka.KafkaListenerEndpointContainer#0-0-C-1] o.a.k.c.c.internals.ConsumerCoordinator  : [Consumer clientId=consumer-order-group-1, groupId=order-group] Successfully joined group with generation Generation{generationId=5, memberId='consumer-order-group-1-bc01bb57-f76e-4e08-9603-d9acaa0e6320', protocol='range'}
2026-05-02T15:10:22.368+05:30  INFO 17972 --- [order-service] [org.springframework.kafka.KafkaListenerEndpointContainer#1-0-C-1] o.a.k.c.c.internals.ConsumerCoordinator  : [Consumer clientId=consumer-order-group-2, groupId=order-group] Successfully joined group with generation Generation{generationId=5, memberId='consumer-order-group-2-50a993af-fccd-4205-abb8-fe72d6151336', protocol='range'}
2026-05-02T15:10:22.385+05:30  INFO 17972 --- [order-service] [org.springframework.kafka.KafkaListenerEndpointContainer#0-0-C-1] o.a.k.c.c.internals.ConsumerCoordinator  : [Consumer clientId=consumer-order-group-1, groupId=order-group] Finished assignment for group at generation 5: {consumer-order-group-1-bc01bb57-f76e-4e08-9603-d9acaa0e6320=Assignment(partitions=[payment-success-0]), consumer-order-group-2-50a993af-fccd-4205-abb8-fe72d6151336=Assignment(partitions=[payment-failed-0])}
2026-05-02T15:10:22.394+05:30  INFO 17972 --- [order-service] [org.springframework.kafka.KafkaListenerEndpointContainer#1-0-C-1] o.a.k.c.c.internals.ConsumerCoordinator  : [Consumer clientId=consumer-order-group-2, groupId=order-group] Successfully synced group in generation Generation{generationId=5, memberId='consumer-order-group-2-50a993af-fccd-4205-abb8-fe72d6151336', protocol='range'}
2026-05-02T15:10:22.394+05:30  INFO 17972 --- [order-service] [org.springframework.kafka.KafkaListenerEndpointContainer#0-0-C-1] o.a.k.c.c.internals.ConsumerCoordinator  : [Consumer clientId=consumer-order-group-1, groupId=order-group] Successfully synced group in generation Generation{generationId=5, memberId='consumer-order-group-1-bc01bb57-f76e-4e08-9603-d9acaa0e6320', protocol='range'}
2026-05-02T15:10:22.395+05:30  INFO 17972 --- [order-service] [org.springframework.kafka.KafkaListenerEndpointContainer#0-0-C-1] o.a.k.c.c.internals.ConsumerCoordinator  : [Consumer clientId=consumer-order-group-1, groupId=order-group] Notifying assignor about the new Assignment(partitions=[payment-success-0])
2026-05-02T15:10:22.395+05:30  INFO 17972 --- [order-service] [org.springframework.kafka.KafkaListenerEndpointContainer#1-0-C-1] o.a.k.c.c.internals.ConsumerCoordinator  : [Consumer clientId=consumer-order-group-2, groupId=order-group] Notifying assignor about the new Assignment(partitions=[payment-failed-0])
2026-05-02T15:10:22.401+05:30  INFO 17972 --- [order-service] [org.springframework.kafka.KafkaListenerEndpointContainer#0-0-C-1] k.c.c.i.ConsumerRebalanceListenerInvoker : [Consumer clientId=consumer-order-group-1, groupId=order-group] Adding newly assigned partitions: payment-success-0
2026-05-02T15:10:22.401+05:30  INFO 17972 --- [order-service] [org.springframework.kafka.KafkaListenerEndpointContainer#1-0-C-1] k.c.c.i.ConsumerRebalanceListenerInvoker : [Consumer clientId=consumer-order-group-2, groupId=order-group] Adding newly assigned partitions: payment-failed-0
2026-05-02T15:10:22.409+05:30  INFO 17972 --- [order-service] [org.springframework.kafka.KafkaListenerEndpointContainer#0-0-C-1] o.a.k.c.c.internals.ConsumerCoordinator  : [Consumer clientId=consumer-order-group-1, groupId=order-group] Found no committed offset for partition payment-success-0
2026-05-02T15:10:22.409+05:30  INFO 17972 --- [order-service] [org.springframework.kafka.KafkaListenerEndpointContainer#1-0-C-1] o.a.k.c.c.internals.ConsumerCoordinator  : [Consumer clientId=consumer-order-group-2, groupId=order-group] Found no committed offset for partition payment-failed-0
2026-05-02T15:10:22.419+05:30  INFO 17972 --- [order-service] [org.springframework.kafka.KafkaListenerEndpointContainer#0-0-C-1] o.a.k.c.c.internals.SubscriptionState    : [Consumer clientId=consumer-order-group-1, groupId=order-group] Resetting offset for partition payment-success-0 to position FetchPosition{offset=0, offsetEpoch=Optional.empty, currentLeader=LeaderAndEpoch{leader=Optional[NIRANJAN-LAP:9092 (id: 0 rack: null)], epoch=0}}.
2026-05-02T15:10:22.419+05:30  INFO 17972 --- [order-service] [org.springframework.kafka.KafkaListenerEndpointContainer#1-0-C-1] o.a.k.c.c.internals.SubscriptionState    : [Consumer clientId=consumer-order-group-2, groupId=order-group] Resetting offset for partition payment-failed-0 to position FetchPosition{offset=0, offsetEpoch=Optional.empty, currentLeader=LeaderAndEpoch{leader=Optional[NIRANJAN-LAP:9092 (id: 0 rack: null)], epoch=0}}.
2026-05-02T15:10:22.422+05:30  INFO 17972 --- [order-service] [org.springframework.kafka.KafkaListenerEndpointContainer#1-0-C-1] o.s.k.l.KafkaMessageListenerContainer    : order-group: partitions assigned: [payment-failed-0]
2026-05-02T15:10:22.422+05:30  INFO 17972 --- [order-service] [org.springframework.kafka.KafkaListenerEndpointContainer#0-0-C-1] o.s.k.l.KafkaMessageListenerContainer    : order-group: partitions assigned: [payment-success-0]
2026-05-02T15:10:26.164+05:30  INFO 17972 --- [order-service] [http-nio-8106-exec-2] o.a.c.c.C.[Tomcat].[localhost].[/]       : Initializing Spring DispatcherServlet 'dispatcherServlet'
2026-05-02T15:10:26.164+05:30  INFO 17972 --- [order-service] [http-nio-8106-exec-2] o.s.web.servlet.DispatcherServlet        : Initializing Servlet 'dispatcherServlet'
2026-05-02T15:10:26.168+05:30  INFO 17972 --- [order-service] [http-nio-8106-exec-2] o.s.web.servlet.DispatcherServlet        : Completed initialization in 4 ms
2026-05-02T15:10:26.253+05:30  INFO 17972 --- [order-service] [http-nio-8106-exec-2] c.n.e.order.controller.OrderController   : Create Order API called, userId=6
2026-05-02T15:10:26.290+05:30  INFO 17972 --- [order-service] [http-nio-8106-exec-2] c.n.e.o.service.impl.OrderServiceImpl    : Inside OrderServiceImpl - createOrder method, userId=6
2026-05-02T15:10:26.588+05:30 DEBUG 17972 --- [order-service] [http-nio-8106-exec-2] c.n.e.o.service.impl.OrderServiceImpl    : UserResponse: {"id":6,"firstName":"Niranjana","lastName":"Charty","email":"niranjana.charty2013@example.com","phone":"9583172160","role":"CUSTOMER","address":{"street":"Khajaguda","city":"Hyderabad","state":"Telengana","country":"India","zipcode":"50032"}}
2026-05-02T15:10:26.674+05:30 DEBUG 17972 --- [order-service] [http-nio-8106-exec-2] c.n.e.o.service.impl.OrderServiceImpl    : CartItem: Error converting to JSON
2026-05-02T15:10:26.892+05:30  INFO 17972 --- [order-service] [http-nio-8106-exec-2] c.n.e.o.service.impl.OrderServiceImpl    : savedOrder: [FAILED toString()]
2026-05-02T15:10:26.928+05:30  INFO 17972 --- [order-service] [http-nio-8106-exec-2] c.n.e.o.service.impl.OrderServiceImpl    : Order created with ID=9
2026-05-02T15:10:26.933+05:30  INFO 17972 --- [order-service] [http-nio-8106-exec-2] c.n.e.o.service.impl.OrderServiceImpl    : Created OrderEvent: OrderEvent [orderId=9, userId=6, totalAmount=204000.00, status=PENDING, items=[OrderItemEventDTO [productId=9, quantity=3, price=204000.00, subtotal=612000.00]]]
2026-05-02T15:10:26.933+05:30  INFO 17972 --- [order-service] [http-nio-8106-exec-2] c.n.e.order.producer.OrderProducer       : Sending Order Event to Kafka: OrderEvent [orderId=9, userId=6, totalAmount=204000.00, status=PENDING, items=[OrderItemEventDTO [productId=9, quantity=3, price=204000.00, subtotal=612000.00]]]
2026-05-02T15:10:26.966+05:30  INFO 17972 --- [order-service] [http-nio-8106-exec-2] o.a.k.clients.producer.ProducerConfig    : ProducerConfig values: 
	acks = -1
	auto.include.jmx.reporter = true
	batch.size = 16384
	bootstrap.servers = [localhost:9092]
	buffer.memory = 33554432
	client.dns.lookup = use_all_dns_ips
	client.id = order-service-producer-1
	compression.gzip.level = -1
	compression.lz4.level = 9
	compression.type = none
	compression.zstd.level = 3
	connections.max.idle.ms = 540000
	delivery.timeout.ms = 120000
	enable.idempotence = true
	enable.metrics.push = true
	interceptor.classes = []
	key.serializer = class org.apache.kafka.common.serialization.StringSerializer
	linger.ms = 0
	max.block.ms = 60000
	max.in.flight.requests.per.connection = 5
	max.request.size = 1048576
	metadata.max.age.ms = 300000
	metadata.max.idle.ms = 300000
	metadata.recovery.strategy = none
	metric.reporters = []
	metrics.num.samples = 2
	metrics.recording.level = INFO
	metrics.sample.window.ms = 30000
	partitioner.adaptive.partitioning.enable = true
	partitioner.availability.timeout.ms = 0
	partitioner.class = null
	partitioner.ignore.keys = false
	receive.buffer.bytes = 32768
	reconnect.backoff.max.ms = 1000
	reconnect.backoff.ms = 50
	request.timeout.ms = 30000
	retries = 3
	retry.backoff.max.ms = 1000
	retry.backoff.ms = 100
	sasl.client.callback.handler.class = null
	sasl.jaas.config = null
	sasl.kerberos.kinit.cmd = /usr/bin/kinit
	sasl.kerberos.min.time.before.relogin = 60000
	sasl.kerberos.service.name = null
	sasl.kerberos.ticket.renew.jitter = 0.05
	sasl.kerberos.ticket.renew.window.factor = 0.8
	sasl.login.callback.handler.class = null
	sasl.login.class = null
	sasl.login.connect.timeout.ms = null
	sasl.login.read.timeout.ms = null
	sasl.login.refresh.buffer.seconds = 300
	sasl.login.refresh.min.period.seconds = 60
	sasl.login.refresh.window.factor = 0.8
	sasl.login.refresh.window.jitter = 0.05
	sasl.login.retry.backoff.max.ms = 10000
	sasl.login.retry.backoff.ms = 100
	sasl.mechanism = GSSAPI
	sasl.oauthbearer.clock.skew.seconds = 30
	sasl.oauthbearer.expected.audience = null
	sasl.oauthbearer.expected.issuer = null
	sasl.oauthbearer.header.urlencode = false
	sasl.oauthbearer.jwks.endpoint.refresh.ms = 3600000
	sasl.oauthbearer.jwks.endpoint.retry.backoff.max.ms = 10000
	sasl.oauthbearer.jwks.endpoint.retry.backoff.ms = 100
	sasl.oauthbearer.jwks.endpoint.url = null
	sasl.oauthbearer.scope.claim.name = scope
	sasl.oauthbearer.sub.claim.name = sub
	sasl.oauthbearer.token.endpoint.url = null
	security.protocol = PLAINTEXT
	security.providers = null
	send.buffer.bytes = 131072
	socket.connection.setup.timeout.max.ms = 30000
	socket.connection.setup.timeout.ms = 10000
	ssl.cipher.suites = null
	ssl.enabled.protocols = [TLSv1.2, TLSv1.3]
	ssl.endpoint.identification.algorithm = https
	ssl.engine.factory.class = null
	ssl.key.password = null
	ssl.keymanager.algorithm = SunX509
	ssl.keystore.certificate.chain = null
	ssl.keystore.key = null
	ssl.keystore.location = null
	ssl.keystore.password = null
	ssl.keystore.type = JKS
	ssl.protocol = TLSv1.3
	ssl.provider = null
	ssl.secure.random.implementation = null
	ssl.trustmanager.algorithm = PKIX
	ssl.truststore.certificates = null
	ssl.truststore.location = null
	ssl.truststore.password = null
	ssl.truststore.type = JKS
	transaction.timeout.ms = 60000
	transactional.id = null
	value.serializer = class org.springframework.kafka.support.serializer.JsonSerializer

2026-05-02T15:10:26.975+05:30  INFO 17972 --- [order-service] [http-nio-8106-exec-2] o.a.k.c.t.i.KafkaMetricsCollector        : initializing Kafka metrics collector
2026-05-02T15:10:26.998+05:30  INFO 17972 --- [order-service] [http-nio-8106-exec-2] o.a.k.clients.producer.KafkaProducer     : [Producer clientId=order-service-producer-1] Instantiated an idempotent producer.
2026-05-02T15:10:27.077+05:30  INFO 17972 --- [order-service] [http-nio-8106-exec-2] o.a.kafka.common.utils.AppInfoParser     : Kafka version: 3.9.2
2026-05-02T15:10:27.077+05:30  INFO 17972 --- [order-service] [http-nio-8106-exec-2] o.a.kafka.common.utils.AppInfoParser     : Kafka commitId: 5e9866f43ab8e7e4
2026-05-02T15:10:27.080+05:30  INFO 17972 --- [order-service] [http-nio-8106-exec-2] o.a.kafka.common.utils.AppInfoParser     : Kafka startTimeMs: 1777714827075
2026-05-02T15:10:27.114+05:30  INFO 17972 --- [order-service] [kafka-producer-network-thread | order-service-producer-1] org.apache.kafka.clients.Metadata        : [Producer clientId=order-service-producer-1] Cluster ID: Hw03Xa2qTEaBMrvTE9-BFQ
2026-05-02T15:10:27.122+05:30  INFO 17972 --- [order-service] [kafka-producer-network-thread | order-service-producer-1] o.a.k.c.p.internals.TransactionManager   : [Producer clientId=order-service-producer-1] ProducerId set to 3 with epoch 0
2026-05-02T15:10:27.169+05:30  INFO 17972 --- [order-service] [http-nio-8106-exec-2] c.n.e.order.producer.OrderProducer       : Order Event sent successfully for orderId=9
2026-05-02T15:12:46.381+05:30  INFO 17972 --- [order-service] [http-nio-8106-exec-5] c.n.e.order.controller.OrderController   : Fetching orders for userId=1
2026-05-02T15:12:48.951+05:30  INFO 17972 --- [order-service] [http-nio-8106-exec-9] c.n.e.order.controller.OrderController   : Fetching orders for userId=6
2026-05-02T15:13:22.167+05:30  INFO 17972 --- [order-service] [http-nio-8106-exec-8] c.n.e.order.controller.OrderController   : Inside OrderController - getOrderById, orderId=5
2026-05-02T15:13:26.821+05:30  INFO 17972 --- [order-service] [http-nio-8106-exec-10] c.n.e.order.controller.OrderController   : Inside OrderController - getOrderById, orderId=9
2026-05-02T15:15:21.369+05:30  INFO 17972 --- [order-service] [AsyncResolver-bootstrap-executor-%d] c.n.d.s.r.aws.ConfigClusterResolver      : Resolving eureka endpoints via configuration
2026-05-02T15:20:21.372+05:30  INFO 17972 --- [order-service] [AsyncResolver-bootstrap-executor-%d] c.n.d.s.r.aws.ConfigClusterResolver      : Resolving eureka endpoints via configuration
2026-05-02T15:25:21.379+05:30  INFO 17972 --- [order-service] [AsyncResolver-bootstrap-executor-%d] c.n.d.s.r.aws.ConfigClusterResolver      : Resolving eureka endpoints via configuration
2026-05-02T15:30:21.384+05:30  INFO 17972 --- [order-service] [AsyncResolver-bootstrap-executor-%d] c.n.d.s.r.aws.ConfigClusterResolver      : Resolving eureka endpoints via configuration
2026-05-02T15:35:21.389+05:30  INFO 17972 --- [order-service] [AsyncResolver-bootstrap-executor-%d] c.n.d.s.r.aws.ConfigClusterResolver      : Resolving eureka endpoints via configuration
2026-05-02T15:40:21.406+05:30  INFO 17972 --- [order-service] [AsyncResolver-bootstrap-executor-%d] c.n.d.s.r.aws.ConfigClusterResolver      : Resolving eureka endpoints via configuration
2026-05-02T15:45:21.423+05:30  INFO 17972 --- [order-service] [AsyncResolver-bootstrap-executor-%d] c.n.d.s.r.aws.ConfigClusterResolver      : Resolving eureka endpoints via configuration
2026-05-02T15:50:21.426+05:30  INFO 17972 --- [order-service] [AsyncResolver-bootstrap-executor-%d] c.n.d.s.r.aws.ConfigClusterResolver      : Resolving eureka endpoints via configuration
2026-05-02T15:55:21.437+05:30  INFO 17972 --- [order-service] [AsyncResolver-bootstrap-executor-%d] c.n.d.s.r.aws.ConfigClusterResolver      : Resolving eureka endpoints via configuration
2026-05-02T16:00:21.447+05:30  INFO 17972 --- [order-service] [AsyncResolver-bootstrap-executor-%d] c.n.d.s.r.aws.ConfigClusterResolver      : Resolving eureka endpoints via configuration
2026-05-02T16:05:21.452+05:30  INFO 17972 --- [order-service] [AsyncResolver-bootstrap-executor-%d] c.n.d.s.r.aws.ConfigClusterResolver      : Resolving eureka endpoints via configuration
2026-05-02T16:10:21.461+05:30  INFO 17972 --- [order-service] [AsyncResolver-bootstrap-executor-%d] c.n.d.s.r.aws.ConfigClusterResolver      : Resolving eureka endpoints via configuration
2026-05-02T16:26:27.637+05:30  INFO 20732 --- [order-service] [main] c.n.e.order.OrderServiceApplication      : Starting OrderServiceApplication using Java 21.0.10 with PID 20732 (C:\EmbarkX\ecommerce-microservices\order-service\target\classes started by niran in C:\EmbarkX\ecommerce-microservices\order-service)
2026-05-02T16:26:27.639+05:30 DEBUG 20732 --- [order-service] [main] c.n.e.order.OrderServiceApplication      : Running with Spring Boot v3.5.14, Spring v6.2.18
2026-05-02T16:26:27.640+05:30  INFO 20732 --- [order-service] [main] c.n.e.order.OrderServiceApplication      : No active profile set, falling back to 1 default profile: "default"
2026-05-02T16:26:28.871+05:30  INFO 20732 --- [order-service] [main] .s.d.r.c.RepositoryConfigurationDelegate : Bootstrapping Spring Data JPA repositories in DEFAULT mode.
2026-05-02T16:26:28.995+05:30  INFO 20732 --- [order-service] [main] .s.d.r.c.RepositoryConfigurationDelegate : Finished Spring Data repository scanning in 110 ms. Found 1 JPA repository interface.
2026-05-02T16:26:29.422+05:30  INFO 20732 --- [order-service] [main] o.s.cloud.context.scope.GenericScope     : BeanFactory id=44a7435c-4d4b-3c4a-95ad-967db0b7f98d
2026-05-02T16:26:30.192+05:30  INFO 20732 --- [order-service] [main] o.s.b.w.embedded.tomcat.TomcatWebServer  : Tomcat initialized with port 8106 (http)
2026-05-02T16:26:30.211+05:30  INFO 20732 --- [order-service] [main] o.apache.catalina.core.StandardService   : Starting service [Tomcat]
2026-05-02T16:26:30.212+05:30  INFO 20732 --- [order-service] [main] o.apache.catalina.core.StandardEngine    : Starting Servlet engine: [Apache Tomcat/10.1.54]
2026-05-02T16:26:30.278+05:30  INFO 20732 --- [order-service] [main] o.a.c.c.C.[Tomcat].[localhost].[/]       : Initializing Spring embedded WebApplicationContext
2026-05-02T16:26:30.278+05:30  INFO 20732 --- [order-service] [main] w.s.c.ServletWebServerApplicationContext : Root WebApplicationContext: initialization completed in 2573 ms
2026-05-02T16:26:30.799+05:30  INFO 20732 --- [order-service] [main] o.hibernate.jpa.internal.util.LogHelper  : HHH000204: Processing PersistenceUnitInfo [name: default]
2026-05-02T16:26:30.863+05:30  INFO 20732 --- [order-service] [main] org.hibernate.Version                    : HHH000412: Hibernate ORM core version 6.6.49.Final
2026-05-02T16:26:30.898+05:30  INFO 20732 --- [order-service] [main] o.h.c.internal.RegionFactoryInitiator    : HHH000026: Second-level cache disabled
2026-05-02T16:26:31.146+05:30  INFO 20732 --- [order-service] [main] o.s.o.j.p.SpringPersistenceUnitInfo      : No LoadTimeWeaver setup: ignoring JPA class transformer
2026-05-02T16:26:31.176+05:30  INFO 20732 --- [order-service] [main] com.zaxxer.hikari.HikariDataSource       : HikariPool-1 - Starting...
2026-05-02T16:26:31.383+05:30  INFO 20732 --- [order-service] [main] com.zaxxer.hikari.pool.HikariPool        : HikariPool-1 - Added connection org.postgresql.jdbc.PgConnection@33bf2602
2026-05-02T16:26:31.385+05:30  INFO 20732 --- [order-service] [main] com.zaxxer.hikari.HikariDataSource       : HikariPool-1 - Start completed.
2026-05-02T16:26:31.426+05:30  WARN 20732 --- [order-service] [main] org.hibernate.orm.deprecation            : HHH90000025: PostgreSQLDialect does not need to be specified explicitly using 'hibernate.dialect' (remove the property setting and it will be selected by default)
2026-05-02T16:26:31.453+05:30  INFO 20732 --- [order-service] [main] org.hibernate.orm.connections.pooling    : HHH10001005: Database info:
	Database JDBC URL [Connecting through datasource 'HikariDataSource (HikariPool-1)']
	Database driver: undefined/unknown
	Database version: 18.1
	Autocommit mode: undefined/unknown
	Isolation level: undefined/unknown
	Minimum pool size: undefined/unknown
	Maximum pool size: undefined/unknown
2026-05-02T16:26:32.358+05:30  INFO 20732 --- [order-service] [main] o.h.e.t.j.p.i.JtaPlatformInitiator       : HHH000489: No JTA platform available (set 'hibernate.transaction.jta.platform' to enable JTA platform integration)
2026-05-02T16:26:32.438+05:30  INFO 20732 --- [order-service] [main] j.LocalContainerEntityManagerFactoryBean : Initialized JPA EntityManagerFactory for persistence unit 'default'
2026-05-02T16:26:33.002+05:30  WARN 20732 --- [order-service] [main] JpaBaseConfiguration$JpaWebConfiguration : spring.jpa.open-in-view is enabled by default. Therefore, database queries may be performed during view rendering. Explicitly configure spring.jpa.open-in-view to disable this warning
2026-05-02T16:26:33.122+05:30  INFO 20732 --- [order-service] [main] o.s.c.openfeign.FeignClientFactoryBean   : For 'cart-service' URL not provided. Will try picking an instance via load-balancing.
2026-05-02T16:26:33.213+05:30  INFO 20732 --- [order-service] [main] o.s.c.openfeign.FeignClientFactoryBean   : For 'user-service' URL not provided. Will try picking an instance via load-balancing.
2026-05-02T16:26:33.234+05:30  INFO 20732 --- [order-service] [main] o.s.c.openfeign.FeignClientFactoryBean   : For 'payment-service' URL not provided. Will try picking an instance via load-balancing.
2026-05-02T16:26:34.849+05:30  INFO 20732 --- [order-service] [main] DiscoveryClientOptionalArgsConfiguration : Eureka HTTP Client uses RestTemplate.
2026-05-02T16:26:34.902+05:30  WARN 20732 --- [order-service] [main] iguration$LoadBalancerCaffeineWarnLogger : Spring Cloud LoadBalancer is currently working with the default cache. While this cache implementation is useful for development and tests, it's recommended to use Caffeine cache in production.You can switch to using Caffeine cache, by adding it and org.springframework.cache.caffeine.CaffeineCacheManager to the classpath.
2026-05-02T16:26:34.932+05:30  INFO 20732 --- [order-service] [main] o.s.b.a.e.web.EndpointLinksResolver      : Exposing 27 endpoints beneath base path '/actuator'
2026-05-02T16:26:35.051+05:30  INFO 20732 --- [order-service] [main] o.a.k.clients.admin.AdminClientConfig    : AdminClientConfig values: 
	auto.include.jmx.reporter = true
	bootstrap.controllers = []
	bootstrap.servers = [localhost:9092]
	client.dns.lookup = use_all_dns_ips
	client.id = order-service-admin-0
	connections.max.idle.ms = 300000
	default.api.timeout.ms = 60000
	enable.metrics.push = true
	metadata.max.age.ms = 300000
	metadata.recovery.strategy = none
	metric.reporters = []
	metrics.num.samples = 2
	metrics.recording.level = INFO
	metrics.sample.window.ms = 30000
	receive.buffer.bytes = 65536
	reconnect.backoff.max.ms = 1000
	reconnect.backoff.ms = 50
	request.timeout.ms = 30000
	retries = 2147483647
	retry.backoff.max.ms = 1000
	retry.backoff.ms = 100
	sasl.client.callback.handler.class = null
	sasl.jaas.config = null
	sasl.kerberos.kinit.cmd = /usr/bin/kinit
	sasl.kerberos.min.time.before.relogin = 60000
	sasl.kerberos.service.name = null
	sasl.kerberos.ticket.renew.jitter = 0.05
	sasl.kerberos.ticket.renew.window.factor = 0.8
	sasl.login.callback.handler.class = null
	sasl.login.class = null
	sasl.login.connect.timeout.ms = null
	sasl.login.read.timeout.ms = null
	sasl.login.refresh.buffer.seconds = 300
	sasl.login.refresh.min.period.seconds = 60
	sasl.login.refresh.window.factor = 0.8
	sasl.login.refresh.window.jitter = 0.05
	sasl.login.retry.backoff.max.ms = 10000
	sasl.login.retry.backoff.ms = 100
	sasl.mechanism = GSSAPI
	sasl.oauthbearer.clock.skew.seconds = 30
	sasl.oauthbearer.expected.audience = null
	sasl.oauthbearer.expected.issuer = null
	sasl.oauthbearer.header.urlencode = false
	sasl.oauthbearer.jwks.endpoint.refresh.ms = 3600000
	sasl.oauthbearer.jwks.endpoint.retry.backoff.max.ms = 10000
	sasl.oauthbearer.jwks.endpoint.retry.backoff.ms = 100
	sasl.oauthbearer.jwks.endpoint.url = null
	sasl.oauthbearer.scope.claim.name = scope
	sasl.oauthbearer.sub.claim.name = sub
	sasl.oauthbearer.token.endpoint.url = null
	security.protocol = PLAINTEXT
	security.providers = null
	send.buffer.bytes = 131072
	socket.connection.setup.timeout.max.ms = 30000
	socket.connection.setup.timeout.ms = 10000
	ssl.cipher.suites = null
	ssl.enabled.protocols = [TLSv1.2, TLSv1.3]
	ssl.endpoint.identification.algorithm = https
	ssl.engine.factory.class = null
	ssl.key.password = null
	ssl.keymanager.algorithm = SunX509
	ssl.keystore.certificate.chain = null
	ssl.keystore.key = null
	ssl.keystore.location = null
	ssl.keystore.password = null
	ssl.keystore.type = JKS
	ssl.protocol = TLSv1.3
	ssl.provider = null
	ssl.secure.random.implementation = null
	ssl.trustmanager.algorithm = PKIX
	ssl.truststore.certificates = null
	ssl.truststore.location = null
	ssl.truststore.password = null
	ssl.truststore.type = JKS

2026-05-02T16:26:35.173+05:30  INFO 20732 --- [order-service] [main] o.a.kafka.common.utils.AppInfoParser     : Kafka version: 3.9.2
2026-05-02T16:26:35.173+05:30  INFO 20732 --- [order-service] [main] o.a.kafka.common.utils.AppInfoParser     : Kafka commitId: 5e9866f43ab8e7e4
2026-05-02T16:26:35.174+05:30  INFO 20732 --- [order-service] [main] o.a.kafka.common.utils.AppInfoParser     : Kafka startTimeMs: 1777719395172
2026-05-02T16:26:35.482+05:30  INFO 20732 --- [order-service] [kafka-admin-client-thread | order-service-admin-0] o.a.kafka.common.utils.AppInfoParser     : App info kafka.admin.client for order-service-admin-0 unregistered
2026-05-02T16:26:35.486+05:30  INFO 20732 --- [order-service] [kafka-admin-client-thread | order-service-admin-0] o.apache.kafka.common.metrics.Metrics    : Metrics scheduler closed
2026-05-02T16:26:35.486+05:30  INFO 20732 --- [order-service] [kafka-admin-client-thread | order-service-admin-0] o.apache.kafka.common.metrics.Metrics    : Closing reporter org.apache.kafka.common.metrics.JmxReporter
2026-05-02T16:26:35.487+05:30  INFO 20732 --- [order-service] [kafka-admin-client-thread | order-service-admin-0] o.apache.kafka.common.metrics.Metrics    : Metrics reporters closed
2026-05-02T16:26:35.506+05:30  INFO 20732 --- [order-service] [main] o.s.c.n.eureka.InstanceInfoFactory       : Setting initial instance status as: STARTING
2026-05-02T16:26:35.541+05:30  INFO 20732 --- [order-service] [main] com.netflix.discovery.DiscoveryClient    : Initializing Eureka in region us-east-1
2026-05-02T16:26:35.551+05:30  INFO 20732 --- [order-service] [main] c.n.d.s.r.aws.ConfigClusterResolver      : Resolving eureka endpoints via configuration
2026-05-02T16:26:35.563+05:30  INFO 20732 --- [order-service] [main] com.netflix.discovery.DiscoveryClient    : Disable delta property : false
2026-05-02T16:26:35.563+05:30  INFO 20732 --- [order-service] [main] com.netflix.discovery.DiscoveryClient    : Single vip registry refresh property : null
2026-05-02T16:26:35.563+05:30  INFO 20732 --- [order-service] [main] com.netflix.discovery.DiscoveryClient    : Force full registry fetch : false
2026-05-02T16:26:35.563+05:30  INFO 20732 --- [order-service] [main] com.netflix.discovery.DiscoveryClient    : Application is null : false
2026-05-02T16:26:35.563+05:30  INFO 20732 --- [order-service] [main] com.netflix.discovery.DiscoveryClient    : Registered Applications size is zero : true
2026-05-02T16:26:35.563+05:30  INFO 20732 --- [order-service] [main] com.netflix.discovery.DiscoveryClient    : Application version is -1: true
2026-05-02T16:26:35.563+05:30  INFO 20732 --- [order-service] [main] com.netflix.discovery.DiscoveryClient    : Getting all instance registry info from the eureka server
2026-05-02T16:26:35.931+05:30  INFO 20732 --- [order-service] [main] com.netflix.discovery.DiscoveryClient    : The response status is 200
2026-05-02T16:26:35.934+05:30  INFO 20732 --- [order-service] [main] com.netflix.discovery.DiscoveryClient    : Starting heartbeat executor: renew interval is: 30
2026-05-02T16:26:35.936+05:30  INFO 20732 --- [order-service] [main] c.n.discovery.InstanceInfoReplicator     : InstanceInfoReplicator onDemand update allowed rate per min is 4
2026-05-02T16:26:35.939+05:30  INFO 20732 --- [order-service] [main] com.netflix.discovery.DiscoveryClient    : Discovery Client initialized at timestamp 1777719395938 with initial instances count: 3
2026-05-02T16:26:35.948+05:30  INFO 20732 --- [order-service] [main] o.s.c.n.e.s.EurekaServiceRegistry        : Registering application ORDER-SERVICE with eureka with status UP
2026-05-02T16:26:35.949+05:30  INFO 20732 --- [order-service] [main] com.netflix.discovery.DiscoveryClient    : Saw local status change event StatusChangeEvent [timestamp=1777719395949, current=UP, previous=STARTING]
2026-05-02T16:26:35.952+05:30  INFO 20732 --- [order-service] [DiscoveryClient-InstanceInfoReplicator-%d] com.netflix.discovery.DiscoveryClient    : DiscoveryClient_ORDER-SERVICE/NIRANJAN-LAP.mshome.net:order-service:8106: registering service...
2026-05-02T16:26:35.974+05:30  INFO 20732 --- [order-service] [main] o.s.b.w.embedded.tomcat.TomcatWebServer  : Tomcat started on port 8106 (http) with context path '/'
2026-05-02T16:26:35.976+05:30  INFO 20732 --- [order-service] [main] .s.c.n.e.s.EurekaAutoServiceRegistration : Updating port to 8106
2026-05-02T16:26:36.010+05:30  INFO 20732 --- [order-service] [main] o.a.k.clients.consumer.ConsumerConfig    : ConsumerConfig values: 
	allow.auto.create.topics = true
	auto.commit.interval.ms = 5000
	auto.include.jmx.reporter = true
	auto.offset.reset = earliest
	bootstrap.servers = [localhost:9092]
	check.crcs = true
	client.dns.lookup = use_all_dns_ips
	client.id = consumer-order-group-1
	client.rack = 
	connections.max.idle.ms = 540000
	default.api.timeout.ms = 60000
	enable.auto.commit = false
	enable.metrics.push = true
	exclude.internal.topics = true
	fetch.max.bytes = 52428800
	fetch.max.wait.ms = 500
	fetch.min.bytes = 1
	group.id = order-group
	group.instance.id = null
	group.protocol = classic
	group.remote.assignor = null
	heartbeat.interval.ms = 3000
	interceptor.classes = []
	internal.leave.group.on.close = true
	internal.throw.on.fetch.stable.offset.unsupported = false
	isolation.level = read_uncommitted
	key.deserializer = class org.apache.kafka.common.serialization.StringDeserializer
	max.partition.fetch.bytes = 1048576
	max.poll.interval.ms = 300000
	max.poll.records = 500
	metadata.max.age.ms = 300000
	metadata.recovery.strategy = none
	metric.reporters = []
	metrics.num.samples = 2
	metrics.recording.level = INFO
	metrics.sample.window.ms = 30000
	partition.assignment.strategy = [class org.apache.kafka.clients.consumer.RangeAssignor, class org.apache.kafka.clients.consumer.CooperativeStickyAssignor]
	receive.buffer.bytes = 65536
	reconnect.backoff.max.ms = 1000
	reconnect.backoff.ms = 50
	request.timeout.ms = 30000
	retry.backoff.max.ms = 1000
	retry.backoff.ms = 100
	sasl.client.callback.handler.class = null
	sasl.jaas.config = null
	sasl.kerberos.kinit.cmd = /usr/bin/kinit
	sasl.kerberos.min.time.before.relogin = 60000
	sasl.kerberos.service.name = null
	sasl.kerberos.ticket.renew.jitter = 0.05
	sasl.kerberos.ticket.renew.window.factor = 0.8
	sasl.login.callback.handler.class = null
	sasl.login.class = null
	sasl.login.connect.timeout.ms = null
	sasl.login.read.timeout.ms = null
	sasl.login.refresh.buffer.seconds = 300
	sasl.login.refresh.min.period.seconds = 60
	sasl.login.refresh.window.factor = 0.8
	sasl.login.refresh.window.jitter = 0.05
	sasl.login.retry.backoff.max.ms = 10000
	sasl.login.retry.backoff.ms = 100
	sasl.mechanism = GSSAPI
	sasl.oauthbearer.clock.skew.seconds = 30
	sasl.oauthbearer.expected.audience = null
	sasl.oauthbearer.expected.issuer = null
	sasl.oauthbearer.header.urlencode = false
	sasl.oauthbearer.jwks.endpoint.refresh.ms = 3600000
	sasl.oauthbearer.jwks.endpoint.retry.backoff.max.ms = 10000
	sasl.oauthbearer.jwks.endpoint.retry.backoff.ms = 100
	sasl.oauthbearer.jwks.endpoint.url = null
	sasl.oauthbearer.scope.claim.name = scope
	sasl.oauthbearer.sub.claim.name = sub
	sasl.oauthbearer.token.endpoint.url = null
	security.protocol = PLAINTEXT
	security.providers = null
	send.buffer.bytes = 131072
	session.timeout.ms = 45000
	socket.connection.setup.timeout.max.ms = 30000
	socket.connection.setup.timeout.ms = 10000
	ssl.cipher.suites = null
	ssl.enabled.protocols = [TLSv1.2, TLSv1.3]
	ssl.endpoint.identification.algorithm = https
	ssl.engine.factory.class = null
	ssl.key.password = null
	ssl.keymanager.algorithm = SunX509
	ssl.keystore.certificate.chain = null
	ssl.keystore.key = null
	ssl.keystore.location = null
	ssl.keystore.password = null
	ssl.keystore.type = JKS
	ssl.protocol = TLSv1.3
	ssl.provider = null
	ssl.secure.random.implementation = null
	ssl.trustmanager.algorithm = PKIX
	ssl.truststore.certificates = null
	ssl.truststore.location = null
	ssl.truststore.password = null
	ssl.truststore.type = JKS
	value.deserializer = class org.springframework.kafka.support.serializer.JsonDeserializer

2026-05-02T16:26:36.013+05:30  INFO 20732 --- [order-service] [DiscoveryClient-InstanceInfoReplicator-%d] com.netflix.discovery.DiscoveryClient    : DiscoveryClient_ORDER-SERVICE/NIRANJAN-LAP.mshome.net:order-service:8106 - registration status: 204
2026-05-02T16:26:36.038+05:30  INFO 20732 --- [order-service] [main] o.a.k.c.t.i.KafkaMetricsCollector        : initializing Kafka metrics collector
2026-05-02T16:26:36.086+05:30  INFO 20732 --- [order-service] [main] o.a.kafka.common.utils.AppInfoParser     : Kafka version: 3.9.2
2026-05-02T16:26:36.087+05:30  INFO 20732 --- [order-service] [main] o.a.kafka.common.utils.AppInfoParser     : Kafka commitId: 5e9866f43ab8e7e4
2026-05-02T16:26:36.087+05:30  INFO 20732 --- [order-service] [main] o.a.kafka.common.utils.AppInfoParser     : Kafka startTimeMs: 1777719396086
2026-05-02T16:26:36.107+05:30  INFO 20732 --- [order-service] [main] o.a.k.c.c.i.ClassicKafkaConsumer         : [Consumer clientId=consumer-order-group-1, groupId=order-group] Subscribed to topic(s): payment-success
2026-05-02T16:26:36.120+05:30  INFO 20732 --- [order-service] [main] o.a.k.clients.consumer.ConsumerConfig    : ConsumerConfig values: 
	allow.auto.create.topics = true
	auto.commit.interval.ms = 5000
	auto.include.jmx.reporter = true
	auto.offset.reset = earliest
	bootstrap.servers = [localhost:9092]
	check.crcs = true
	client.dns.lookup = use_all_dns_ips
	client.id = consumer-order-group-2
	client.rack = 
	connections.max.idle.ms = 540000
	default.api.timeout.ms = 60000
	enable.auto.commit = false
	enable.metrics.push = true
	exclude.internal.topics = true
	fetch.max.bytes = 52428800
	fetch.max.wait.ms = 500
	fetch.min.bytes = 1
	group.id = order-group
	group.instance.id = null
	group.protocol = classic
	group.remote.assignor = null
	heartbeat.interval.ms = 3000
	interceptor.classes = []
	internal.leave.group.on.close = true
	internal.throw.on.fetch.stable.offset.unsupported = false
	isolation.level = read_uncommitted
	key.deserializer = class org.apache.kafka.common.serialization.StringDeserializer
	max.partition.fetch.bytes = 1048576
	max.poll.interval.ms = 300000
	max.poll.records = 500
	metadata.max.age.ms = 300000
	metadata.recovery.strategy = none
	metric.reporters = []
	metrics.num.samples = 2
	metrics.recording.level = INFO
	metrics.sample.window.ms = 30000
	partition.assignment.strategy = [class org.apache.kafka.clients.consumer.RangeAssignor, class org.apache.kafka.clients.consumer.CooperativeStickyAssignor]
	receive.buffer.bytes = 65536
	reconnect.backoff.max.ms = 1000
	reconnect.backoff.ms = 50
	request.timeout.ms = 30000
	retry.backoff.max.ms = 1000
	retry.backoff.ms = 100
	sasl.client.callback.handler.class = null
	sasl.jaas.config = null
	sasl.kerberos.kinit.cmd = /usr/bin/kinit
	sasl.kerberos.min.time.before.relogin = 60000
	sasl.kerberos.service.name = null
	sasl.kerberos.ticket.renew.jitter = 0.05
	sasl.kerberos.ticket.renew.window.factor = 0.8
	sasl.login.callback.handler.class = null
	sasl.login.class = null
	sasl.login.connect.timeout.ms = null
	sasl.login.read.timeout.ms = null
	sasl.login.refresh.buffer.seconds = 300
	sasl.login.refresh.min.period.seconds = 60
	sasl.login.refresh.window.factor = 0.8
	sasl.login.refresh.window.jitter = 0.05
	sasl.login.retry.backoff.max.ms = 10000
	sasl.login.retry.backoff.ms = 100
	sasl.mechanism = GSSAPI
	sasl.oauthbearer.clock.skew.seconds = 30
	sasl.oauthbearer.expected.audience = null
	sasl.oauthbearer.expected.issuer = null
	sasl.oauthbearer.header.urlencode = false
	sasl.oauthbearer.jwks.endpoint.refresh.ms = 3600000
	sasl.oauthbearer.jwks.endpoint.retry.backoff.max.ms = 10000
	sasl.oauthbearer.jwks.endpoint.retry.backoff.ms = 100
	sasl.oauthbearer.jwks.endpoint.url = null
	sasl.oauthbearer.scope.claim.name = scope
	sasl.oauthbearer.sub.claim.name = sub
	sasl.oauthbearer.token.endpoint.url = null
	security.protocol = PLAINTEXT
	security.providers = null
	send.buffer.bytes = 131072
	session.timeout.ms = 45000
	socket.connection.setup.timeout.max.ms = 30000
	socket.connection.setup.timeout.ms = 10000
	ssl.cipher.suites = null
	ssl.enabled.protocols = [TLSv1.2, TLSv1.3]
	ssl.endpoint.identification.algorithm = https
	ssl.engine.factory.class = null
	ssl.key.password = null
	ssl.keymanager.algorithm = SunX509
	ssl.keystore.certificate.chain = null
	ssl.keystore.key = null
	ssl.keystore.location = null
	ssl.keystore.password = null
	ssl.keystore.type = JKS
	ssl.protocol = TLSv1.3
	ssl.provider = null
	ssl.secure.random.implementation = null
	ssl.trustmanager.algorithm = PKIX
	ssl.truststore.certificates = null
	ssl.truststore.location = null
	ssl.truststore.password = null
	ssl.truststore.type = JKS
	value.deserializer = class org.springframework.kafka.support.serializer.JsonDeserializer

2026-05-02T16:26:36.121+05:30  INFO 20732 --- [order-service] [main] o.a.k.c.t.i.KafkaMetricsCollector        : initializing Kafka metrics collector
2026-05-02T16:26:36.126+05:30  INFO 20732 --- [order-service] [main] o.a.kafka.common.utils.AppInfoParser     : Kafka version: 3.9.2
2026-05-02T16:26:36.127+05:30  INFO 20732 --- [order-service] [main] o.a.kafka.common.utils.AppInfoParser     : Kafka commitId: 5e9866f43ab8e7e4
2026-05-02T16:26:36.127+05:30  INFO 20732 --- [order-service] [main] o.a.kafka.common.utils.AppInfoParser     : Kafka startTimeMs: 1777719396126
2026-05-02T16:26:36.130+05:30  INFO 20732 --- [order-service] [main] o.a.k.c.c.i.ClassicKafkaConsumer         : [Consumer clientId=consumer-order-group-2, groupId=order-group] Subscribed to topic(s): payment-failed
2026-05-02T16:26:36.145+05:30  INFO 20732 --- [order-service] [org.springframework.kafka.KafkaListenerEndpointContainer#1-0-C-1] org.apache.kafka.clients.Metadata        : [Consumer clientId=consumer-order-group-2, groupId=order-group] Cluster ID: Hw03Xa2qTEaBMrvTE9-BFQ
2026-05-02T16:26:36.145+05:30  INFO 20732 --- [order-service] [org.springframework.kafka.KafkaListenerEndpointContainer#0-0-C-1] org.apache.kafka.clients.Metadata        : [Consumer clientId=consumer-order-group-1, groupId=order-group] Cluster ID: Hw03Xa2qTEaBMrvTE9-BFQ
2026-05-02T16:26:36.146+05:30  INFO 20732 --- [order-service] [org.springframework.kafka.KafkaListenerEndpointContainer#0-0-C-1] o.a.k.c.c.internals.ConsumerCoordinator  : [Consumer clientId=consumer-order-group-1, groupId=order-group] Discovered group coordinator NIRANJAN-LAP:9092 (id: 2147483647 rack: null)
2026-05-02T16:26:36.146+05:30  INFO 20732 --- [order-service] [org.springframework.kafka.KafkaListenerEndpointContainer#1-0-C-1] o.a.k.c.c.internals.ConsumerCoordinator  : [Consumer clientId=consumer-order-group-2, groupId=order-group] Discovered group coordinator NIRANJAN-LAP:9092 (id: 2147483647 rack: null)
2026-05-02T16:26:36.150+05:30  INFO 20732 --- [order-service] [org.springframework.kafka.KafkaListenerEndpointContainer#0-0-C-1] o.a.k.c.c.internals.ConsumerCoordinator  : [Consumer clientId=consumer-order-group-1, groupId=order-group] (Re-)joining group
2026-05-02T16:26:36.151+05:30  INFO 20732 --- [order-service] [org.springframework.kafka.KafkaListenerEndpointContainer#1-0-C-1] o.a.k.c.c.internals.ConsumerCoordinator  : [Consumer clientId=consumer-order-group-2, groupId=order-group] (Re-)joining group
2026-05-02T16:26:36.153+05:30  INFO 20732 --- [order-service] [main] c.n.e.order.OrderServiceApplication      : Started OrderServiceApplication in 9.097 seconds (process running for 9.613)
2026-05-02T16:26:36.183+05:30  INFO 20732 --- [order-service] [org.springframework.kafka.KafkaListenerEndpointContainer#0-0-C-1] o.a.k.c.c.internals.ConsumerCoordinator  : [Consumer clientId=consumer-order-group-1, groupId=order-group] Request joining group due to: need to re-join with the given member-id: consumer-order-group-1-bb94884b-ec5d-4c57-8ea6-def85c9fbc42
2026-05-02T16:26:36.183+05:30  INFO 20732 --- [order-service] [org.springframework.kafka.KafkaListenerEndpointContainer#1-0-C-1] o.a.k.c.c.internals.ConsumerCoordinator  : [Consumer clientId=consumer-order-group-2, groupId=order-group] Request joining group due to: need to re-join with the given member-id: consumer-order-group-2-e8fe9f98-f0bd-46f6-8fbb-514b234ceb73
2026-05-02T16:26:36.184+05:30  INFO 20732 --- [order-service] [org.springframework.kafka.KafkaListenerEndpointContainer#0-0-C-1] o.a.k.c.c.internals.ConsumerCoordinator  : [Consumer clientId=consumer-order-group-1, groupId=order-group] (Re-)joining group
2026-05-02T16:26:36.184+05:30  INFO 20732 --- [order-service] [org.springframework.kafka.KafkaListenerEndpointContainer#1-0-C-1] o.a.k.c.c.internals.ConsumerCoordinator  : [Consumer clientId=consumer-order-group-2, groupId=order-group] (Re-)joining group
2026-05-02T16:26:36.188+05:30  INFO 20732 --- [order-service] [org.springframework.kafka.KafkaListenerEndpointContainer#0-0-C-1] o.a.k.c.c.internals.ConsumerCoordinator  : [Consumer clientId=consumer-order-group-1, groupId=order-group] Successfully joined group with generation Generation{generationId=1, memberId='consumer-order-group-1-bb94884b-ec5d-4c57-8ea6-def85c9fbc42', protocol='range'}
2026-05-02T16:26:36.188+05:30  INFO 20732 --- [order-service] [org.springframework.kafka.KafkaListenerEndpointContainer#1-0-C-1] o.a.k.c.c.internals.ConsumerCoordinator  : [Consumer clientId=consumer-order-group-2, groupId=order-group] Successfully joined group with generation Generation{generationId=1, memberId='consumer-order-group-2-e8fe9f98-f0bd-46f6-8fbb-514b234ceb73', protocol='range'}
2026-05-02T16:26:36.213+05:30  INFO 20732 --- [order-service] [org.springframework.kafka.KafkaListenerEndpointContainer#0-0-C-1] o.a.k.c.c.internals.ConsumerCoordinator  : [Consumer clientId=consumer-order-group-1, groupId=order-group] Finished assignment for group at generation 1: {consumer-order-group-1-bb94884b-ec5d-4c57-8ea6-def85c9fbc42=Assignment(partitions=[payment-success-0]), consumer-order-group-2-e8fe9f98-f0bd-46f6-8fbb-514b234ceb73=Assignment(partitions=[payment-failed-0])}
2026-05-02T16:26:36.220+05:30  INFO 20732 --- [order-service] [org.springframework.kafka.KafkaListenerEndpointContainer#1-0-C-1] o.a.k.c.c.internals.ConsumerCoordinator  : [Consumer clientId=consumer-order-group-2, groupId=order-group] Successfully synced group in generation Generation{generationId=1, memberId='consumer-order-group-2-e8fe9f98-f0bd-46f6-8fbb-514b234ceb73', protocol='range'}
2026-05-02T16:26:36.220+05:30  INFO 20732 --- [order-service] [org.springframework.kafka.KafkaListenerEndpointContainer#0-0-C-1] o.a.k.c.c.internals.ConsumerCoordinator  : [Consumer clientId=consumer-order-group-1, groupId=order-group] Successfully synced group in generation Generation{generationId=1, memberId='consumer-order-group-1-bb94884b-ec5d-4c57-8ea6-def85c9fbc42', protocol='range'}
2026-05-02T16:26:36.220+05:30  INFO 20732 --- [order-service] [org.springframework.kafka.KafkaListenerEndpointContainer#1-0-C-1] o.a.k.c.c.internals.ConsumerCoordinator  : [Consumer clientId=consumer-order-group-2, groupId=order-group] Notifying assignor about the new Assignment(partitions=[payment-failed-0])
2026-05-02T16:26:36.220+05:30  INFO 20732 --- [order-service] [org.springframework.kafka.KafkaListenerEndpointContainer#0-0-C-1] o.a.k.c.c.internals.ConsumerCoordinator  : [Consumer clientId=consumer-order-group-1, groupId=order-group] Notifying assignor about the new Assignment(partitions=[payment-success-0])
2026-05-02T16:26:36.222+05:30  INFO 20732 --- [order-service] [org.springframework.kafka.KafkaListenerEndpointContainer#1-0-C-1] k.c.c.i.ConsumerRebalanceListenerInvoker : [Consumer clientId=consumer-order-group-2, groupId=order-group] Adding newly assigned partitions: payment-failed-0
2026-05-02T16:26:36.222+05:30  INFO 20732 --- [order-service] [org.springframework.kafka.KafkaListenerEndpointContainer#0-0-C-1] k.c.c.i.ConsumerRebalanceListenerInvoker : [Consumer clientId=consumer-order-group-1, groupId=order-group] Adding newly assigned partitions: payment-success-0
2026-05-02T16:26:36.230+05:30  INFO 20732 --- [order-service] [org.springframework.kafka.KafkaListenerEndpointContainer#0-0-C-1] o.a.k.c.c.internals.ConsumerCoordinator  : [Consumer clientId=consumer-order-group-1, groupId=order-group] Found no committed offset for partition payment-success-0
2026-05-02T16:26:36.230+05:30  INFO 20732 --- [order-service] [org.springframework.kafka.KafkaListenerEndpointContainer#1-0-C-1] o.a.k.c.c.internals.ConsumerCoordinator  : [Consumer clientId=consumer-order-group-2, groupId=order-group] Found no committed offset for partition payment-failed-0
2026-05-02T16:26:36.241+05:30  INFO 20732 --- [order-service] [org.springframework.kafka.KafkaListenerEndpointContainer#1-0-C-1] o.a.k.c.c.internals.SubscriptionState    : [Consumer clientId=consumer-order-group-2, groupId=order-group] Resetting offset for partition payment-failed-0 to position FetchPosition{offset=0, offsetEpoch=Optional.empty, currentLeader=LeaderAndEpoch{leader=Optional[NIRANJAN-LAP:9092 (id: 0 rack: null)], epoch=0}}.
2026-05-02T16:26:36.241+05:30  INFO 20732 --- [order-service] [org.springframework.kafka.KafkaListenerEndpointContainer#0-0-C-1] o.a.k.c.c.internals.SubscriptionState    : [Consumer clientId=consumer-order-group-1, groupId=order-group] Resetting offset for partition payment-success-0 to position FetchPosition{offset=0, offsetEpoch=Optional.empty, currentLeader=LeaderAndEpoch{leader=Optional[NIRANJAN-LAP:9092 (id: 0 rack: null)], epoch=0}}.
2026-05-02T16:26:36.242+05:30  INFO 20732 --- [order-service] [org.springframework.kafka.KafkaListenerEndpointContainer#1-0-C-1] o.s.k.l.KafkaMessageListenerContainer    : order-group: partitions assigned: [payment-failed-0]
2026-05-02T16:26:36.242+05:30  INFO 20732 --- [order-service] [org.springframework.kafka.KafkaListenerEndpointContainer#0-0-C-1] o.s.k.l.KafkaMessageListenerContainer    : order-group: partitions assigned: [payment-success-0]
2026-05-02T16:26:39.897+05:30  INFO 20732 --- [order-service] [http-nio-8106-exec-1] o.a.c.c.C.[Tomcat].[localhost].[/]       : Initializing Spring DispatcherServlet 'dispatcherServlet'
2026-05-02T16:26:39.897+05:30  INFO 20732 --- [order-service] [http-nio-8106-exec-1] o.s.web.servlet.DispatcherServlet        : Initializing Servlet 'dispatcherServlet'
2026-05-02T16:26:39.903+05:30  INFO 20732 --- [order-service] [http-nio-8106-exec-1] o.s.web.servlet.DispatcherServlet        : Completed initialization in 6 ms
2026-05-02T16:26:40.003+05:30  INFO 20732 --- [order-service] [http-nio-8106-exec-1] c.n.e.order.controller.OrderController   : Fetching orders for userId=6
2026-05-02T16:27:31.025+05:30  INFO 20732 --- [order-service] [http-nio-8106-exec-4] c.n.e.order.controller.OrderController   : Create Order API called, userId=6
2026-05-02T16:27:31.066+05:30  INFO 20732 --- [order-service] [http-nio-8106-exec-4] c.n.e.o.service.impl.OrderServiceImpl    : Inside OrderServiceImpl - createOrder method, userId=6
2026-05-02T16:27:31.461+05:30 DEBUG 20732 --- [order-service] [http-nio-8106-exec-4] c.n.e.o.service.impl.OrderServiceImpl    : UserResponse: {"id":6,"firstName":"Niranjana","lastName":"Charty","email":"niranjana.charty2013@example.com","phone":"9583172160","role":"CUSTOMER","address":{"street":"Khajaguda","city":"Hyderabad","state":"Telengana","country":"India","zipcode":"50032"}}
2026-05-02T16:27:31.597+05:30 DEBUG 20732 --- [order-service] [http-nio-8106-exec-4] c.n.e.o.service.impl.OrderServiceImpl    : CartItem: Error converting to JSON
2026-05-02T16:27:31.707+05:30  INFO 20732 --- [order-service] [http-nio-8106-exec-4] c.n.e.o.service.impl.OrderServiceImpl    : savedOrder: [FAILED toString()]
2026-05-02T16:27:31.736+05:30  INFO 20732 --- [order-service] [http-nio-8106-exec-4] c.n.e.o.service.impl.OrderServiceImpl    : Order created with ID=10
2026-05-02T16:27:31.738+05:30  INFO 20732 --- [order-service] [http-nio-8106-exec-4] c.n.e.o.service.impl.OrderServiceImpl    : Created OrderEvent: OrderEvent [orderId=10, userId=6, totalAmount=204000.00, status=PENDING, items=[OrderItemEventDTO [productId=9, quantity=3, price=204000.00, subtotal=612000.00]]]
2026-05-02T16:27:31.740+05:30  INFO 20732 --- [order-service] [http-nio-8106-exec-4] c.n.e.order.producer.OrderProducer       : Sending Order Event to Kafka: OrderEvent [orderId=10, userId=6, totalAmount=204000.00, status=PENDING, items=[OrderItemEventDTO [productId=9, quantity=3, price=204000.00, subtotal=612000.00]]]
2026-05-02T16:27:31.759+05:30  INFO 20732 --- [order-service] [http-nio-8106-exec-4] o.a.k.clients.producer.ProducerConfig    : ProducerConfig values: 
	acks = -1
	auto.include.jmx.reporter = true
	batch.size = 16384
	bootstrap.servers = [localhost:9092]
	buffer.memory = 33554432
	client.dns.lookup = use_all_dns_ips
	client.id = order-service-producer-1
	compression.gzip.level = -1
	compression.lz4.level = 9
	compression.type = none
	compression.zstd.level = 3
	connections.max.idle.ms = 540000
	delivery.timeout.ms = 120000
	enable.idempotence = true
	enable.metrics.push = true
	interceptor.classes = []
	key.serializer = class org.apache.kafka.common.serialization.StringSerializer
	linger.ms = 0
	max.block.ms = 60000
	max.in.flight.requests.per.connection = 5
	max.request.size = 1048576
	metadata.max.age.ms = 300000
	metadata.max.idle.ms = 300000
	metadata.recovery.strategy = none
	metric.reporters = []
	metrics.num.samples = 2
	metrics.recording.level = INFO
	metrics.sample.window.ms = 30000
	partitioner.adaptive.partitioning.enable = true
	partitioner.availability.timeout.ms = 0
	partitioner.class = null
	partitioner.ignore.keys = false
	receive.buffer.bytes = 32768
	reconnect.backoff.max.ms = 1000
	reconnect.backoff.ms = 50
	request.timeout.ms = 30000
	retries = 3
	retry.backoff.max.ms = 1000
	retry.backoff.ms = 100
	sasl.client.callback.handler.class = null
	sasl.jaas.config = null
	sasl.kerberos.kinit.cmd = /usr/bin/kinit
	sasl.kerberos.min.time.before.relogin = 60000
	sasl.kerberos.service.name = null
	sasl.kerberos.ticket.renew.jitter = 0.05
	sasl.kerberos.ticket.renew.window.factor = 0.8
	sasl.login.callback.handler.class = null
	sasl.login.class = null
	sasl.login.connect.timeout.ms = null
	sasl.login.read.timeout.ms = null
	sasl.login.refresh.buffer.seconds = 300
	sasl.login.refresh.min.period.seconds = 60
	sasl.login.refresh.window.factor = 0.8
	sasl.login.refresh.window.jitter = 0.05
	sasl.login.retry.backoff.max.ms = 10000
	sasl.login.retry.backoff.ms = 100
	sasl.mechanism = GSSAPI
	sasl.oauthbearer.clock.skew.seconds = 30
	sasl.oauthbearer.expected.audience = null
	sasl.oauthbearer.expected.issuer = null
	sasl.oauthbearer.header.urlencode = false
	sasl.oauthbearer.jwks.endpoint.refresh.ms = 3600000
	sasl.oauthbearer.jwks.endpoint.retry.backoff.max.ms = 10000
	sasl.oauthbearer.jwks.endpoint.retry.backoff.ms = 100
	sasl.oauthbearer.jwks.endpoint.url = null
	sasl.oauthbearer.scope.claim.name = scope
	sasl.oauthbearer.sub.claim.name = sub
	sasl.oauthbearer.token.endpoint.url = null
	security.protocol = PLAINTEXT
	security.providers = null
	send.buffer.bytes = 131072
	socket.connection.setup.timeout.max.ms = 30000
	socket.connection.setup.timeout.ms = 10000
	ssl.cipher.suites = null
	ssl.enabled.protocols = [TLSv1.2, TLSv1.3]
	ssl.endpoint.identification.algorithm = https
	ssl.engine.factory.class = null
	ssl.key.password = null
	ssl.keymanager.algorithm = SunX509
	ssl.keystore.certificate.chain = null
	ssl.keystore.key = null
	ssl.keystore.location = null
	ssl.keystore.password = null
	ssl.keystore.type = JKS
	ssl.protocol = TLSv1.3
	ssl.provider = null
	ssl.secure.random.implementation = null
	ssl.trustmanager.algorithm = PKIX
	ssl.truststore.certificates = null
	ssl.truststore.location = null
	ssl.truststore.password = null
	ssl.truststore.type = JKS
	transaction.timeout.ms = 60000
	transactional.id = null
	value.serializer = class org.springframework.kafka.support.serializer.JsonSerializer

2026-05-02T16:27:31.761+05:30  INFO 20732 --- [order-service] [http-nio-8106-exec-4] o.a.k.c.t.i.KafkaMetricsCollector        : initializing Kafka metrics collector
2026-05-02T16:27:31.800+05:30  INFO 20732 --- [order-service] [http-nio-8106-exec-4] o.a.k.clients.producer.KafkaProducer     : [Producer clientId=order-service-producer-1] Instantiated an idempotent producer.
2026-05-02T16:27:31.845+05:30  INFO 20732 --- [order-service] [http-nio-8106-exec-4] o.a.kafka.common.utils.AppInfoParser     : Kafka version: 3.9.2
2026-05-02T16:27:31.845+05:30  INFO 20732 --- [order-service] [http-nio-8106-exec-4] o.a.kafka.common.utils.AppInfoParser     : Kafka commitId: 5e9866f43ab8e7e4
2026-05-02T16:27:31.845+05:30  INFO 20732 --- [order-service] [http-nio-8106-exec-4] o.a.kafka.common.utils.AppInfoParser     : Kafka startTimeMs: 1777719451845
2026-05-02T16:27:31.858+05:30  INFO 20732 --- [order-service] [kafka-producer-network-thread | order-service-producer-1] org.apache.kafka.clients.Metadata        : [Producer clientId=order-service-producer-1] Cluster ID: Hw03Xa2qTEaBMrvTE9-BFQ
2026-05-02T16:27:31.866+05:30  INFO 20732 --- [order-service] [kafka-producer-network-thread | order-service-producer-1] o.a.k.c.p.internals.TransactionManager   : [Producer clientId=order-service-producer-1] ProducerId set to 4 with epoch 0
2026-05-02T16:27:31.897+05:30  INFO 20732 --- [order-service] [http-nio-8106-exec-4] c.n.e.order.producer.OrderProducer       : Order Event sent successfully for orderId=10
2026-05-02T16:31:35.572+05:30  INFO 20732 --- [order-service] [AsyncResolver-bootstrap-executor-%d] c.n.d.s.r.aws.ConfigClusterResolver      : Resolving eureka endpoints via configuration
2026-05-02T16:36:35.588+05:30  INFO 20732 --- [order-service] [AsyncResolver-bootstrap-executor-%d] c.n.d.s.r.aws.ConfigClusterResolver      : Resolving eureka endpoints via configuration
2026-05-02T16:41:35.603+05:30  INFO 20732 --- [order-service] [AsyncResolver-bootstrap-executor-%d] c.n.d.s.r.aws.ConfigClusterResolver      : Resolving eureka endpoints via configuration
2026-05-02T16:54:36.238+05:30  INFO 3164 --- [order-service] [main] c.n.e.order.OrderServiceApplication      : Starting OrderServiceApplication using Java 21.0.10 with PID 3164 (C:\EmbarkX\ecommerce-microservices\order-service\target\classes started by niran in C:\EmbarkX\ecommerce-microservices\order-service)
2026-05-02T16:54:36.241+05:30 DEBUG 3164 --- [order-service] [main] c.n.e.order.OrderServiceApplication      : Running with Spring Boot v3.5.14, Spring v6.2.18
2026-05-02T16:54:36.242+05:30  INFO 3164 --- [order-service] [main] c.n.e.order.OrderServiceApplication      : No active profile set, falling back to 1 default profile: "default"
2026-05-02T16:54:37.356+05:30  INFO 3164 --- [order-service] [main] .s.d.r.c.RepositoryConfigurationDelegate : Bootstrapping Spring Data JPA repositories in DEFAULT mode.
2026-05-02T16:54:37.480+05:30  INFO 3164 --- [order-service] [main] .s.d.r.c.RepositoryConfigurationDelegate : Finished Spring Data repository scanning in 107 ms. Found 1 JPA repository interface.
2026-05-02T16:54:37.823+05:30  INFO 3164 --- [order-service] [main] o.s.cloud.context.scope.GenericScope     : BeanFactory id=44a7435c-4d4b-3c4a-95ad-967db0b7f98d
2026-05-02T16:54:38.595+05:30  INFO 3164 --- [order-service] [main] o.s.b.w.embedded.tomcat.TomcatWebServer  : Tomcat initialized with port 8106 (http)
2026-05-02T16:54:38.610+05:30  INFO 3164 --- [order-service] [main] o.apache.catalina.core.StandardService   : Starting service [Tomcat]
2026-05-02T16:54:38.611+05:30  INFO 3164 --- [order-service] [main] o.apache.catalina.core.StandardEngine    : Starting Servlet engine: [Apache Tomcat/10.1.54]
2026-05-02T16:54:38.690+05:30  INFO 3164 --- [order-service] [main] o.a.c.c.C.[Tomcat].[localhost].[/]       : Initializing Spring embedded WebApplicationContext
2026-05-02T16:54:38.691+05:30  INFO 3164 --- [order-service] [main] w.s.c.ServletWebServerApplicationContext : Root WebApplicationContext: initialization completed in 2390 ms
2026-05-02T16:54:39.158+05:30  INFO 3164 --- [order-service] [main] o.hibernate.jpa.internal.util.LogHelper  : HHH000204: Processing PersistenceUnitInfo [name: default]
2026-05-02T16:54:39.220+05:30  INFO 3164 --- [order-service] [main] org.hibernate.Version                    : HHH000412: Hibernate ORM core version 6.6.49.Final
2026-05-02T16:54:39.257+05:30  INFO 3164 --- [order-service] [main] o.h.c.internal.RegionFactoryInitiator    : HHH000026: Second-level cache disabled
2026-05-02T16:54:39.506+05:30  INFO 3164 --- [order-service] [main] o.s.o.j.p.SpringPersistenceUnitInfo      : No LoadTimeWeaver setup: ignoring JPA class transformer
2026-05-02T16:54:39.533+05:30  INFO 3164 --- [order-service] [main] com.zaxxer.hikari.HikariDataSource       : HikariPool-1 - Starting...
2026-05-02T16:54:39.668+05:30  INFO 3164 --- [order-service] [main] com.zaxxer.hikari.pool.HikariPool        : HikariPool-1 - Added connection org.postgresql.jdbc.PgConnection@4724b2c1
2026-05-02T16:54:39.668+05:30  INFO 3164 --- [order-service] [main] com.zaxxer.hikari.HikariDataSource       : HikariPool-1 - Start completed.
2026-05-02T16:54:39.692+05:30  WARN 3164 --- [order-service] [main] org.hibernate.orm.deprecation            : HHH90000025: PostgreSQLDialect does not need to be specified explicitly using 'hibernate.dialect' (remove the property setting and it will be selected by default)
2026-05-02T16:54:39.716+05:30  INFO 3164 --- [order-service] [main] org.hibernate.orm.connections.pooling    : HHH10001005: Database info:
	Database JDBC URL [Connecting through datasource 'HikariDataSource (HikariPool-1)']
	Database driver: undefined/unknown
	Database version: 18.1
	Autocommit mode: undefined/unknown
	Isolation level: undefined/unknown
	Minimum pool size: undefined/unknown
	Maximum pool size: undefined/unknown
2026-05-02T16:54:40.462+05:30  INFO 3164 --- [order-service] [main] o.h.e.t.j.p.i.JtaPlatformInitiator       : HHH000489: No JTA platform available (set 'hibernate.transaction.jta.platform' to enable JTA platform integration)
2026-05-02T16:54:40.522+05:30  INFO 3164 --- [order-service] [main] j.LocalContainerEntityManagerFactoryBean : Initialized JPA EntityManagerFactory for persistence unit 'default'
2026-05-02T16:54:41.034+05:30  WARN 3164 --- [order-service] [main] JpaBaseConfiguration$JpaWebConfiguration : spring.jpa.open-in-view is enabled by default. Therefore, database queries may be performed during view rendering. Explicitly configure spring.jpa.open-in-view to disable this warning
2026-05-02T16:54:41.146+05:30  INFO 3164 --- [order-service] [main] o.s.c.openfeign.FeignClientFactoryBean   : For 'cart-service' URL not provided. Will try picking an instance via load-balancing.
2026-05-02T16:54:41.230+05:30  INFO 3164 --- [order-service] [main] o.s.c.openfeign.FeignClientFactoryBean   : For 'user-service' URL not provided. Will try picking an instance via load-balancing.
2026-05-02T16:54:41.250+05:30  INFO 3164 --- [order-service] [main] o.s.c.openfeign.FeignClientFactoryBean   : For 'payment-service' URL not provided. Will try picking an instance via load-balancing.
2026-05-02T16:54:42.740+05:30  INFO 3164 --- [order-service] [main] DiscoveryClientOptionalArgsConfiguration : Eureka HTTP Client uses RestTemplate.
2026-05-02T16:54:42.791+05:30  WARN 3164 --- [order-service] [main] iguration$LoadBalancerCaffeineWarnLogger : Spring Cloud LoadBalancer is currently working with the default cache. While this cache implementation is useful for development and tests, it's recommended to use Caffeine cache in production.You can switch to using Caffeine cache, by adding it and org.springframework.cache.caffeine.CaffeineCacheManager to the classpath.
2026-05-02T16:54:42.815+05:30  INFO 3164 --- [order-service] [main] o.s.b.a.e.web.EndpointLinksResolver      : Exposing 27 endpoints beneath base path '/actuator'
2026-05-02T16:54:42.941+05:30  INFO 3164 --- [order-service] [main] o.a.k.clients.admin.AdminClientConfig    : AdminClientConfig values: 
	auto.include.jmx.reporter = true
	bootstrap.controllers = []
	bootstrap.servers = [localhost:9092]
	client.dns.lookup = use_all_dns_ips
	client.id = order-service-admin-0
	connections.max.idle.ms = 300000
	default.api.timeout.ms = 60000
	enable.metrics.push = true
	metadata.max.age.ms = 300000
	metadata.recovery.strategy = none
	metric.reporters = []
	metrics.num.samples = 2
	metrics.recording.level = INFO
	metrics.sample.window.ms = 30000
	receive.buffer.bytes = 65536
	reconnect.backoff.max.ms = 1000
	reconnect.backoff.ms = 50
	request.timeout.ms = 30000
	retries = 2147483647
	retry.backoff.max.ms = 1000
	retry.backoff.ms = 100
	sasl.client.callback.handler.class = null
	sasl.jaas.config = null
	sasl.kerberos.kinit.cmd = /usr/bin/kinit
	sasl.kerberos.min.time.before.relogin = 60000
	sasl.kerberos.service.name = null
	sasl.kerberos.ticket.renew.jitter = 0.05
	sasl.kerberos.ticket.renew.window.factor = 0.8
	sasl.login.callback.handler.class = null
	sasl.login.class = null
	sasl.login.connect.timeout.ms = null
	sasl.login.read.timeout.ms = null
	sasl.login.refresh.buffer.seconds = 300
	sasl.login.refresh.min.period.seconds = 60
	sasl.login.refresh.window.factor = 0.8
	sasl.login.refresh.window.jitter = 0.05
	sasl.login.retry.backoff.max.ms = 10000
	sasl.login.retry.backoff.ms = 100
	sasl.mechanism = GSSAPI
	sasl.oauthbearer.clock.skew.seconds = 30
	sasl.oauthbearer.expected.audience = null
	sasl.oauthbearer.expected.issuer = null
	sasl.oauthbearer.header.urlencode = false
	sasl.oauthbearer.jwks.endpoint.refresh.ms = 3600000
	sasl.oauthbearer.jwks.endpoint.retry.backoff.max.ms = 10000
	sasl.oauthbearer.jwks.endpoint.retry.backoff.ms = 100
	sasl.oauthbearer.jwks.endpoint.url = null
	sasl.oauthbearer.scope.claim.name = scope
	sasl.oauthbearer.sub.claim.name = sub
	sasl.oauthbearer.token.endpoint.url = null
	security.protocol = PLAINTEXT
	security.providers = null
	send.buffer.bytes = 131072
	socket.connection.setup.timeout.max.ms = 30000
	socket.connection.setup.timeout.ms = 10000
	ssl.cipher.suites = null
	ssl.enabled.protocols = [TLSv1.2, TLSv1.3]
	ssl.endpoint.identification.algorithm = https
	ssl.engine.factory.class = null
	ssl.key.password = null
	ssl.keymanager.algorithm = SunX509
	ssl.keystore.certificate.chain = null
	ssl.keystore.key = null
	ssl.keystore.location = null
	ssl.keystore.password = null
	ssl.keystore.type = JKS
	ssl.protocol = TLSv1.3
	ssl.provider = null
	ssl.secure.random.implementation = null
	ssl.trustmanager.algorithm = PKIX
	ssl.truststore.certificates = null
	ssl.truststore.location = null
	ssl.truststore.password = null
	ssl.truststore.type = JKS

2026-05-02T16:54:43.056+05:30  INFO 3164 --- [order-service] [main] o.a.kafka.common.utils.AppInfoParser     : Kafka version: 3.9.2
2026-05-02T16:54:43.056+05:30  INFO 3164 --- [order-service] [main] o.a.kafka.common.utils.AppInfoParser     : Kafka commitId: 5e9866f43ab8e7e4
2026-05-02T16:54:43.056+05:30  INFO 3164 --- [order-service] [main] o.a.kafka.common.utils.AppInfoParser     : Kafka startTimeMs: 1777721083055
2026-05-02T16:54:43.309+05:30  INFO 3164 --- [order-service] [main] o.springframework.kafka.core.KafkaAdmin  : Topic 'order-topic-microservices-producer' exists but has a different partition count: 1 not 3, increasing if the broker supports it
2026-05-02T16:54:43.452+05:30  INFO 3164 --- [order-service] [kafka-admin-client-thread | order-service-admin-0] o.a.kafka.common.utils.AppInfoParser     : App info kafka.admin.client for order-service-admin-0 unregistered
2026-05-02T16:54:43.455+05:30  INFO 3164 --- [order-service] [kafka-admin-client-thread | order-service-admin-0] o.apache.kafka.common.metrics.Metrics    : Metrics scheduler closed
2026-05-02T16:54:43.455+05:30  INFO 3164 --- [order-service] [kafka-admin-client-thread | order-service-admin-0] o.apache.kafka.common.metrics.Metrics    : Closing reporter org.apache.kafka.common.metrics.JmxReporter
2026-05-02T16:54:43.456+05:30  INFO 3164 --- [order-service] [kafka-admin-client-thread | order-service-admin-0] o.apache.kafka.common.metrics.Metrics    : Metrics reporters closed
2026-05-02T16:54:43.471+05:30  INFO 3164 --- [order-service] [main] o.s.c.n.eureka.InstanceInfoFactory       : Setting initial instance status as: STARTING
2026-05-02T16:54:43.501+05:30  INFO 3164 --- [order-service] [main] com.netflix.discovery.DiscoveryClient    : Initializing Eureka in region us-east-1
2026-05-02T16:54:43.509+05:30  INFO 3164 --- [order-service] [main] c.n.d.s.r.aws.ConfigClusterResolver      : Resolving eureka endpoints via configuration
2026-05-02T16:54:43.519+05:30  INFO 3164 --- [order-service] [main] com.netflix.discovery.DiscoveryClient    : Disable delta property : false
2026-05-02T16:54:43.519+05:30  INFO 3164 --- [order-service] [main] com.netflix.discovery.DiscoveryClient    : Single vip registry refresh property : null
2026-05-02T16:54:43.519+05:30  INFO 3164 --- [order-service] [main] com.netflix.discovery.DiscoveryClient    : Force full registry fetch : false
2026-05-02T16:54:43.519+05:30  INFO 3164 --- [order-service] [main] com.netflix.discovery.DiscoveryClient    : Application is null : false
2026-05-02T16:54:43.519+05:30  INFO 3164 --- [order-service] [main] com.netflix.discovery.DiscoveryClient    : Registered Applications size is zero : true
2026-05-02T16:54:43.520+05:30  INFO 3164 --- [order-service] [main] com.netflix.discovery.DiscoveryClient    : Application version is -1: true
2026-05-02T16:54:43.520+05:30  INFO 3164 --- [order-service] [main] com.netflix.discovery.DiscoveryClient    : Getting all instance registry info from the eureka server
2026-05-02T16:54:43.855+05:30  INFO 3164 --- [order-service] [main] com.netflix.discovery.DiscoveryClient    : The response status is 200
2026-05-02T16:54:43.857+05:30  INFO 3164 --- [order-service] [main] com.netflix.discovery.DiscoveryClient    : Starting heartbeat executor: renew interval is: 30
2026-05-02T16:54:43.859+05:30  INFO 3164 --- [order-service] [main] c.n.discovery.InstanceInfoReplicator     : InstanceInfoReplicator onDemand update allowed rate per min is 4
2026-05-02T16:54:43.860+05:30  INFO 3164 --- [order-service] [main] com.netflix.discovery.DiscoveryClient    : Discovery Client initialized at timestamp 1777721083860 with initial instances count: 4
2026-05-02T16:54:43.869+05:30  INFO 3164 --- [order-service] [main] o.s.c.n.e.s.EurekaServiceRegistry        : Registering application ORDER-SERVICE with eureka with status UP
2026-05-02T16:54:43.870+05:30  INFO 3164 --- [order-service] [main] com.netflix.discovery.DiscoveryClient    : Saw local status change event StatusChangeEvent [timestamp=1777721083870, current=UP, previous=STARTING]
2026-05-02T16:54:43.873+05:30  INFO 3164 --- [order-service] [DiscoveryClient-InstanceInfoReplicator-%d] com.netflix.discovery.DiscoveryClient    : DiscoveryClient_ORDER-SERVICE/NIRANJAN-LAP.mshome.net:order-service:8106: registering service...
2026-05-02T16:54:43.890+05:30  INFO 3164 --- [order-service] [main] o.s.b.w.embedded.tomcat.TomcatWebServer  : Tomcat started on port 8106 (http) with context path '/'
2026-05-02T16:54:43.892+05:30  INFO 3164 --- [order-service] [main] .s.c.n.e.s.EurekaAutoServiceRegistration : Updating port to 8106
2026-05-02T16:54:43.916+05:30  INFO 3164 --- [order-service] [DiscoveryClient-InstanceInfoReplicator-%d] com.netflix.discovery.DiscoveryClient    : DiscoveryClient_ORDER-SERVICE/NIRANJAN-LAP.mshome.net:order-service:8106 - registration status: 204
2026-05-02T16:54:43.918+05:30  INFO 3164 --- [order-service] [main] o.a.k.clients.consumer.ConsumerConfig    : ConsumerConfig values: 
	allow.auto.create.topics = true
	auto.commit.interval.ms = 5000
	auto.include.jmx.reporter = true
	auto.offset.reset = earliest
	bootstrap.servers = [localhost:9092]
	check.crcs = true
	client.dns.lookup = use_all_dns_ips
	client.id = consumer-order-group-1
	client.rack = 
	connections.max.idle.ms = 540000
	default.api.timeout.ms = 60000
	enable.auto.commit = false
	enable.metrics.push = true
	exclude.internal.topics = true
	fetch.max.bytes = 52428800
	fetch.max.wait.ms = 500
	fetch.min.bytes = 1
	group.id = order-group
	group.instance.id = null
	group.protocol = classic
	group.remote.assignor = null
	heartbeat.interval.ms = 3000
	interceptor.classes = []
	internal.leave.group.on.close = true
	internal.throw.on.fetch.stable.offset.unsupported = false
	isolation.level = read_uncommitted
	key.deserializer = class org.apache.kafka.common.serialization.StringDeserializer
	max.partition.fetch.bytes = 1048576
	max.poll.interval.ms = 300000
	max.poll.records = 500
	metadata.max.age.ms = 300000
	metadata.recovery.strategy = none
	metric.reporters = []
	metrics.num.samples = 2
	metrics.recording.level = INFO
	metrics.sample.window.ms = 30000
	partition.assignment.strategy = [class org.apache.kafka.clients.consumer.RangeAssignor, class org.apache.kafka.clients.consumer.CooperativeStickyAssignor]
	receive.buffer.bytes = 65536
	reconnect.backoff.max.ms = 1000
	reconnect.backoff.ms = 50
	request.timeout.ms = 30000
	retry.backoff.max.ms = 1000
	retry.backoff.ms = 100
	sasl.client.callback.handler.class = null
	sasl.jaas.config = null
	sasl.kerberos.kinit.cmd = /usr/bin/kinit
	sasl.kerberos.min.time.before.relogin = 60000
	sasl.kerberos.service.name = null
	sasl.kerberos.ticket.renew.jitter = 0.05
	sasl.kerberos.ticket.renew.window.factor = 0.8
	sasl.login.callback.handler.class = null
	sasl.login.class = null
	sasl.login.connect.timeout.ms = null
	sasl.login.read.timeout.ms = null
	sasl.login.refresh.buffer.seconds = 300
	sasl.login.refresh.min.period.seconds = 60
	sasl.login.refresh.window.factor = 0.8
	sasl.login.refresh.window.jitter = 0.05
	sasl.login.retry.backoff.max.ms = 10000
	sasl.login.retry.backoff.ms = 100
	sasl.mechanism = GSSAPI
	sasl.oauthbearer.clock.skew.seconds = 30
	sasl.oauthbearer.expected.audience = null
	sasl.oauthbearer.expected.issuer = null
	sasl.oauthbearer.header.urlencode = false
	sasl.oauthbearer.jwks.endpoint.refresh.ms = 3600000
	sasl.oauthbearer.jwks.endpoint.retry.backoff.max.ms = 10000
	sasl.oauthbearer.jwks.endpoint.retry.backoff.ms = 100
	sasl.oauthbearer.jwks.endpoint.url = null
	sasl.oauthbearer.scope.claim.name = scope
	sasl.oauthbearer.sub.claim.name = sub
	sasl.oauthbearer.token.endpoint.url = null
	security.protocol = PLAINTEXT
	security.providers = null
	send.buffer.bytes = 131072
	session.timeout.ms = 45000
	socket.connection.setup.timeout.max.ms = 30000
	socket.connection.setup.timeout.ms = 10000
	ssl.cipher.suites = null
	ssl.enabled.protocols = [TLSv1.2, TLSv1.3]
	ssl.endpoint.identification.algorithm = https
	ssl.engine.factory.class = null
	ssl.key.password = null
	ssl.keymanager.algorithm = SunX509
	ssl.keystore.certificate.chain = null
	ssl.keystore.key = null
	ssl.keystore.location = null
	ssl.keystore.password = null
	ssl.keystore.type = JKS
	ssl.protocol = TLSv1.3
	ssl.provider = null
	ssl.secure.random.implementation = null
	ssl.trustmanager.algorithm = PKIX
	ssl.truststore.certificates = null
	ssl.truststore.location = null
	ssl.truststore.password = null
	ssl.truststore.type = JKS
	value.deserializer = class org.springframework.kafka.support.serializer.JsonDeserializer

2026-05-02T16:54:43.948+05:30  INFO 3164 --- [order-service] [main] o.a.k.c.t.i.KafkaMetricsCollector        : initializing Kafka metrics collector
2026-05-02T16:54:43.989+05:30  INFO 3164 --- [order-service] [main] o.a.kafka.common.utils.AppInfoParser     : Kafka version: 3.9.2
2026-05-02T16:54:43.989+05:30  INFO 3164 --- [order-service] [main] o.a.kafka.common.utils.AppInfoParser     : Kafka commitId: 5e9866f43ab8e7e4
2026-05-02T16:54:43.990+05:30  INFO 3164 --- [order-service] [main] o.a.kafka.common.utils.AppInfoParser     : Kafka startTimeMs: 1777721083989
2026-05-02T16:54:43.997+05:30  INFO 3164 --- [order-service] [main] o.a.k.c.c.i.ClassicKafkaConsumer         : [Consumer clientId=consumer-order-group-1, groupId=order-group] Subscribed to topic(s): payment-success
2026-05-02T16:54:44.005+05:30  INFO 3164 --- [order-service] [main] o.a.k.clients.consumer.ConsumerConfig    : ConsumerConfig values: 
	allow.auto.create.topics = true
	auto.commit.interval.ms = 5000
	auto.include.jmx.reporter = true
	auto.offset.reset = earliest
	bootstrap.servers = [localhost:9092]
	check.crcs = true
	client.dns.lookup = use_all_dns_ips
	client.id = consumer-order-group-2
	client.rack = 
	connections.max.idle.ms = 540000
	default.api.timeout.ms = 60000
	enable.auto.commit = false
	enable.metrics.push = true
	exclude.internal.topics = true
	fetch.max.bytes = 52428800
	fetch.max.wait.ms = 500
	fetch.min.bytes = 1
	group.id = order-group
	group.instance.id = null
	group.protocol = classic
	group.remote.assignor = null
	heartbeat.interval.ms = 3000
	interceptor.classes = []
	internal.leave.group.on.close = true
	internal.throw.on.fetch.stable.offset.unsupported = false
	isolation.level = read_uncommitted
	key.deserializer = class org.apache.kafka.common.serialization.StringDeserializer
	max.partition.fetch.bytes = 1048576
	max.poll.interval.ms = 300000
	max.poll.records = 500
	metadata.max.age.ms = 300000
	metadata.recovery.strategy = none
	metric.reporters = []
	metrics.num.samples = 2
	metrics.recording.level = INFO
	metrics.sample.window.ms = 30000
	partition.assignment.strategy = [class org.apache.kafka.clients.consumer.RangeAssignor, class org.apache.kafka.clients.consumer.CooperativeStickyAssignor]
	receive.buffer.bytes = 65536
	reconnect.backoff.max.ms = 1000
	reconnect.backoff.ms = 50
	request.timeout.ms = 30000
	retry.backoff.max.ms = 1000
	retry.backoff.ms = 100
	sasl.client.callback.handler.class = null
	sasl.jaas.config = null
	sasl.kerberos.kinit.cmd = /usr/bin/kinit
	sasl.kerberos.min.time.before.relogin = 60000
	sasl.kerberos.service.name = null
	sasl.kerberos.ticket.renew.jitter = 0.05
	sasl.kerberos.ticket.renew.window.factor = 0.8
	sasl.login.callback.handler.class = null
	sasl.login.class = null
	sasl.login.connect.timeout.ms = null
	sasl.login.read.timeout.ms = null
	sasl.login.refresh.buffer.seconds = 300
	sasl.login.refresh.min.period.seconds = 60
	sasl.login.refresh.window.factor = 0.8
	sasl.login.refresh.window.jitter = 0.05
	sasl.login.retry.backoff.max.ms = 10000
	sasl.login.retry.backoff.ms = 100
	sasl.mechanism = GSSAPI
	sasl.oauthbearer.clock.skew.seconds = 30
	sasl.oauthbearer.expected.audience = null
	sasl.oauthbearer.expected.issuer = null
	sasl.oauthbearer.header.urlencode = false
	sasl.oauthbearer.jwks.endpoint.refresh.ms = 3600000
	sasl.oauthbearer.jwks.endpoint.retry.backoff.max.ms = 10000
	sasl.oauthbearer.jwks.endpoint.retry.backoff.ms = 100
	sasl.oauthbearer.jwks.endpoint.url = null
	sasl.oauthbearer.scope.claim.name = scope
	sasl.oauthbearer.sub.claim.name = sub
	sasl.oauthbearer.token.endpoint.url = null
	security.protocol = PLAINTEXT
	security.providers = null
	send.buffer.bytes = 131072
	session.timeout.ms = 45000
	socket.connection.setup.timeout.max.ms = 30000
	socket.connection.setup.timeout.ms = 10000
	ssl.cipher.suites = null
	ssl.enabled.protocols = [TLSv1.2, TLSv1.3]
	ssl.endpoint.identification.algorithm = https
	ssl.engine.factory.class = null
	ssl.key.password = null
	ssl.keymanager.algorithm = SunX509
	ssl.keystore.certificate.chain = null
	ssl.keystore.key = null
	ssl.keystore.location = null
	ssl.keystore.password = null
	ssl.keystore.type = JKS
	ssl.protocol = TLSv1.3
	ssl.provider = null
	ssl.secure.random.implementation = null
	ssl.trustmanager.algorithm = PKIX
	ssl.truststore.certificates = null
	ssl.truststore.location = null
	ssl.truststore.password = null
	ssl.truststore.type = JKS
	value.deserializer = class org.springframework.kafka.support.serializer.JsonDeserializer

2026-05-02T16:54:44.006+05:30  INFO 3164 --- [order-service] [main] o.a.k.c.t.i.KafkaMetricsCollector        : initializing Kafka metrics collector
2026-05-02T16:54:44.021+05:30  INFO 3164 --- [order-service] [main] o.a.kafka.common.utils.AppInfoParser     : Kafka version: 3.9.2
2026-05-02T16:54:44.022+05:30  INFO 3164 --- [order-service] [main] o.a.kafka.common.utils.AppInfoParser     : Kafka commitId: 5e9866f43ab8e7e4
2026-05-02T16:54:44.023+05:30  INFO 3164 --- [order-service] [main] o.a.kafka.common.utils.AppInfoParser     : Kafka startTimeMs: 1777721084021
2026-05-02T16:54:44.030+05:30  INFO 3164 --- [order-service] [main] o.a.k.c.c.i.ClassicKafkaConsumer         : [Consumer clientId=consumer-order-group-2, groupId=order-group] Subscribed to topic(s): payment-failed
2026-05-02T16:54:44.051+05:30  WARN 3164 --- [order-service] [org.springframework.kafka.KafkaListenerEndpointContainer#0-0-C-1] org.apache.kafka.clients.NetworkClient   : [Consumer clientId=consumer-order-group-1, groupId=order-group] The metadata response from the cluster reported a recoverable issue with correlation id 3 : {payment-success=LEADER_NOT_AVAILABLE}
2026-05-02T16:54:44.053+05:30  INFO 3164 --- [order-service] [org.springframework.kafka.KafkaListenerEndpointContainer#0-0-C-1] org.apache.kafka.clients.Metadata        : [Consumer clientId=consumer-order-group-1, groupId=order-group] Cluster ID: pNDL9qsTQ2eVPA8M7Krwpw
2026-05-02T16:54:44.054+05:30  INFO 3164 --- [order-service] [org.springframework.kafka.KafkaListenerEndpointContainer#0-0-C-1] o.a.k.c.c.internals.ConsumerCoordinator  : [Consumer clientId=consumer-order-group-1, groupId=order-group] Discovered group coordinator NIRANJAN-LAP:9092 (id: 2147483647 rack: null)
2026-05-02T16:54:44.057+05:30  INFO 3164 --- [order-service] [org.springframework.kafka.KafkaListenerEndpointContainer#0-0-C-1] o.a.k.c.c.internals.ConsumerCoordinator  : [Consumer clientId=consumer-order-group-1, groupId=order-group] (Re-)joining group
2026-05-02T16:54:44.059+05:30  INFO 3164 --- [order-service] [main] c.n.e.order.OrderServiceApplication      : Started OrderServiceApplication in 8.27 seconds (process running for 8.702)
2026-05-02T16:54:44.068+05:30  WARN 3164 --- [order-service] [org.springframework.kafka.KafkaListenerEndpointContainer#1-0-C-1] org.apache.kafka.clients.NetworkClient   : [Consumer clientId=consumer-order-group-2, groupId=order-group] The metadata response from the cluster reported a recoverable issue with correlation id 3 : {payment-failed=LEADER_NOT_AVAILABLE}
2026-05-02T16:54:44.068+05:30  INFO 3164 --- [order-service] [org.springframework.kafka.KafkaListenerEndpointContainer#1-0-C-1] org.apache.kafka.clients.Metadata        : [Consumer clientId=consumer-order-group-2, groupId=order-group] Cluster ID: pNDL9qsTQ2eVPA8M7Krwpw
2026-05-02T16:54:44.070+05:30  INFO 3164 --- [order-service] [org.springframework.kafka.KafkaListenerEndpointContainer#1-0-C-1] o.a.k.c.c.internals.ConsumerCoordinator  : [Consumer clientId=consumer-order-group-2, groupId=order-group] Discovered group coordinator NIRANJAN-LAP:9092 (id: 2147483647 rack: null)
2026-05-02T16:54:44.071+05:30  INFO 3164 --- [order-service] [org.springframework.kafka.KafkaListenerEndpointContainer#1-0-C-1] o.a.k.c.c.internals.ConsumerCoordinator  : [Consumer clientId=consumer-order-group-2, groupId=order-group] (Re-)joining group
2026-05-02T16:54:44.086+05:30  INFO 3164 --- [order-service] [org.springframework.kafka.KafkaListenerEndpointContainer#0-0-C-1] o.a.k.c.c.internals.ConsumerCoordinator  : [Consumer clientId=consumer-order-group-1, groupId=order-group] Request joining group due to: need to re-join with the given member-id: consumer-order-group-1-c2b29016-6af7-4b70-ab35-4eaec977577b
2026-05-02T16:54:44.086+05:30  INFO 3164 --- [order-service] [org.springframework.kafka.KafkaListenerEndpointContainer#0-0-C-1] o.a.k.c.c.internals.ConsumerCoordinator  : [Consumer clientId=consumer-order-group-1, groupId=order-group] (Re-)joining group
2026-05-02T16:54:44.087+05:30  INFO 3164 --- [order-service] [org.springframework.kafka.KafkaListenerEndpointContainer#1-0-C-1] o.a.k.c.c.internals.ConsumerCoordinator  : [Consumer clientId=consumer-order-group-2, groupId=order-group] Request joining group due to: need to re-join with the given member-id: consumer-order-group-2-521f17eb-8e17-420a-9e6a-43a7eea7fdcd
2026-05-02T16:54:44.087+05:30  INFO 3164 --- [order-service] [org.springframework.kafka.KafkaListenerEndpointContainer#1-0-C-1] o.a.k.c.c.internals.ConsumerCoordinator  : [Consumer clientId=consumer-order-group-2, groupId=order-group] (Re-)joining group
2026-05-02T16:54:44.092+05:30  INFO 3164 --- [order-service] [org.springframework.kafka.KafkaListenerEndpointContainer#0-0-C-1] o.a.k.c.c.internals.ConsumerCoordinator  : [Consumer clientId=consumer-order-group-1, groupId=order-group] Successfully joined group with generation Generation{generationId=1, memberId='consumer-order-group-1-c2b29016-6af7-4b70-ab35-4eaec977577b', protocol='range'}
2026-05-02T16:54:44.092+05:30  INFO 3164 --- [order-service] [org.springframework.kafka.KafkaListenerEndpointContainer#1-0-C-1] o.a.k.c.c.internals.ConsumerCoordinator  : [Consumer clientId=consumer-order-group-2, groupId=order-group] Successfully joined group with generation Generation{generationId=1, memberId='consumer-order-group-2-521f17eb-8e17-420a-9e6a-43a7eea7fdcd', protocol='range'}
2026-05-02T16:54:44.109+05:30  WARN 3164 --- [order-service] [org.springframework.kafka.KafkaListenerEndpointContainer#0-0-C-1] org.apache.kafka.clients.NetworkClient   : [Consumer clientId=consumer-order-group-1, groupId=order-group] The metadata response from the cluster reported a recoverable issue with correlation id 11 : {payment-success=LEADER_NOT_AVAILABLE, payment-failed=LEADER_NOT_AVAILABLE}
2026-05-02T16:54:44.115+05:30  INFO 3164 --- [order-service] [org.springframework.kafka.KafkaListenerEndpointContainer#0-0-C-1] o.a.k.c.c.internals.ConsumerCoordinator  : [Consumer clientId=consumer-order-group-1, groupId=order-group] Finished assignment for group at generation 1: {consumer-order-group-1-c2b29016-6af7-4b70-ab35-4eaec977577b=Assignment(partitions=[]), consumer-order-group-2-521f17eb-8e17-420a-9e6a-43a7eea7fdcd=Assignment(partitions=[])}
2026-05-02T16:54:44.123+05:30  INFO 3164 --- [order-service] [org.springframework.kafka.KafkaListenerEndpointContainer#1-0-C-1] o.a.k.c.c.internals.ConsumerCoordinator  : [Consumer clientId=consumer-order-group-2, groupId=order-group] Successfully synced group in generation Generation{generationId=1, memberId='consumer-order-group-2-521f17eb-8e17-420a-9e6a-43a7eea7fdcd', protocol='range'}
2026-05-02T16:54:44.123+05:30  INFO 3164 --- [order-service] [org.springframework.kafka.KafkaListenerEndpointContainer#0-0-C-1] o.a.k.c.c.internals.ConsumerCoordinator  : [Consumer clientId=consumer-order-group-1, groupId=order-group] Successfully synced group in generation Generation{generationId=1, memberId='consumer-order-group-1-c2b29016-6af7-4b70-ab35-4eaec977577b', protocol='range'}
2026-05-02T16:54:44.124+05:30  INFO 3164 --- [order-service] [org.springframework.kafka.KafkaListenerEndpointContainer#0-0-C-1] o.a.k.c.c.internals.ConsumerCoordinator  : [Consumer clientId=consumer-order-group-1, groupId=order-group] Notifying assignor about the new Assignment(partitions=[])
2026-05-02T16:54:44.124+05:30  INFO 3164 --- [order-service] [org.springframework.kafka.KafkaListenerEndpointContainer#1-0-C-1] o.a.k.c.c.internals.ConsumerCoordinator  : [Consumer clientId=consumer-order-group-2, groupId=order-group] Notifying assignor about the new Assignment(partitions=[])
2026-05-02T16:54:44.125+05:30  INFO 3164 --- [order-service] [org.springframework.kafka.KafkaListenerEndpointContainer#1-0-C-1] k.c.c.i.ConsumerRebalanceListenerInvoker : [Consumer clientId=consumer-order-group-2, groupId=order-group] Adding newly assigned partitions: 
2026-05-02T16:54:44.125+05:30  INFO 3164 --- [order-service] [org.springframework.kafka.KafkaListenerEndpointContainer#0-0-C-1] k.c.c.i.ConsumerRebalanceListenerInvoker : [Consumer clientId=consumer-order-group-1, groupId=order-group] Adding newly assigned partitions: 
2026-05-02T16:54:44.127+05:30  INFO 3164 --- [order-service] [org.springframework.kafka.KafkaListenerEndpointContainer#0-0-C-1] o.s.k.l.KafkaMessageListenerContainer    : order-group: partitions assigned: []
2026-05-02T16:54:44.127+05:30  INFO 3164 --- [order-service] [org.springframework.kafka.KafkaListenerEndpointContainer#1-0-C-1] o.s.k.l.KafkaMessageListenerContainer    : order-group: partitions assigned: []
2026-05-02T16:54:44.233+05:30  INFO 3164 --- [order-service] [org.springframework.kafka.KafkaListenerEndpointContainer#0-0-C-1] o.a.k.c.c.internals.ConsumerCoordinator  : [Consumer clientId=consumer-order-group-1, groupId=order-group] Request joining group due to: cached metadata has changed from (version3: {payment-success=[], payment-failed=[]}) at the beginning of the rebalance to (version4: {payment-success=[NO_RACKS], payment-failed=[NO_RACKS]})
2026-05-02T16:54:44.234+05:30  INFO 3164 --- [order-service] [org.springframework.kafka.KafkaListenerEndpointContainer#0-0-C-1] k.c.c.i.ConsumerRebalanceListenerInvoker : [Consumer clientId=consumer-order-group-1, groupId=order-group] Revoke previously assigned partitions 
2026-05-02T16:54:44.236+05:30  INFO 3164 --- [order-service] [org.springframework.kafka.KafkaListenerEndpointContainer#0-0-C-1] o.s.k.l.KafkaMessageListenerContainer    : order-group: partitions revoked: []
2026-05-02T16:54:44.237+05:30  INFO 3164 --- [order-service] [org.springframework.kafka.KafkaListenerEndpointContainer#0-0-C-1] o.a.k.c.c.internals.ConsumerCoordinator  : [Consumer clientId=consumer-order-group-1, groupId=order-group] (Re-)joining group
2026-05-02T16:54:47.107+05:30  INFO 3164 --- [order-service] [org.springframework.kafka.KafkaListenerEndpointContainer#1-0-C-1] o.a.k.c.c.internals.ConsumerCoordinator  : [Consumer clientId=consumer-order-group-2, groupId=order-group] Request joining group due to: group is already rebalancing
2026-05-02T16:54:47.108+05:30  INFO 3164 --- [order-service] [org.springframework.kafka.KafkaListenerEndpointContainer#1-0-C-1] k.c.c.i.ConsumerRebalanceListenerInvoker : [Consumer clientId=consumer-order-group-2, groupId=order-group] Revoke previously assigned partitions 
2026-05-02T16:54:47.108+05:30  INFO 3164 --- [order-service] [org.springframework.kafka.KafkaListenerEndpointContainer#1-0-C-1] o.s.k.l.KafkaMessageListenerContainer    : order-group: partitions revoked: []
2026-05-02T16:54:47.108+05:30  INFO 3164 --- [order-service] [org.springframework.kafka.KafkaListenerEndpointContainer#1-0-C-1] o.a.k.c.c.internals.ConsumerCoordinator  : [Consumer clientId=consumer-order-group-2, groupId=order-group] (Re-)joining group
2026-05-02T16:54:47.114+05:30  INFO 3164 --- [order-service] [org.springframework.kafka.KafkaListenerEndpointContainer#0-0-C-1] o.a.k.c.c.internals.ConsumerCoordinator  : [Consumer clientId=consumer-order-group-1, groupId=order-group] Successfully joined group with generation Generation{generationId=2, memberId='consumer-order-group-1-c2b29016-6af7-4b70-ab35-4eaec977577b', protocol='range'}
2026-05-02T16:54:47.116+05:30  INFO 3164 --- [order-service] [org.springframework.kafka.KafkaListenerEndpointContainer#1-0-C-1] o.a.k.c.c.internals.ConsumerCoordinator  : [Consumer clientId=consumer-order-group-2, groupId=order-group] Successfully joined group with generation Generation{generationId=2, memberId='consumer-order-group-2-521f17eb-8e17-420a-9e6a-43a7eea7fdcd', protocol='range'}
2026-05-02T16:54:47.124+05:30  INFO 3164 --- [order-service] [org.springframework.kafka.KafkaListenerEndpointContainer#0-0-C-1] o.a.k.c.c.internals.ConsumerCoordinator  : [Consumer clientId=consumer-order-group-1, groupId=order-group] Finished assignment for group at generation 2: {consumer-order-group-1-c2b29016-6af7-4b70-ab35-4eaec977577b=Assignment(partitions=[payment-success-0]), consumer-order-group-2-521f17eb-8e17-420a-9e6a-43a7eea7fdcd=Assignment(partitions=[payment-failed-0])}
2026-05-02T16:54:47.131+05:30  INFO 3164 --- [order-service] [org.springframework.kafka.KafkaListenerEndpointContainer#0-0-C-1] o.a.k.c.c.internals.ConsumerCoordinator  : [Consumer clientId=consumer-order-group-1, groupId=order-group] Successfully synced group in generation Generation{generationId=2, memberId='consumer-order-group-1-c2b29016-6af7-4b70-ab35-4eaec977577b', protocol='range'}
2026-05-02T16:54:47.131+05:30  INFO 3164 --- [order-service] [org.springframework.kafka.KafkaListenerEndpointContainer#1-0-C-1] o.a.k.c.c.internals.ConsumerCoordinator  : [Consumer clientId=consumer-order-group-2, groupId=order-group] Successfully synced group in generation Generation{generationId=2, memberId='consumer-order-group-2-521f17eb-8e17-420a-9e6a-43a7eea7fdcd', protocol='range'}
2026-05-02T16:54:47.132+05:30  INFO 3164 --- [order-service] [org.springframework.kafka.KafkaListenerEndpointContainer#0-0-C-1] o.a.k.c.c.internals.ConsumerCoordinator  : [Consumer clientId=consumer-order-group-1, groupId=order-group] Notifying assignor about the new Assignment(partitions=[payment-success-0])
2026-05-02T16:54:47.132+05:30  INFO 3164 --- [order-service] [org.springframework.kafka.KafkaListenerEndpointContainer#1-0-C-1] o.a.k.c.c.internals.ConsumerCoordinator  : [Consumer clientId=consumer-order-group-2, groupId=order-group] Notifying assignor about the new Assignment(partitions=[payment-failed-0])
2026-05-02T16:54:47.134+05:30  INFO 3164 --- [order-service] [org.springframework.kafka.KafkaListenerEndpointContainer#0-0-C-1] k.c.c.i.ConsumerRebalanceListenerInvoker : [Consumer clientId=consumer-order-group-1, groupId=order-group] Adding newly assigned partitions: payment-success-0
2026-05-02T16:54:47.134+05:30  INFO 3164 --- [order-service] [org.springframework.kafka.KafkaListenerEndpointContainer#1-0-C-1] k.c.c.i.ConsumerRebalanceListenerInvoker : [Consumer clientId=consumer-order-group-2, groupId=order-group] Adding newly assigned partitions: payment-failed-0
2026-05-02T16:54:47.138+05:30  INFO 3164 --- [order-service] [org.springframework.kafka.KafkaListenerEndpointContainer#0-0-C-1] o.a.k.c.c.internals.ConsumerCoordinator  : [Consumer clientId=consumer-order-group-1, groupId=order-group] Found no committed offset for partition payment-success-0
2026-05-02T16:54:47.138+05:30  INFO 3164 --- [order-service] [org.springframework.kafka.KafkaListenerEndpointContainer#1-0-C-1] o.a.k.c.c.internals.ConsumerCoordinator  : [Consumer clientId=consumer-order-group-2, groupId=order-group] Found no committed offset for partition payment-failed-0
2026-05-02T16:54:47.144+05:30  INFO 3164 --- [order-service] [org.springframework.kafka.KafkaListenerEndpointContainer#0-0-C-1] o.a.k.c.c.internals.SubscriptionState    : [Consumer clientId=consumer-order-group-1, groupId=order-group] Resetting offset for partition payment-success-0 to position FetchPosition{offset=0, offsetEpoch=Optional.empty, currentLeader=LeaderAndEpoch{leader=Optional[NIRANJAN-LAP:9092 (id: 0 rack: null)], epoch=0}}.
2026-05-02T16:54:47.144+05:30  INFO 3164 --- [order-service] [org.springframework.kafka.KafkaListenerEndpointContainer#1-0-C-1] o.a.k.c.c.internals.SubscriptionState    : [Consumer clientId=consumer-order-group-2, groupId=order-group] Resetting offset for partition payment-failed-0 to position FetchPosition{offset=0, offsetEpoch=Optional.empty, currentLeader=LeaderAndEpoch{leader=Optional[NIRANJAN-LAP:9092 (id: 0 rack: null)], epoch=0}}.
2026-05-02T16:54:47.144+05:30  INFO 3164 --- [order-service] [org.springframework.kafka.KafkaListenerEndpointContainer#0-0-C-1] o.s.k.l.KafkaMessageListenerContainer    : order-group: partitions assigned: [payment-success-0]
2026-05-02T16:54:47.144+05:30  INFO 3164 --- [order-service] [org.springframework.kafka.KafkaListenerEndpointContainer#1-0-C-1] o.s.k.l.KafkaMessageListenerContainer    : order-group: partitions assigned: [payment-failed-0]
2026-05-02T16:59:43.530+05:30  INFO 3164 --- [order-service] [AsyncResolver-bootstrap-executor-%d] c.n.d.s.r.aws.ConfigClusterResolver      : Resolving eureka endpoints via configuration
2026-05-02T17:01:02.624+05:30  INFO 3164 --- [order-service] [http-nio-8106-exec-6] o.a.c.c.C.[Tomcat].[localhost].[/]       : Initializing Spring DispatcherServlet 'dispatcherServlet'
2026-05-02T17:01:02.625+05:30  INFO 3164 --- [order-service] [http-nio-8106-exec-6] o.s.web.servlet.DispatcherServlet        : Initializing Servlet 'dispatcherServlet'
2026-05-02T17:01:02.629+05:30  INFO 3164 --- [order-service] [http-nio-8106-exec-6] o.s.web.servlet.DispatcherServlet        : Completed initialization in 4 ms
2026-05-02T17:01:02.727+05:30  INFO 3164 --- [order-service] [http-nio-8106-exec-6] c.n.e.order.controller.OrderController   : Create Order API called, userId=6
2026-05-02T17:01:02.838+05:30  INFO 3164 --- [order-service] [http-nio-8106-exec-6] c.n.e.o.service.impl.OrderServiceImpl    : Inside OrderServiceImpl - createOrder method, userId=6
2026-05-02T17:01:03.604+05:30 DEBUG 3164 --- [order-service] [http-nio-8106-exec-6] c.n.e.o.service.impl.OrderServiceImpl    : UserResponse: {"id":6,"firstName":"Niranjana","lastName":"Charty","email":"niranjana.charty2013@example.com","phone":"9583172160","role":"CUSTOMER","address":{"street":"Khajaguda","city":"Hyderabad","state":"Telengana","country":"India","zipcode":"50032"}}
2026-05-02T17:01:03.733+05:30 DEBUG 3164 --- [order-service] [http-nio-8106-exec-6] c.n.e.o.service.impl.OrderServiceImpl    : CartItem: Error converting to JSON
2026-05-02T17:01:03.957+05:30  INFO 3164 --- [order-service] [http-nio-8106-exec-6] c.n.e.o.service.impl.OrderServiceImpl    : savedOrder: Error converting to JSON
2026-05-02T17:01:03.958+05:30  INFO 3164 --- [order-service] [http-nio-8106-exec-6] c.n.e.o.service.impl.OrderServiceImpl    : Order created with ID=11
2026-05-02T17:01:03.960+05:30  INFO 3164 --- [order-service] [http-nio-8106-exec-6] c.n.e.o.service.impl.OrderServiceImpl    : Created OrderEvent: OrderEvent [orderId=11, userId=6, totalAmount=408000.00, status=PENDING, items=[OrderItemEventDTO [productId=9, quantity=6, price=408000.00, subtotal=2448000.00]]]
2026-05-02T17:01:03.962+05:30  INFO 3164 --- [order-service] [http-nio-8106-exec-6] c.n.e.order.producer.OrderProducer       : Sending Order Event to Kafka: OrderEvent [orderId=11, userId=6, totalAmount=408000.00, status=PENDING, items=[OrderItemEventDTO [productId=9, quantity=6, price=408000.00, subtotal=2448000.00]]]
2026-05-02T17:01:03.978+05:30  INFO 3164 --- [order-service] [http-nio-8106-exec-6] o.a.k.clients.producer.ProducerConfig    : ProducerConfig values: 
	acks = -1
	auto.include.jmx.reporter = true
	batch.size = 16384
	bootstrap.servers = [localhost:9092]
	buffer.memory = 33554432
	client.dns.lookup = use_all_dns_ips
	client.id = order-service-producer-1
	compression.gzip.level = -1
	compression.lz4.level = 9
	compression.type = none
	compression.zstd.level = 3
	connections.max.idle.ms = 540000
	delivery.timeout.ms = 120000
	enable.idempotence = true
	enable.metrics.push = true
	interceptor.classes = []
	key.serializer = class org.apache.kafka.common.serialization.StringSerializer
	linger.ms = 0
	max.block.ms = 60000
	max.in.flight.requests.per.connection = 5
	max.request.size = 1048576
	metadata.max.age.ms = 300000
	metadata.max.idle.ms = 300000
	metadata.recovery.strategy = none
	metric.reporters = []
	metrics.num.samples = 2
	metrics.recording.level = INFO
	metrics.sample.window.ms = 30000
	partitioner.adaptive.partitioning.enable = true
	partitioner.availability.timeout.ms = 0
	partitioner.class = null
	partitioner.ignore.keys = false
	receive.buffer.bytes = 32768
	reconnect.backoff.max.ms = 1000
	reconnect.backoff.ms = 50
	request.timeout.ms = 30000
	retries = 3
	retry.backoff.max.ms = 1000
	retry.backoff.ms = 100
	sasl.client.callback.handler.class = null
	sasl.jaas.config = null
	sasl.kerberos.kinit.cmd = /usr/bin/kinit
	sasl.kerberos.min.time.before.relogin = 60000
	sasl.kerberos.service.name = null
	sasl.kerberos.ticket.renew.jitter = 0.05
	sasl.kerberos.ticket.renew.window.factor = 0.8
	sasl.login.callback.handler.class = null
	sasl.login.class = null
	sasl.login.connect.timeout.ms = null
	sasl.login.read.timeout.ms = null
	sasl.login.refresh.buffer.seconds = 300
	sasl.login.refresh.min.period.seconds = 60
	sasl.login.refresh.window.factor = 0.8
	sasl.login.refresh.window.jitter = 0.05
	sasl.login.retry.backoff.max.ms = 10000
	sasl.login.retry.backoff.ms = 100
	sasl.mechanism = GSSAPI
	sasl.oauthbearer.clock.skew.seconds = 30
	sasl.oauthbearer.expected.audience = null
	sasl.oauthbearer.expected.issuer = null
	sasl.oauthbearer.header.urlencode = false
	sasl.oauthbearer.jwks.endpoint.refresh.ms = 3600000
	sasl.oauthbearer.jwks.endpoint.retry.backoff.max.ms = 10000
	sasl.oauthbearer.jwks.endpoint.retry.backoff.ms = 100
	sasl.oauthbearer.jwks.endpoint.url = null
	sasl.oauthbearer.scope.claim.name = scope
	sasl.oauthbearer.sub.claim.name = sub
	sasl.oauthbearer.token.endpoint.url = null
	security.protocol = PLAINTEXT
	security.providers = null
	send.buffer.bytes = 131072
	socket.connection.setup.timeout.max.ms = 30000
	socket.connection.setup.timeout.ms = 10000
	ssl.cipher.suites = null
	ssl.enabled.protocols = [TLSv1.2, TLSv1.3]
	ssl.endpoint.identification.algorithm = https
	ssl.engine.factory.class = null
	ssl.key.password = null
	ssl.keymanager.algorithm = SunX509
	ssl.keystore.certificate.chain = null
	ssl.keystore.key = null
	ssl.keystore.location = null
	ssl.keystore.password = null
	ssl.keystore.type = JKS
	ssl.protocol = TLSv1.3
	ssl.provider = null
	ssl.secure.random.implementation = null
	ssl.trustmanager.algorithm = PKIX
	ssl.truststore.certificates = null
	ssl.truststore.location = null
	ssl.truststore.password = null
	ssl.truststore.type = JKS
	transaction.timeout.ms = 60000
	transactional.id = null
	value.serializer = class org.springframework.kafka.support.serializer.JsonSerializer

2026-05-02T17:01:03.980+05:30  INFO 3164 --- [order-service] [http-nio-8106-exec-6] o.a.k.c.t.i.KafkaMetricsCollector        : initializing Kafka metrics collector
2026-05-02T17:01:03.999+05:30  INFO 3164 --- [order-service] [http-nio-8106-exec-6] o.a.k.clients.producer.KafkaProducer     : [Producer clientId=order-service-producer-1] Instantiated an idempotent producer.
2026-05-02T17:01:04.041+05:30  INFO 3164 --- [order-service] [http-nio-8106-exec-6] o.a.kafka.common.utils.AppInfoParser     : Kafka version: 3.9.2
2026-05-02T17:01:04.041+05:30  INFO 3164 --- [order-service] [http-nio-8106-exec-6] o.a.kafka.common.utils.AppInfoParser     : Kafka commitId: 5e9866f43ab8e7e4
2026-05-02T17:01:04.041+05:30  INFO 3164 --- [order-service] [http-nio-8106-exec-6] o.a.kafka.common.utils.AppInfoParser     : Kafka startTimeMs: 1777721464041
2026-05-02T17:01:04.053+05:30  INFO 3164 --- [order-service] [kafka-producer-network-thread | order-service-producer-1] org.apache.kafka.clients.Metadata        : [Producer clientId=order-service-producer-1] Cluster ID: pNDL9qsTQ2eVPA8M7Krwpw
2026-05-02T17:01:04.054+05:30  INFO 3164 --- [order-service] [kafka-producer-network-thread | order-service-producer-1] o.a.k.c.p.internals.TransactionManager   : [Producer clientId=order-service-producer-1] ProducerId set to 1 with epoch 0
2026-05-02T17:01:04.077+05:30  INFO 3164 --- [order-service] [http-nio-8106-exec-6] c.n.e.order.producer.OrderProducer       : Order Event sent successfully for orderId=11
2026-05-02T17:04:43.534+05:30  INFO 3164 --- [order-service] [AsyncResolver-bootstrap-executor-%d] c.n.d.s.r.aws.ConfigClusterResolver      : Resolving eureka endpoints via configuration
2026-05-02T17:09:43.549+05:30  INFO 3164 --- [order-service] [AsyncResolver-bootstrap-executor-%d] c.n.d.s.r.aws.ConfigClusterResolver      : Resolving eureka endpoints via configuration
2026-05-02T17:12:00.874+05:30  INFO 3164 --- [order-service] [org.springframework.kafka.KafkaListenerEndpointContainer#0-0-C-1] org.apache.kafka.clients.NetworkClient   : [Consumer clientId=consumer-order-group-1, groupId=order-group] Node 2147483647 disconnected.
2026-05-02T17:12:00.877+05:30  INFO 3164 --- [order-service] [kafka-coordinator-heartbeat-thread | order-group] o.a.k.c.c.internals.ConsumerCoordinator  : [Consumer clientId=consumer-order-group-1, groupId=order-group] Group coordinator NIRANJAN-LAP:9092 (id: 2147483647 rack: null) is unavailable or invalid due to cause: coordinator unavailable. isDisconnected: true. Rediscovery will be attempted.
2026-05-02T17:12:00.877+05:30  INFO 3164 --- [order-service] [kafka-producer-network-thread | order-service-producer-1] org.apache.kafka.clients.NetworkClient   : [Producer clientId=order-service-producer-1] Node 0 disconnected.
2026-05-02T17:12:00.877+05:30  INFO 3164 --- [order-service] [org.springframework.kafka.KafkaListenerEndpointContainer#1-0-C-1] org.apache.kafka.clients.NetworkClient   : [Consumer clientId=consumer-order-group-2, groupId=order-group] Node 2147483647 disconnected.
2026-05-02T17:12:00.877+05:30  INFO 3164 --- [order-service] [kafka-coordinator-heartbeat-thread | order-group] org.apache.kafka.clients.NetworkClient   : [Consumer clientId=consumer-order-group-2, groupId=order-group] Node 0 disconnected.
2026-05-02T17:12:00.877+05:30  INFO 3164 --- [order-service] [kafka-producer-network-thread | order-service-producer-1] org.apache.kafka.clients.NetworkClient   : [Producer clientId=order-service-producer-1] Node -1 disconnected.
2026-05-02T17:12:00.877+05:30  INFO 3164 --- [order-service] [kafka-coordinator-heartbeat-thread | order-group] org.apache.kafka.clients.NetworkClient   : [Consumer clientId=consumer-order-group-2, groupId=order-group] Cancelled in-flight FETCH request with correlation id 2387 due to node 0 being disconnected (elapsed time since creation: 988ms, elapsed time since send: 988ms, throttle time: 0ms, request timeout: 30000ms)
2026-05-02T17:12:00.877+05:30  INFO 3164 --- [order-service] [kafka-coordinator-heartbeat-thread | order-group] org.apache.kafka.clients.NetworkClient   : [Consumer clientId=consumer-order-group-2, groupId=order-group] Cancelled in-flight METADATA request with correlation id 2388 due to node 0 being disconnected (elapsed time since creation: 31ms, elapsed time since send: 31ms, throttle time: 0ms, request timeout: 30000ms)
2026-05-02T17:12:00.877+05:30  INFO 3164 --- [order-service] [kafka-coordinator-heartbeat-thread | order-group] o.a.kafka.clients.FetchSessionHandler    : [Consumer clientId=consumer-order-group-2, groupId=order-group] Error sending fetch request (sessionId=363409661, epoch=2018) to node 0:

org.apache.kafka.common.errors.DisconnectException

2026-05-02T17:12:00.902+05:30  INFO 3164 --- [order-service] [kafka-coordinator-heartbeat-thread | order-group] o.a.k.c.c.internals.ConsumerCoordinator  : [Consumer clientId=consumer-order-group-2, groupId=order-group] Group coordinator NIRANJAN-LAP:9092 (id: 2147483647 rack: null) is unavailable or invalid due to cause: coordinator unavailable. isDisconnected: true. Rediscovery will be attempted.
2026-05-02T17:12:00.904+05:30  INFO 3164 --- [order-service] [org.springframework.kafka.KafkaListenerEndpointContainer#1-0-C-1] org.apache.kafka.clients.NetworkClient   : [Consumer clientId=consumer-order-group-2, groupId=order-group] Node -1 disconnected.
2026-05-02T17:12:00.975+05:30  INFO 3164 --- [order-service] [org.springframework.kafka.KafkaListenerEndpointContainer#0-0-C-1] org.apache.kafka.clients.NetworkClient   : [Consumer clientId=consumer-order-group-1, groupId=order-group] Node 0 disconnected.
2026-05-02T17:12:00.975+05:30  INFO 3164 --- [order-service] [org.springframework.kafka.KafkaListenerEndpointContainer#0-0-C-1] org.apache.kafka.clients.NetworkClient   : [Consumer clientId=consumer-order-group-1, groupId=order-group] Cancelled in-flight FETCH request with correlation id 2388 due to node 0 being disconnected (elapsed time since creation: 1086ms, elapsed time since send: 1086ms, throttle time: 0ms, request timeout: 30000ms)
2026-05-02T17:12:00.975+05:30  INFO 3164 --- [order-service] [org.springframework.kafka.KafkaListenerEndpointContainer#0-0-C-1] org.apache.kafka.clients.NetworkClient   : [Consumer clientId=consumer-order-group-1, groupId=order-group] Cancelled in-flight METADATA request with correlation id 2389 due to node 0 being disconnected (elapsed time since creation: 283ms, elapsed time since send: 283ms, throttle time: 0ms, request timeout: 30000ms)
2026-05-02T17:12:00.975+05:30  INFO 3164 --- [order-service] [org.springframework.kafka.KafkaListenerEndpointContainer#0-0-C-1] org.apache.kafka.clients.NetworkClient   : [Consumer clientId=consumer-order-group-1, groupId=order-group] Node -1 disconnected.
2026-05-02T17:12:00.975+05:30  INFO 3164 --- [order-service] [org.springframework.kafka.KafkaListenerEndpointContainer#0-0-C-1] o.a.kafka.clients.FetchSessionHandler    : [Consumer clientId=consumer-order-group-1, groupId=order-group] Error sending fetch request (sessionId=112088398, epoch=2018) to node 0:

org.apache.kafka.common.errors.DisconnectException

2026-05-02T17:12:03.026+05:30  INFO 3164 --- [order-service] [kafka-producer-network-thread | order-service-producer-1] org.apache.kafka.clients.NetworkClient   : [Producer clientId=order-service-producer-1] Node 0 disconnected.
2026-05-02T17:12:03.026+05:30  WARN 3164 --- [order-service] [kafka-producer-network-thread | order-service-producer-1] org.apache.kafka.clients.NetworkClient   : [Producer clientId=order-service-producer-1] Connection to node 0 (NIRANJAN-LAP/172.22.64.1:9092) could not be established. Node may not be available.
2026-05-02T17:12:03.044+05:30  INFO 3164 --- [order-service] [org.springframework.kafka.KafkaListenerEndpointContainer#1-0-C-1] org.apache.kafka.clients.NetworkClient   : [Consumer clientId=consumer-order-group-2, groupId=order-group] Node 0 disconnected.
2026-05-02T17:12:03.045+05:30  WARN 3164 --- [order-service] [org.springframework.kafka.KafkaListenerEndpointContainer#1-0-C-1] org.apache.kafka.clients.NetworkClient   : [Consumer clientId=consumer-order-group-2, groupId=order-group] Connection to node 0 (NIRANJAN-LAP/172.22.64.1:9092) could not be established. Node may not be available.
2026-05-02T17:12:03.128+05:30  INFO 3164 --- [order-service] [org.springframework.kafka.KafkaListenerEndpointContainer#0-0-C-1] org.apache.kafka.clients.NetworkClient   : [Consumer clientId=consumer-order-group-1, groupId=order-group] Node 0 disconnected.
2026-05-02T17:12:03.128+05:30  WARN 3164 --- [order-service] [org.springframework.kafka.KafkaListenerEndpointContainer#0-0-C-1] org.apache.kafka.clients.NetworkClient   : [Consumer clientId=consumer-order-group-1, groupId=order-group] Connection to node 0 (NIRANJAN-LAP/172.22.64.1:9092) could not be established. Node may not be available.
2026-05-02T17:12:05.295+05:30  INFO 3164 --- [order-service] [org.springframework.kafka.KafkaListenerEndpointContainer#1-0-C-1] org.apache.kafka.clients.NetworkClient   : [Consumer clientId=consumer-order-group-2, groupId=order-group] Node 0 disconnected.
2026-05-02T17:12:05.296+05:30  INFO 3164 --- [order-service] [kafka-producer-network-thread | order-service-producer-1] org.apache.kafka.clients.NetworkClient   : [Producer clientId=order-service-producer-1] Node 0 disconnected.
2026-05-02T17:12:05.296+05:30  WARN 3164 --- [order-service] [org.springframework.kafka.KafkaListenerEndpointContainer#1-0-C-1] org.apache.kafka.clients.NetworkClient   : [Consumer clientId=consumer-order-group-2, groupId=order-group] Connection to node 0 (NIRANJAN-LAP/192.168.0.5:9092) could not be established. Node may not be available.
2026-05-02T17:12:05.296+05:30  WARN 3164 --- [order-service] [kafka-producer-network-thread | order-service-producer-1] org.apache.kafka.clients.NetworkClient   : [Producer clientId=order-service-producer-1] Connection to node 0 (NIRANJAN-LAP/192.168.0.5:9092) could not be established. Node may not be available.
2026-05-02T17:12:05.442+05:30  INFO 3164 --- [order-service] [org.springframework.kafka.KafkaListenerEndpointContainer#0-0-C-1] org.apache.kafka.clients.NetworkClient   : [Consumer clientId=consumer-order-group-1, groupId=order-group] Node 0 disconnected.
2026-05-02T17:12:05.442+05:30  WARN 3164 --- [order-service] [org.springframework.kafka.KafkaListenerEndpointContainer#0-0-C-1] org.apache.kafka.clients.NetworkClient   : [Consumer clientId=consumer-order-group-1, groupId=order-group] Connection to node 0 (NIRANJAN-LAP/192.168.0.5:9092) could not be established. Node may not be available.
2026-05-02T17:12:07.757+05:30  INFO 3164 --- [order-service] [kafka-producer-network-thread | order-service-producer-1] org.apache.kafka.clients.NetworkClient   : [Producer clientId=order-service-producer-1] Node 0 disconnected.
2026-05-02T17:12:07.757+05:30  WARN 3164 --- [order-service] [kafka-producer-network-thread | order-service-producer-1] org.apache.kafka.clients.NetworkClient   : [Producer clientId=order-service-producer-1] Connection to node 0 (NIRANJAN-LAP/172.22.64.1:9092) could not be established. Node may not be available.
2026-05-02T17:12:07.791+05:30  INFO 3164 --- [order-service] [org.springframework.kafka.KafkaListenerEndpointContainer#1-0-C-1] org.apache.kafka.clients.NetworkClient   : [Consumer clientId=consumer-order-group-2, groupId=order-group] Node 0 disconnected.
2026-05-02T17:12:07.791+05:30  WARN 3164 --- [order-service] [org.springframework.kafka.KafkaListenerEndpointContainer#1-0-C-1] org.apache.kafka.clients.NetworkClient   : [Consumer clientId=consumer-order-group-2, groupId=order-group] Connection to node 0 (NIRANJAN-LAP/172.22.64.1:9092) could not be established. Node may not be available.
2026-05-02T17:12:07.791+05:30  INFO 3164 --- [order-service] [org.springframework.kafka.KafkaListenerEndpointContainer#1-0-C-1] o.a.kafka.clients.FetchSessionHandler    : [Consumer clientId=consumer-order-group-2, groupId=order-group] Error sending fetch request (sessionId=363409661, epoch=INITIAL) to node 0:

org.apache.kafka.common.errors.DisconnectException

2026-05-02T17:12:07.938+05:30  INFO 3164 --- [order-service] [org.springframework.kafka.KafkaListenerEndpointContainer#0-0-C-1] org.apache.kafka.clients.NetworkClient   : [Consumer clientId=consumer-order-group-1, groupId=order-group] Node 0 disconnected.
2026-05-02T17:12:07.938+05:30  WARN 3164 --- [order-service] [org.springframework.kafka.KafkaListenerEndpointContainer#0-0-C-1] org.apache.kafka.clients.NetworkClient   : [Consumer clientId=consumer-order-group-1, groupId=order-group] Connection to node 0 (NIRANJAN-LAP/172.22.64.1:9092) could not be established. Node may not be available.
2026-05-02T17:12:10.556+05:30  INFO 3164 --- [order-service] [org.springframework.kafka.KafkaListenerEndpointContainer#1-0-C-1] org.apache.kafka.clients.NetworkClient   : [Consumer clientId=consumer-order-group-2, groupId=order-group] Node 0 disconnected.
2026-05-02T17:12:10.557+05:30  WARN 3164 --- [order-service] [org.springframework.kafka.KafkaListenerEndpointContainer#1-0-C-1] org.apache.kafka.clients.NetworkClient   : [Consumer clientId=consumer-order-group-2, groupId=order-group] Connection to node 0 (NIRANJAN-LAP/192.168.0.5:9092) could not be established. Node may not be available.
2026-05-02T17:12:10.607+05:30  INFO 3164 --- [order-service] [kafka-producer-network-thread | order-service-producer-1] org.apache.kafka.clients.NetworkClient   : [Producer clientId=order-service-producer-1] Node 0 disconnected.
2026-05-02T17:12:10.607+05:30  WARN 3164 --- [order-service] [kafka-producer-network-thread | order-service-producer-1] org.apache.kafka.clients.NetworkClient   : [Producer clientId=order-service-producer-1] Connection to node 0 (NIRANJAN-LAP/192.168.0.5:9092) could not be established. Node may not be available.
2026-05-02T17:12:10.872+05:30  INFO 3164 --- [order-service] [org.springframework.kafka.KafkaListenerEndpointContainer#0-0-C-1] org.apache.kafka.clients.NetworkClient   : [Consumer clientId=consumer-order-group-1, groupId=order-group] Node 0 disconnected.
2026-05-02T17:12:10.872+05:30  WARN 3164 --- [order-service] [org.springframework.kafka.KafkaListenerEndpointContainer#0-0-C-1] org.apache.kafka.clients.NetworkClient   : [Consumer clientId=consumer-order-group-1, groupId=order-group] Connection to node 0 (NIRANJAN-LAP/192.168.0.5:9092) could not be established. Node may not be available.
2026-05-02T17:12:10.872+05:30  INFO 3164 --- [order-service] [org.springframework.kafka.KafkaListenerEndpointContainer#0-0-C-1] o.a.kafka.clients.FetchSessionHandler    : [Consumer clientId=consumer-order-group-1, groupId=order-group] Error sending fetch request (sessionId=112088398, epoch=INITIAL) to node 0:

org.apache.kafka.common.errors.DisconnectException

2026-05-02T17:12:13.423+05:30  INFO 3164 --- [order-service] [org.springframework.kafka.KafkaListenerEndpointContainer#1-0-C-1] org.apache.kafka.clients.NetworkClient   : [Consumer clientId=consumer-order-group-2, groupId=order-group] Node 0 disconnected.
2026-05-02T17:12:13.423+05:30  WARN 3164 --- [order-service] [org.springframework.kafka.KafkaListenerEndpointContainer#1-0-C-1] org.apache.kafka.clients.NetworkClient   : [Consumer clientId=consumer-order-group-2, groupId=order-group] Connection to node 0 (NIRANJAN-LAP/172.22.64.1:9092) could not be established. Node may not be available.
2026-05-02T17:12:13.654+05:30  INFO 3164 --- [order-service] [kafka-producer-network-thread | order-service-producer-1] org.apache.kafka.clients.NetworkClient   : [Producer clientId=order-service-producer-1] Node 0 disconnected.
2026-05-02T17:12:13.654+05:30  WARN 3164 --- [order-service] [kafka-producer-network-thread | order-service-producer-1] org.apache.kafka.clients.NetworkClient   : [Producer clientId=order-service-producer-1] Connection to node 0 (NIRANJAN-LAP/172.22.64.1:9092) could not be established. Node may not be available.
2026-05-02T17:12:13.871+05:30  INFO 3164 --- [order-service] [org.springframework.kafka.KafkaListenerEndpointContainer#0-0-C-1] org.apache.kafka.clients.NetworkClient   : [Consumer clientId=consumer-order-group-1, groupId=order-group] Node 0 disconnected.
2026-05-02T17:12:13.871+05:30  WARN 3164 --- [order-service] [org.springframework.kafka.KafkaListenerEndpointContainer#0-0-C-1] org.apache.kafka.clients.NetworkClient   : [Consumer clientId=consumer-order-group-1, groupId=order-group] Connection to node 0 (NIRANJAN-LAP/172.22.64.1:9092) could not be established. Node may not be available.
2026-05-02T17:12:16.439+05:30  INFO 3164 --- [order-service] [org.springframework.kafka.KafkaListenerEndpointContainer#1-0-C-1] org.apache.kafka.clients.NetworkClient   : [Consumer clientId=consumer-order-group-2, groupId=order-group] Node 0 disconnected.
2026-05-02T17:12:16.439+05:30  WARN 3164 --- [order-service] [org.springframework.kafka.KafkaListenerEndpointContainer#1-0-C-1] org.apache.kafka.clients.NetworkClient   : [Consumer clientId=consumer-order-group-2, groupId=order-group] Connection to node 0 (NIRANJAN-LAP/192.168.0.5:9092) could not be established. Node may not be available.
2026-05-02T17:12:16.440+05:30  INFO 3164 --- [order-service] [org.springframework.kafka.KafkaListenerEndpointContainer#1-0-C-1] o.a.kafka.clients.FetchSessionHandler    : [Consumer clientId=consumer-order-group-2, groupId=order-group] Error sending fetch request (sessionId=363409661, epoch=INITIAL) to node 0:

org.apache.kafka.common.errors.DisconnectException

2026-05-02T17:12:16.687+05:30  INFO 3164 --- [order-service] [kafka-producer-network-thread | order-service-producer-1] org.apache.kafka.clients.NetworkClient   : [Producer clientId=order-service-producer-1] Node 0 disconnected.
2026-05-02T17:12:16.688+05:30  WARN 3164 --- [order-service] [kafka-producer-network-thread | order-service-producer-1] org.apache.kafka.clients.NetworkClient   : [Producer clientId=order-service-producer-1] Connection to node 0 (NIRANJAN-LAP/192.168.0.5:9092) could not be established. Node may not be available.
2026-05-02T17:12:16.934+05:30  INFO 3164 --- [order-service] [org.springframework.kafka.KafkaListenerEndpointContainer#0-0-C-1] org.apache.kafka.clients.NetworkClient   : [Consumer clientId=consumer-order-group-1, groupId=order-group] Node 0 disconnected.
2026-05-02T17:12:16.935+05:30  WARN 3164 --- [order-service] [org.springframework.kafka.KafkaListenerEndpointContainer#0-0-C-1] org.apache.kafka.clients.NetworkClient   : [Consumer clientId=consumer-order-group-1, groupId=order-group] Connection to node 0 (NIRANJAN-LAP/192.168.0.5:9092) could not be established. Node may not be available.
2026-05-02T17:12:16.935+05:30  INFO 3164 --- [order-service] [org.springframework.kafka.KafkaListenerEndpointContainer#0-0-C-1] o.a.kafka.clients.FetchSessionHandler    : [Consumer clientId=consumer-order-group-1, groupId=order-group] Error sending fetch request (sessionId=112088398, epoch=INITIAL) to node 0:

org.apache.kafka.common.errors.DisconnectException

2026-05-02T17:12:19.465+05:30  INFO 3164 --- [order-service] [org.springframework.kafka.KafkaListenerEndpointContainer#1-0-C-1] org.apache.kafka.clients.NetworkClient   : [Consumer clientId=consumer-order-group-2, groupId=order-group] Node 0 disconnected.
2026-05-02T17:12:19.466+05:30  WARN 3164 --- [order-service] [org.springframework.kafka.KafkaListenerEndpointContainer#1-0-C-1] org.apache.kafka.clients.NetworkClient   : [Consumer clientId=consumer-order-group-2, groupId=order-group] Connection to node 0 (NIRANJAN-LAP/172.22.64.1:9092) could not be established. Node may not be available.
2026-05-02T17:12:19.705+05:30  INFO 3164 --- [order-service] [kafka-producer-network-thread | order-service-producer-1] org.apache.kafka.clients.NetworkClient   : [Producer clientId=order-service-producer-1] Node 0 disconnected.
2026-05-02T17:12:19.705+05:30  WARN 3164 --- [order-service] [kafka-producer-network-thread | order-service-producer-1] org.apache.kafka.clients.NetworkClient   : [Producer clientId=order-service-producer-1] Connection to node 0 (NIRANJAN-LAP/172.22.64.1:9092) could not be established. Node may not be available.
2026-05-02T17:12:19.944+05:30  INFO 3164 --- [order-service] [org.springframework.kafka.KafkaListenerEndpointContainer#0-0-C-1] org.apache.kafka.clients.NetworkClient   : [Consumer clientId=consumer-order-group-1, groupId=order-group] Node 0 disconnected.
2026-05-02T17:12:19.944+05:30  WARN 3164 --- [order-service] [org.springframework.kafka.KafkaListenerEndpointContainer#0-0-C-1] org.apache.kafka.clients.NetworkClient   : [Consumer clientId=consumer-order-group-1, groupId=order-group] Connection to node 0 (NIRANJAN-LAP/172.22.64.1:9092) could not be established. Node may not be available.
2026-05-02T17:12:22.515+05:30  INFO 3164 --- [order-service] [org.springframework.kafka.KafkaListenerEndpointContainer#1-0-C-1] org.apache.kafka.clients.NetworkClient   : [Consumer clientId=consumer-order-group-2, groupId=order-group] Node 0 disconnected.
2026-05-02T17:12:22.516+05:30  WARN 3164 --- [order-service] [org.springframework.kafka.KafkaListenerEndpointContainer#1-0-C-1] org.apache.kafka.clients.NetworkClient   : [Consumer clientId=consumer-order-group-2, groupId=order-group] Connection to node 0 (NIRANJAN-LAP/192.168.0.5:9092) could not be established. Node may not be available.
2026-05-02T17:12:22.516+05:30  INFO 3164 --- [order-service] [org.springframework.kafka.KafkaListenerEndpointContainer#1-0-C-1] o.a.kafka.clients.FetchSessionHandler    : [Consumer clientId=consumer-order-group-2, groupId=order-group] Error sending fetch request (sessionId=363409661, epoch=INITIAL) to node 0:

org.apache.kafka.common.errors.DisconnectException

2026-05-02T17:12:22.750+05:30  INFO 3164 --- [order-service] [kafka-producer-network-thread | order-service-producer-1] org.apache.kafka.clients.NetworkClient   : [Producer clientId=order-service-producer-1] Node 0 disconnected.
2026-05-02T17:12:22.750+05:30  WARN 3164 --- [order-service] [kafka-producer-network-thread | order-service-producer-1] org.apache.kafka.clients.NetworkClient   : [Producer clientId=order-service-producer-1] Connection to node 0 (NIRANJAN-LAP/192.168.0.5:9092) could not be established. Node may not be available.
2026-05-02T17:12:22.983+05:30  INFO 3164 --- [order-service] [org.springframework.kafka.KafkaListenerEndpointContainer#0-0-C-1] org.apache.kafka.clients.NetworkClient   : [Consumer clientId=consumer-order-group-1, groupId=order-group] Node 0 disconnected.
2026-05-02T17:12:22.983+05:30  WARN 3164 --- [order-service] [org.springframework.kafka.KafkaListenerEndpointContainer#0-0-C-1] org.apache.kafka.clients.NetworkClient   : [Consumer clientId=consumer-order-group-1, groupId=order-group] Connection to node 0 (NIRANJAN-LAP/192.168.0.5:9092) could not be established. Node may not be available.
2026-05-02T17:12:25.569+05:30  INFO 3164 --- [order-service] [org.springframework.kafka.KafkaListenerEndpointContainer#1-0-C-1] org.apache.kafka.clients.NetworkClient   : [Consumer clientId=consumer-order-group-2, groupId=order-group] Node 0 disconnected.
2026-05-02T17:12:25.569+05:30  WARN 3164 --- [order-service] [org.springframework.kafka.KafkaListenerEndpointContainer#1-0-C-1] org.apache.kafka.clients.NetworkClient   : [Consumer clientId=consumer-order-group-2, groupId=order-group] Connection to node 0 (NIRANJAN-LAP/172.22.64.1:9092) could not be established. Node may not be available.
2026-05-02T17:12:25.788+05:30  INFO 3164 --- [order-service] [kafka-producer-network-thread | order-service-producer-1] org.apache.kafka.clients.NetworkClient   : [Producer clientId=order-service-producer-1] Node 0 disconnected.
2026-05-02T17:12:25.789+05:30  WARN 3164 --- [order-service] [kafka-producer-network-thread | order-service-producer-1] org.apache.kafka.clients.NetworkClient   : [Producer clientId=order-service-producer-1] Connection to node 0 (NIRANJAN-LAP/172.22.64.1:9092) could not be established. Node may not be available.
2026-05-02T17:12:26.005+05:30  INFO 3164 --- [order-service] [org.springframework.kafka.KafkaListenerEndpointContainer#0-0-C-1] org.apache.kafka.clients.NetworkClient   : [Consumer clientId=consumer-order-group-1, groupId=order-group] Node 0 disconnected.
2026-05-02T17:12:26.006+05:30  WARN 3164 --- [order-service] [org.springframework.kafka.KafkaListenerEndpointContainer#0-0-C-1] org.apache.kafka.clients.NetworkClient   : [Consumer clientId=consumer-order-group-1, groupId=order-group] Connection to node 0 (NIRANJAN-LAP/172.22.64.1:9092) could not be established. Node may not be available.
2026-05-02T17:12:26.006+05:30  INFO 3164 --- [order-service] [org.springframework.kafka.KafkaListenerEndpointContainer#0-0-C-1] o.a.kafka.clients.FetchSessionHandler    : [Consumer clientId=consumer-order-group-1, groupId=order-group] Error sending fetch request (sessionId=112088398, epoch=INITIAL) to node 0:

org.apache.kafka.common.errors.DisconnectException

2026-05-02T17:12:28.627+05:30  INFO 3164 --- [order-service] [org.springframework.kafka.KafkaListenerEndpointContainer#1-0-C-1] org.apache.kafka.clients.NetworkClient   : [Consumer clientId=consumer-order-group-2, groupId=order-group] Node 0 disconnected.
2026-05-02T17:12:28.627+05:30  WARN 3164 --- [order-service] [org.springframework.kafka.KafkaListenerEndpointContainer#1-0-C-1] org.apache.kafka.clients.NetworkClient   : [Consumer clientId=consumer-order-group-2, groupId=order-group] Connection to node 0 (NIRANJAN-LAP/192.168.0.5:9092) could not be established. Node may not be available.
2026-05-02T17:12:28.859+05:30  INFO 3164 --- [order-service] [kafka-producer-network-thread | order-service-producer-1] org.apache.kafka.clients.NetworkClient   : [Producer clientId=order-service-producer-1] Node 0 disconnected.
2026-05-02T17:12:28.860+05:30  WARN 3164 --- [order-service] [kafka-producer-network-thread | order-service-producer-1] org.apache.kafka.clients.NetworkClient   : [Producer clientId=order-service-producer-1] Connection to node 0 (NIRANJAN-LAP/192.168.0.5:9092) could not be established. Node may not be available.
2026-05-02T17:12:29.032+05:30  INFO 3164 --- [order-service] [org.springframework.kafka.KafkaListenerEndpointContainer#0-0-C-1] org.apache.kafka.clients.NetworkClient   : [Consumer clientId=consumer-order-group-1, groupId=order-group] Node 0 disconnected.
2026-05-02T17:12:29.033+05:30  WARN 3164 --- [order-service] [org.springframework.kafka.KafkaListenerEndpointContainer#0-0-C-1] org.apache.kafka.clients.NetworkClient   : [Consumer clientId=consumer-order-group-1, groupId=order-group] Connection to node 0 (NIRANJAN-LAP/192.168.0.5:9092) could not be established. Node may not be available.
2026-05-02T17:12:31.726+05:30  INFO 3164 --- [order-service] [org.springframework.kafka.KafkaListenerEndpointContainer#1-0-C-1] org.apache.kafka.clients.NetworkClient   : [Consumer clientId=consumer-order-group-2, groupId=order-group] Node 0 disconnected.
2026-05-02T17:12:31.726+05:30  WARN 3164 --- [order-service] [org.springframework.kafka.KafkaListenerEndpointContainer#1-0-C-1] org.apache.kafka.clients.NetworkClient   : [Consumer clientId=consumer-order-group-2, groupId=order-group] Connection to node 0 (NIRANJAN-LAP/172.22.64.1:9092) could not be established. Node may not be available.
2026-05-02T17:12:31.727+05:30  INFO 3164 --- [order-service] [org.springframework.kafka.KafkaListenerEndpointContainer#1-0-C-1] o.a.kafka.clients.FetchSessionHandler    : [Consumer clientId=consumer-order-group-2, groupId=order-group] Error sending fetch request (sessionId=363409661, epoch=INITIAL) to node 0:

org.apache.kafka.common.errors.DisconnectException

2026-05-02T17:12:31.929+05:30  INFO 3164 --- [order-service] [kafka-producer-network-thread | order-service-producer-1] org.apache.kafka.clients.NetworkClient   : [Producer clientId=order-service-producer-1] Node 0 disconnected.
2026-05-02T17:12:31.929+05:30  WARN 3164 --- [order-service] [kafka-producer-network-thread | order-service-producer-1] org.apache.kafka.clients.NetworkClient   : [Producer clientId=order-service-producer-1] Connection to node 0 (NIRANJAN-LAP/172.22.64.1:9092) could not be established. Node may not be available.
2026-05-02T17:12:32.055+05:30  INFO 3164 --- [order-service] [org.springframework.kafka.KafkaListenerEndpointContainer#0-0-C-1] org.apache.kafka.clients.NetworkClient   : [Consumer clientId=consumer-order-group-1, groupId=order-group] Node 0 disconnected.
2026-05-02T17:12:32.055+05:30  WARN 3164 --- [order-service] [org.springframework.kafka.KafkaListenerEndpointContainer#0-0-C-1] org.apache.kafka.clients.NetworkClient   : [Consumer clientId=consumer-order-group-1, groupId=order-group] Connection to node 0 (NIRANJAN-LAP/172.22.64.1:9092) could not be established. Node may not be available.
2026-05-02T17:12:32.056+05:30  INFO 3164 --- [order-service] [org.springframework.kafka.KafkaListenerEndpointContainer#0-0-C-1] o.a.kafka.clients.FetchSessionHandler    : [Consumer clientId=consumer-order-group-1, groupId=order-group] Error sending fetch request (sessionId=112088398, epoch=INITIAL) to node 0:

org.apache.kafka.common.errors.DisconnectException

2026-05-02T17:12:34.791+05:30  INFO 3164 --- [order-service] [org.springframework.kafka.KafkaListenerEndpointContainer#1-0-C-1] org.apache.kafka.clients.NetworkClient   : [Consumer clientId=consumer-order-group-2, groupId=order-group] Node 0 disconnected.
2026-05-02T17:12:34.791+05:30  WARN 3164 --- [order-service] [org.springframework.kafka.KafkaListenerEndpointContainer#1-0-C-1] org.apache.kafka.clients.NetworkClient   : [Consumer clientId=consumer-order-group-2, groupId=order-group] Connection to node 0 (NIRANJAN-LAP/192.168.0.5:9092) could not be established. Node may not be available.
2026-05-02T17:12:34.975+05:30  INFO 3164 --- [order-service] [kafka-producer-network-thread | order-service-producer-1] org.apache.kafka.clients.NetworkClient   : [Producer clientId=order-service-producer-1] Node 0 disconnected.
2026-05-02T17:12:34.975+05:30  WARN 3164 --- [order-service] [kafka-producer-network-thread | order-service-producer-1] org.apache.kafka.clients.NetworkClient   : [Producer clientId=order-service-producer-1] Connection to node 0 (NIRANJAN-LAP/192.168.0.5:9092) could not be established. Node may not be available.
2026-05-02T17:12:35.094+05:30  INFO 3164 --- [order-service] [org.springframework.kafka.KafkaListenerEndpointContainer#0-0-C-1] org.apache.kafka.clients.NetworkClient   : [Consumer clientId=consumer-order-group-1, groupId=order-group] Node 0 disconnected.
2026-05-02T17:12:35.095+05:30  WARN 3164 --- [order-service] [org.springframework.kafka.KafkaListenerEndpointContainer#0-0-C-1] org.apache.kafka.clients.NetworkClient   : [Consumer clientId=consumer-order-group-1, groupId=order-group] Connection to node 0 (NIRANJAN-LAP/192.168.0.5:9092) could not be established. Node may not be available.
2026-05-02T17:12:37.780+05:30  INFO 3164 --- [order-service] [org.springframework.kafka.KafkaListenerEndpointContainer#1-0-C-1] org.apache.kafka.clients.NetworkClient   : [Consumer clientId=consumer-order-group-2, groupId=order-group] Node 0 disconnected.
2026-05-02T17:12:37.780+05:30  WARN 3164 --- [order-service] [org.springframework.kafka.KafkaListenerEndpointContainer#1-0-C-1] org.apache.kafka.clients.NetworkClient   : [Consumer clientId=consumer-order-group-2, groupId=order-group] Connection to node 0 (NIRANJAN-LAP/172.22.64.1:9092) could not be established. Node may not be available.
2026-05-02T17:12:37.780+05:30  INFO 3164 --- [order-service] [org.springframework.kafka.KafkaListenerEndpointContainer#1-0-C-1] o.a.kafka.clients.FetchSessionHandler    : [Consumer clientId=consumer-order-group-2, groupId=order-group] Error sending fetch request (sessionId=363409661, epoch=INITIAL) to node 0:

org.apache.kafka.common.errors.DisconnectException

2026-05-02T17:12:37.990+05:30  INFO 3164 --- [order-service] [kafka-producer-network-thread | order-service-producer-1] org.apache.kafka.clients.NetworkClient   : [Producer clientId=order-service-producer-1] Node 0 disconnected.
2026-05-02T17:12:37.990+05:30  WARN 3164 --- [order-service] [kafka-producer-network-thread | order-service-producer-1] org.apache.kafka.clients.NetworkClient   : [Producer clientId=order-service-producer-1] Connection to node 0 (NIRANJAN-LAP/172.22.64.1:9092) could not be established. Node may not be available.
2026-05-02T17:12:38.124+05:30  INFO 3164 --- [order-service] [org.springframework.kafka.KafkaListenerEndpointContainer#0-0-C-1] org.apache.kafka.clients.NetworkClient   : [Consumer clientId=consumer-order-group-1, groupId=order-group] Node 0 disconnected.
2026-05-02T17:12:38.125+05:30  WARN 3164 --- [order-service] [org.springframework.kafka.KafkaListenerEndpointContainer#0-0-C-1] org.apache.kafka.clients.NetworkClient   : [Consumer clientId=consumer-order-group-1, groupId=order-group] Connection to node 0 (NIRANJAN-LAP/172.22.64.1:9092) could not be established. Node may not be available.
2026-05-02T17:12:40.825+05:30  INFO 3164 --- [order-service] [org.springframework.kafka.KafkaListenerEndpointContainer#1-0-C-1] org.apache.kafka.clients.NetworkClient   : [Consumer clientId=consumer-order-group-2, groupId=order-group] Node 0 disconnected.
2026-05-02T17:12:40.826+05:30  WARN 3164 --- [order-service] [org.springframework.kafka.KafkaListenerEndpointContainer#1-0-C-1] org.apache.kafka.clients.NetworkClient   : [Consumer clientId=consumer-order-group-2, groupId=order-group] Connection to node 0 (NIRANJAN-LAP/192.168.0.5:9092) could not be established. Node may not be available.
2026-05-02T17:12:40.826+05:30  INFO 3164 --- [order-service] [org.springframework.kafka.KafkaListenerEndpointContainer#1-0-C-1] o.a.kafka.clients.FetchSessionHandler    : [Consumer clientId=consumer-order-group-2, groupId=order-group] Error sending fetch request (sessionId=363409661, epoch=INITIAL) to node 0:

org.apache.kafka.common.errors.DisconnectException

2026-05-02T17:12:41.059+05:30  INFO 3164 --- [order-service] [kafka-producer-network-thread | order-service-producer-1] org.apache.kafka.clients.NetworkClient   : [Producer clientId=order-service-producer-1] Node 0 disconnected.
2026-05-02T17:12:41.059+05:30  WARN 3164 --- [order-service] [kafka-producer-network-thread | order-service-producer-1] org.apache.kafka.clients.NetworkClient   : [Producer clientId=order-service-producer-1] Connection to node 0 (NIRANJAN-LAP/192.168.0.5:9092) could not be established. Node may not be available.
2026-05-02T17:12:41.207+05:30  INFO 3164 --- [order-service] [org.springframework.kafka.KafkaListenerEndpointContainer#0-0-C-1] org.apache.kafka.clients.NetworkClient   : [Consumer clientId=consumer-order-group-1, groupId=order-group] Node 0 disconnected.
2026-05-02T17:12:41.207+05:30  WARN 3164 --- [order-service] [org.springframework.kafka.KafkaListenerEndpointContainer#0-0-C-1] org.apache.kafka.clients.NetworkClient   : [Consumer clientId=consumer-order-group-1, groupId=order-group] Connection to node 0 (NIRANJAN-LAP/192.168.0.5:9092) could not be established. Node may not be available.
2026-05-02T17:12:41.207+05:30  INFO 3164 --- [order-service] [org.springframework.kafka.KafkaListenerEndpointContainer#0-0-C-1] o.a.kafka.clients.FetchSessionHandler    : [Consumer clientId=consumer-order-group-1, groupId=order-group] Error sending fetch request (sessionId=112088398, epoch=INITIAL) to node 0:

org.apache.kafka.common.errors.DisconnectException

2026-05-02T17:12:43.823+05:30  INFO 3164 --- [order-service] [org.springframework.kafka.KafkaListenerEndpointContainer#1-0-C-1] org.apache.kafka.clients.NetworkClient   : [Consumer clientId=consumer-order-group-2, groupId=order-group] Node 0 disconnected.
2026-05-02T17:12:43.823+05:30  WARN 3164 --- [order-service] [org.springframework.kafka.KafkaListenerEndpointContainer#1-0-C-1] org.apache.kafka.clients.NetworkClient   : [Consumer clientId=consumer-order-group-2, groupId=order-group] Connection to node 0 (NIRANJAN-LAP/172.22.64.1:9092) could not be established. Node may not be available.
2026-05-02T17:12:44.106+05:30  INFO 3164 --- [order-service] [kafka-producer-network-thread | order-service-producer-1] org.apache.kafka.clients.NetworkClient   : [Producer clientId=order-service-producer-1] Node 0 disconnected.
2026-05-02T17:12:44.106+05:30  WARN 3164 --- [order-service] [kafka-producer-network-thread | order-service-producer-1] org.apache.kafka.clients.NetworkClient   : [Producer clientId=order-service-producer-1] Connection to node 0 (NIRANJAN-LAP/172.22.64.1:9092) could not be established. Node may not be available.
2026-05-02T17:12:44.238+05:30  INFO 3164 --- [order-service] [org.springframework.kafka.KafkaListenerEndpointContainer#0-0-C-1] org.apache.kafka.clients.NetworkClient   : [Consumer clientId=consumer-order-group-1, groupId=order-group] Node 0 disconnected.
2026-05-02T17:12:44.238+05:30  WARN 3164 --- [order-service] [org.springframework.kafka.KafkaListenerEndpointContainer#0-0-C-1] org.apache.kafka.clients.NetworkClient   : [Consumer clientId=consumer-order-group-1, groupId=order-group] Connection to node 0 (NIRANJAN-LAP/172.22.64.1:9092) could not be established. Node may not be available.
2026-05-02T17:12:46.838+05:30  INFO 3164 --- [order-service] [org.springframework.kafka.KafkaListenerEndpointContainer#1-0-C-1] org.apache.kafka.clients.NetworkClient   : [Consumer clientId=consumer-order-group-2, groupId=order-group] Node 0 disconnected.
2026-05-02T17:12:46.840+05:30  WARN 3164 --- [order-service] [org.springframework.kafka.KafkaListenerEndpointContainer#1-0-C-1] org.apache.kafka.clients.NetworkClient   : [Consumer clientId=consumer-order-group-2, groupId=order-group] Connection to node 0 (NIRANJAN-LAP/192.168.0.5:9092) could not be established. Node may not be available.
2026-05-02T17:12:46.840+05:30  INFO 3164 --- [order-service] [org.springframework.kafka.KafkaListenerEndpointContainer#1-0-C-1] o.a.kafka.clients.FetchSessionHandler    : [Consumer clientId=consumer-order-group-2, groupId=order-group] Error sending fetch request (sessionId=363409661, epoch=INITIAL) to node 0:

org.apache.kafka.common.errors.DisconnectException

2026-05-02T17:12:47.138+05:30  INFO 3164 --- [order-service] [kafka-producer-network-thread | order-service-producer-1] org.apache.kafka.clients.NetworkClient   : [Producer clientId=order-service-producer-1] Node 0 disconnected.
2026-05-02T17:12:47.138+05:30  WARN 3164 --- [order-service] [kafka-producer-network-thread | order-service-producer-1] org.apache.kafka.clients.NetworkClient   : [Producer clientId=order-service-producer-1] Connection to node 0 (NIRANJAN-LAP/192.168.0.5:9092) could not be established. Node may not be available.
2026-05-02T17:12:47.287+05:30  INFO 3164 --- [order-service] [org.springframework.kafka.KafkaListenerEndpointContainer#0-0-C-1] org.apache.kafka.clients.NetworkClient   : [Consumer clientId=consumer-order-group-1, groupId=order-group] Node 0 disconnected.
2026-05-02T17:12:47.287+05:30  WARN 3164 --- [order-service] [org.springframework.kafka.KafkaListenerEndpointContainer#0-0-C-1] org.apache.kafka.clients.NetworkClient   : [Consumer clientId=consumer-order-group-1, groupId=order-group] Connection to node 0 (NIRANJAN-LAP/192.168.0.5:9092) could not be established. Node may not be available.
2026-05-02T17:12:47.287+05:30  INFO 3164 --- [order-service] [org.springframework.kafka.KafkaListenerEndpointContainer#0-0-C-1] o.a.kafka.clients.FetchSessionHandler    : [Consumer clientId=consumer-order-group-1, groupId=order-group] Error sending fetch request (sessionId=112088398, epoch=INITIAL) to node 0:

org.apache.kafka.common.errors.DisconnectException

2026-05-02T17:12:49.870+05:30  INFO 3164 --- [order-service] [org.springframework.kafka.KafkaListenerEndpointContainer#1-0-C-1] org.apache.kafka.clients.NetworkClient   : [Consumer clientId=consumer-order-group-2, groupId=order-group] Node 0 disconnected.
2026-05-02T17:12:49.870+05:30  WARN 3164 --- [order-service] [org.springframework.kafka.KafkaListenerEndpointContainer#1-0-C-1] org.apache.kafka.clients.NetworkClient   : [Consumer clientId=consumer-order-group-2, groupId=order-group] Connection to node 0 (NIRANJAN-LAP/172.22.64.1:9092) could not be established. Node may not be available.
2026-05-02T17:12:50.170+05:30  INFO 3164 --- [order-service] [kafka-producer-network-thread | order-service-producer-1] org.apache.kafka.clients.NetworkClient   : [Producer clientId=order-service-producer-1] Node 0 disconnected.
2026-05-02T17:12:50.170+05:30  WARN 3164 --- [order-service] [kafka-producer-network-thread | order-service-producer-1] org.apache.kafka.clients.NetworkClient   : [Producer clientId=order-service-producer-1] Connection to node 0 (NIRANJAN-LAP/172.22.64.1:9092) could not be established. Node may not be available.
2026-05-02T17:12:50.269+05:30  INFO 3164 --- [order-service] [org.springframework.kafka.KafkaListenerEndpointContainer#0-0-C-1] org.apache.kafka.clients.NetworkClient   : [Consumer clientId=consumer-order-group-1, groupId=order-group] Node 0 disconnected.
2026-05-02T17:12:50.269+05:30  WARN 3164 --- [order-service] [org.springframework.kafka.KafkaListenerEndpointContainer#0-0-C-1] org.apache.kafka.clients.NetworkClient   : [Consumer clientId=consumer-order-group-1, groupId=order-group] Connection to node 0 (NIRANJAN-LAP/172.22.64.1:9092) could not be established. Node may not be available.
2026-05-02T17:12:52.965+05:30  INFO 3164 --- [order-service] [org.springframework.kafka.KafkaListenerEndpointContainer#1-0-C-1] org.apache.kafka.clients.NetworkClient   : [Consumer clientId=consumer-order-group-2, groupId=order-group] Node 0 disconnected.
2026-05-02T17:12:52.965+05:30  WARN 3164 --- [order-service] [org.springframework.kafka.KafkaListenerEndpointContainer#1-0-C-1] org.apache.kafka.clients.NetworkClient   : [Consumer clientId=consumer-order-group-2, groupId=order-group] Connection to node 0 (NIRANJAN-LAP/192.168.0.5:9092) could not be established. Node may not be available.
2026-05-02T17:12:53.199+05:30  INFO 3164 --- [order-service] [kafka-producer-network-thread | order-service-producer-1] org.apache.kafka.clients.NetworkClient   : [Producer clientId=order-service-producer-1] Node 0 disconnected.
2026-05-02T17:12:53.200+05:30  WARN 3164 --- [order-service] [kafka-producer-network-thread | order-service-producer-1] org.apache.kafka.clients.NetworkClient   : [Producer clientId=order-service-producer-1] Connection to node 0 (NIRANJAN-LAP/192.168.0.5:9092) could not be established. Node may not be available.
2026-05-02T17:12:53.300+05:30  INFO 3164 --- [order-service] [org.springframework.kafka.KafkaListenerEndpointContainer#0-0-C-1] org.apache.kafka.clients.NetworkClient   : [Consumer clientId=consumer-order-group-1, groupId=order-group] Node 0 disconnected.
2026-05-02T17:12:53.300+05:30  WARN 3164 --- [order-service] [org.springframework.kafka.KafkaListenerEndpointContainer#0-0-C-1] org.apache.kafka.clients.NetworkClient   : [Consumer clientId=consumer-order-group-1, groupId=order-group] Connection to node 0 (NIRANJAN-LAP/192.168.0.5:9092) could not be established. Node may not be available.
2026-05-02T17:12:56.015+05:30  INFO 3164 --- [order-service] [org.springframework.kafka.KafkaListenerEndpointContainer#1-0-C-1] org.apache.kafka.clients.NetworkClient   : [Consumer clientId=consumer-order-group-2, groupId=order-group] Node 0 disconnected.
2026-05-02T17:12:56.015+05:30  WARN 3164 --- [order-service] [org.springframework.kafka.KafkaListenerEndpointContainer#1-0-C-1] org.apache.kafka.clients.NetworkClient   : [Consumer clientId=consumer-order-group-2, groupId=order-group] Connection to node 0 (NIRANJAN-LAP/172.22.64.1:9092) could not be established. Node may not be available.
2026-05-02T17:12:56.016+05:30  INFO 3164 --- [order-service] [org.springframework.kafka.KafkaListenerEndpointContainer#1-0-C-1] o.a.kafka.clients.FetchSessionHandler    : [Consumer clientId=consumer-order-group-2, groupId=order-group] Error sending fetch request (sessionId=363409661, epoch=INITIAL) to node 0:

org.apache.kafka.common.errors.DisconnectException

2026-05-02T17:12:56.235+05:30  INFO 3164 --- [order-service] [kafka-producer-network-thread | order-service-producer-1] org.apache.kafka.clients.NetworkClient   : [Producer clientId=order-service-producer-1] Node 0 disconnected.
2026-05-02T17:12:56.235+05:30  WARN 3164 --- [order-service] [kafka-producer-network-thread | order-service-producer-1] org.apache.kafka.clients.NetworkClient   : [Producer clientId=order-service-producer-1] Connection to node 0 (NIRANJAN-LAP/172.22.64.1:9092) could not be established. Node may not be available.
2026-05-02T17:12:56.349+05:30  INFO 3164 --- [order-service] [org.springframework.kafka.KafkaListenerEndpointContainer#0-0-C-1] org.apache.kafka.clients.NetworkClient   : [Consumer clientId=consumer-order-group-1, groupId=order-group] Node 0 disconnected.
2026-05-02T17:12:56.349+05:30  WARN 3164 --- [order-service] [org.springframework.kafka.KafkaListenerEndpointContainer#0-0-C-1] org.apache.kafka.clients.NetworkClient   : [Consumer clientId=consumer-order-group-1, groupId=order-group] Connection to node 0 (NIRANJAN-LAP/172.22.64.1:9092) could not be established. Node may not be available.
2026-05-02T17:12:56.349+05:30  INFO 3164 --- [order-service] [org.springframework.kafka.KafkaListenerEndpointContainer#0-0-C-1] o.a.kafka.clients.FetchSessionHandler    : [Consumer clientId=consumer-order-group-1, groupId=order-group] Error sending fetch request (sessionId=112088398, epoch=INITIAL) to node 0:

org.apache.kafka.common.errors.DisconnectException

2026-05-02T17:12:59.032+05:30  INFO 3164 --- [order-service] [org.springframework.kafka.KafkaListenerEndpointContainer#1-0-C-1] org.apache.kafka.clients.NetworkClient   : [Consumer clientId=consumer-order-group-2, groupId=order-group] Node 0 disconnected.
2026-05-02T17:12:59.032+05:30  WARN 3164 --- [order-service] [org.springframework.kafka.KafkaListenerEndpointContainer#1-0-C-1] org.apache.kafka.clients.NetworkClient   : [Consumer clientId=consumer-order-group-2, groupId=order-group] Connection to node 0 (NIRANJAN-LAP/192.168.0.5:9092) could not be established. Node may not be available.
2026-05-02T17:12:59.267+05:30  INFO 3164 --- [order-service] [kafka-producer-network-thread | order-service-producer-1] org.apache.kafka.clients.NetworkClient   : [Producer clientId=order-service-producer-1] Node 0 disconnected.
2026-05-02T17:12:59.267+05:30  WARN 3164 --- [order-service] [kafka-producer-network-thread | order-service-producer-1] org.apache.kafka.clients.NetworkClient   : [Producer clientId=order-service-producer-1] Connection to node 0 (NIRANJAN-LAP/192.168.0.5:9092) could not be established. Node may not be available.
2026-05-02T17:12:59.381+05:30  INFO 3164 --- [order-service] [org.springframework.kafka.KafkaListenerEndpointContainer#0-0-C-1] org.apache.kafka.clients.NetworkClient   : [Consumer clientId=consumer-order-group-1, groupId=order-group] Node 0 disconnected.
2026-05-02T17:12:59.381+05:30  WARN 3164 --- [order-service] [org.springframework.kafka.KafkaListenerEndpointContainer#0-0-C-1] org.apache.kafka.clients.NetworkClient   : [Consumer clientId=consumer-order-group-1, groupId=order-group] Connection to node 0 (NIRANJAN-LAP/192.168.0.5:9092) could not be established. Node may not be available.
2026-05-02T17:13:02.101+05:30  INFO 3164 --- [order-service] [org.springframework.kafka.KafkaListenerEndpointContainer#1-0-C-1] org.apache.kafka.clients.NetworkClient   : [Consumer clientId=consumer-order-group-2, groupId=order-group] Node 0 disconnected.
2026-05-02T17:13:02.101+05:30  WARN 3164 --- [order-service] [org.springframework.kafka.KafkaListenerEndpointContainer#1-0-C-1] org.apache.kafka.clients.NetworkClient   : [Consumer clientId=consumer-order-group-2, groupId=order-group] Connection to node 0 (NIRANJAN-LAP/172.22.64.1:9092) could not be established. Node may not be available.
2026-05-02T17:13:02.101+05:30  INFO 3164 --- [order-service] [org.springframework.kafka.KafkaListenerEndpointContainer#1-0-C-1] o.a.kafka.clients.FetchSessionHandler    : [Consumer clientId=consumer-order-group-2, groupId=order-group] Error sending fetch request (sessionId=363409661, epoch=INITIAL) to node 0:

org.apache.kafka.common.errors.DisconnectException

2026-05-02T17:13:02.322+05:30  INFO 3164 --- [order-service] [kafka-producer-network-thread | order-service-producer-1] org.apache.kafka.clients.NetworkClient   : [Producer clientId=order-service-producer-1] Node 0 disconnected.
2026-05-02T17:13:02.322+05:30  WARN 3164 --- [order-service] [kafka-producer-network-thread | order-service-producer-1] org.apache.kafka.clients.NetworkClient   : [Producer clientId=order-service-producer-1] Connection to node 0 (NIRANJAN-LAP/172.22.64.1:9092) could not be established. Node may not be available.
2026-05-02T17:13:02.434+05:30  INFO 3164 --- [order-service] [org.springframework.kafka.KafkaListenerEndpointContainer#0-0-C-1] org.apache.kafka.clients.NetworkClient   : [Consumer clientId=consumer-order-group-1, groupId=order-group] Node 0 disconnected.
2026-05-02T17:13:02.434+05:30  WARN 3164 --- [order-service] [org.springframework.kafka.KafkaListenerEndpointContainer#0-0-C-1] org.apache.kafka.clients.NetworkClient   : [Consumer clientId=consumer-order-group-1, groupId=order-group] Connection to node 0 (NIRANJAN-LAP/172.22.64.1:9092) could not be established. Node may not be available.
2026-05-02T17:13:02.434+05:30  INFO 3164 --- [order-service] [org.springframework.kafka.KafkaListenerEndpointContainer#0-0-C-1] o.a.kafka.clients.FetchSessionHandler    : [Consumer clientId=consumer-order-group-1, groupId=order-group] Error sending fetch request (sessionId=112088398, epoch=INITIAL) to node 0:

org.apache.kafka.common.errors.DisconnectException

2026-05-02T17:13:05.053+05:30  INFO 3164 --- [order-service] [org.springframework.kafka.KafkaListenerEndpointContainer#1-0-C-1] org.apache.kafka.clients.NetworkClient   : [Consumer clientId=consumer-order-group-2, groupId=order-group] Node 0 disconnected.
2026-05-02T17:13:05.053+05:30  WARN 3164 --- [order-service] [org.springframework.kafka.KafkaListenerEndpointContainer#1-0-C-1] org.apache.kafka.clients.NetworkClient   : [Consumer clientId=consumer-order-group-2, groupId=order-group] Connection to node 0 (NIRANJAN-LAP/192.168.0.5:9092) could not be established. Node may not be available.
2026-05-02T17:13:05.368+05:30  INFO 3164 --- [order-service] [kafka-producer-network-thread | order-service-producer-1] org.apache.kafka.clients.NetworkClient   : [Producer clientId=order-service-producer-1] Node 0 disconnected.
2026-05-02T17:13:05.368+05:30  WARN 3164 --- [order-service] [kafka-producer-network-thread | order-service-producer-1] org.apache.kafka.clients.NetworkClient   : [Producer clientId=order-service-producer-1] Connection to node 0 (NIRANJAN-LAP/192.168.0.5:9092) could not be established. Node may not be available.
2026-05-02T17:13:05.478+05:30  INFO 3164 --- [order-service] [org.springframework.kafka.KafkaListenerEndpointContainer#0-0-C-1] org.apache.kafka.clients.NetworkClient   : [Consumer clientId=consumer-order-group-1, groupId=order-group] Node 0 disconnected.
2026-05-02T17:13:05.478+05:30  WARN 3164 --- [order-service] [org.springframework.kafka.KafkaListenerEndpointContainer#0-0-C-1] org.apache.kafka.clients.NetworkClient   : [Consumer clientId=consumer-order-group-1, groupId=order-group] Connection to node 0 (NIRANJAN-LAP/192.168.0.5:9092) could not be established. Node may not be available.
2026-05-02T17:13:08.093+05:30  INFO 3164 --- [order-service] [org.springframework.kafka.KafkaListenerEndpointContainer#1-0-C-1] org.apache.kafka.clients.NetworkClient   : [Consumer clientId=consumer-order-group-2, groupId=order-group] Node 0 disconnected.
2026-05-02T17:13:08.093+05:30  WARN 3164 --- [order-service] [org.springframework.kafka.KafkaListenerEndpointContainer#1-0-C-1] org.apache.kafka.clients.NetworkClient   : [Consumer clientId=consumer-order-group-2, groupId=order-group] Connection to node 0 (NIRANJAN-LAP/172.22.64.1:9092) could not be established. Node may not be available.
2026-05-02T17:13:08.461+05:30  INFO 3164 --- [order-service] [kafka-producer-network-thread | order-service-producer-1] org.apache.kafka.clients.NetworkClient   : [Producer clientId=order-service-producer-1] Node 0 disconnected.
2026-05-02T17:13:08.461+05:30  WARN 3164 --- [order-service] [kafka-producer-network-thread | order-service-producer-1] org.apache.kafka.clients.NetworkClient   : [Producer clientId=order-service-producer-1] Connection to node 0 (NIRANJAN-LAP/172.22.64.1:9092) could not be established. Node may not be available.
2026-05-02T17:13:08.575+05:30  INFO 3164 --- [order-service] [org.springframework.kafka.KafkaListenerEndpointContainer#0-0-C-1] org.apache.kafka.clients.NetworkClient   : [Consumer clientId=consumer-order-group-1, groupId=order-group] Node 0 disconnected.
2026-05-02T17:13:08.576+05:30  WARN 3164 --- [order-service] [org.springframework.kafka.KafkaListenerEndpointContainer#0-0-C-1] org.apache.kafka.clients.NetworkClient   : [Consumer clientId=consumer-order-group-1, groupId=order-group] Connection to node 0 (NIRANJAN-LAP/172.22.64.1:9092) could not be established. Node may not be available.
2026-05-02T17:13:11.115+05:30  INFO 3164 --- [order-service] [org.springframework.kafka.KafkaListenerEndpointContainer#1-0-C-1] org.apache.kafka.clients.NetworkClient   : [Consumer clientId=consumer-order-group-2, groupId=order-group] Node 0 disconnected.
2026-05-02T17:13:11.115+05:30  WARN 3164 --- [order-service] [org.springframework.kafka.KafkaListenerEndpointContainer#1-0-C-1] org.apache.kafka.clients.NetworkClient   : [Consumer clientId=consumer-order-group-2, groupId=order-group] Connection to node 0 (NIRANJAN-LAP/192.168.0.5:9092) could not be established. Node may not be available.
2026-05-02T17:13:11.115+05:30  INFO 3164 --- [order-service] [org.springframework.kafka.KafkaListenerEndpointContainer#1-0-C-1] o.a.kafka.clients.FetchSessionHandler    : [Consumer clientId=consumer-order-group-2, groupId=order-group] Error sending fetch request (sessionId=363409661, epoch=INITIAL) to node 0:

org.apache.kafka.common.errors.DisconnectException

2026-05-02T17:13:11.515+05:30  INFO 3164 --- [order-service] [kafka-producer-network-thread | order-service-producer-1] org.apache.kafka.clients.NetworkClient   : [Producer clientId=order-service-producer-1] Node 0 disconnected.
2026-05-02T17:13:11.515+05:30  WARN 3164 --- [order-service] [kafka-producer-network-thread | order-service-producer-1] org.apache.kafka.clients.NetworkClient   : [Producer clientId=order-service-producer-1] Connection to node 0 (NIRANJAN-LAP/192.168.0.5:9092) could not be established. Node may not be available.
2026-05-02T17:13:11.595+05:30  INFO 3164 --- [order-service] [org.springframework.kafka.KafkaListenerEndpointContainer#0-0-C-1] org.apache.kafka.clients.NetworkClient   : [Consumer clientId=consumer-order-group-1, groupId=order-group] Node 0 disconnected.
2026-05-02T17:13:11.595+05:30  WARN 3164 --- [order-service] [org.springframework.kafka.KafkaListenerEndpointContainer#0-0-C-1] org.apache.kafka.clients.NetworkClient   : [Consumer clientId=consumer-order-group-1, groupId=order-group] Connection to node 0 (NIRANJAN-LAP/192.168.0.5:9092) could not be established. Node may not be available.
2026-05-02T17:13:11.595+05:30  INFO 3164 --- [order-service] [org.springframework.kafka.KafkaListenerEndpointContainer#0-0-C-1] o.a.kafka.clients.FetchSessionHandler    : [Consumer clientId=consumer-order-group-1, groupId=order-group] Error sending fetch request (sessionId=112088398, epoch=INITIAL) to node 0:

org.apache.kafka.common.errors.DisconnectException

2026-05-02T17:13:14.167+05:30  INFO 3164 --- [order-service] [org.springframework.kafka.KafkaListenerEndpointContainer#1-0-C-1] org.apache.kafka.clients.NetworkClient   : [Consumer clientId=consumer-order-group-2, groupId=order-group] Node 0 disconnected.
2026-05-02T17:13:14.167+05:30  WARN 3164 --- [order-service] [org.springframework.kafka.KafkaListenerEndpointContainer#1-0-C-1] org.apache.kafka.clients.NetworkClient   : [Consumer clientId=consumer-order-group-2, groupId=order-group] Connection to node 0 (NIRANJAN-LAP/172.22.64.1:9092) could not be established. Node may not be available.
2026-05-02T17:13:14.517+05:30  INFO 3164 --- [order-service] [kafka-producer-network-thread | order-service-producer-1] org.apache.kafka.clients.NetworkClient   : [Producer clientId=order-service-producer-1] Node 0 disconnected.
2026-05-02T17:13:14.517+05:30  WARN 3164 --- [order-service] [kafka-producer-network-thread | order-service-producer-1] org.apache.kafka.clients.NetworkClient   : [Producer clientId=order-service-producer-1] Connection to node 0 (NIRANJAN-LAP/172.22.64.1:9092) could not be established. Node may not be available.
2026-05-02T17:13:14.645+05:30  INFO 3164 --- [order-service] [org.springframework.kafka.KafkaListenerEndpointContainer#0-0-C-1] org.apache.kafka.clients.NetworkClient   : [Consumer clientId=consumer-order-group-1, groupId=order-group] Node 0 disconnected.
2026-05-02T17:13:14.645+05:30  WARN 3164 --- [order-service] [org.springframework.kafka.KafkaListenerEndpointContainer#0-0-C-1] org.apache.kafka.clients.NetworkClient   : [Consumer clientId=consumer-order-group-1, groupId=order-group] Connection to node 0 (NIRANJAN-LAP/172.22.64.1:9092) could not be established. Node may not be available.
2026-05-02T17:13:17.221+05:30  INFO 3164 --- [order-service] [org.springframework.kafka.KafkaListenerEndpointContainer#1-0-C-1] org.apache.kafka.clients.NetworkClient   : [Consumer clientId=consumer-order-group-2, groupId=order-group] Node 0 disconnected.
2026-05-02T17:13:17.221+05:30  WARN 3164 --- [order-service] [org.springframework.kafka.KafkaListenerEndpointContainer#1-0-C-1] org.apache.kafka.clients.NetworkClient   : [Consumer clientId=consumer-order-group-2, groupId=order-group] Connection to node 0 (NIRANJAN-LAP/192.168.0.5:9092) could not be established. Node may not be available.
2026-05-02T17:13:17.221+05:30  INFO 3164 --- [order-service] [org.springframework.kafka.KafkaListenerEndpointContainer#1-0-C-1] o.a.kafka.clients.FetchSessionHandler    : [Consumer clientId=consumer-order-group-2, groupId=order-group] Error sending fetch request (sessionId=363409661, epoch=INITIAL) to node 0:

org.apache.kafka.common.errors.DisconnectException

2026-05-02T17:13:17.572+05:30  INFO 3164 --- [order-service] [kafka-producer-network-thread | order-service-producer-1] org.apache.kafka.clients.NetworkClient   : [Producer clientId=order-service-producer-1] Node 0 disconnected.
2026-05-02T17:13:17.572+05:30  WARN 3164 --- [order-service] [kafka-producer-network-thread | order-service-producer-1] org.apache.kafka.clients.NetworkClient   : [Producer clientId=order-service-producer-1] Connection to node 0 (NIRANJAN-LAP/192.168.0.5:9092) could not be established. Node may not be available.
2026-05-02T17:13:17.699+05:30  INFO 3164 --- [order-service] [org.springframework.kafka.KafkaListenerEndpointContainer#0-0-C-1] org.apache.kafka.clients.NetworkClient   : [Consumer clientId=consumer-order-group-1, groupId=order-group] Node 0 disconnected.
2026-05-02T17:13:17.699+05:30  WARN 3164 --- [order-service] [org.springframework.kafka.KafkaListenerEndpointContainer#0-0-C-1] org.apache.kafka.clients.NetworkClient   : [Consumer clientId=consumer-order-group-1, groupId=order-group] Connection to node 0 (NIRANJAN-LAP/192.168.0.5:9092) could not be established. Node may not be available.
2026-05-02T17:13:17.699+05:30  INFO 3164 --- [order-service] [org.springframework.kafka.KafkaListenerEndpointContainer#0-0-C-1] o.a.kafka.clients.FetchSessionHandler    : [Consumer clientId=consumer-order-group-1, groupId=order-group] Error sending fetch request (sessionId=112088398, epoch=INITIAL) to node 0:

org.apache.kafka.common.errors.DisconnectException

2026-05-02T17:13:20.275+05:30  INFO 3164 --- [order-service] [org.springframework.kafka.KafkaListenerEndpointContainer#1-0-C-1] org.apache.kafka.clients.NetworkClient   : [Consumer clientId=consumer-order-group-2, groupId=order-group] Node 0 disconnected.
2026-05-02T17:13:20.275+05:30  WARN 3164 --- [order-service] [org.springframework.kafka.KafkaListenerEndpointContainer#1-0-C-1] org.apache.kafka.clients.NetworkClient   : [Consumer clientId=consumer-order-group-2, groupId=order-group] Connection to node 0 (NIRANJAN-LAP/172.22.64.1:9092) could not be established. Node may not be available.
2026-05-02T17:13:20.631+05:30  INFO 3164 --- [order-service] [kafka-producer-network-thread | order-service-producer-1] org.apache.kafka.clients.NetworkClient   : [Producer clientId=order-service-producer-1] Node 0 disconnected.
2026-05-02T17:13:20.631+05:30  WARN 3164 --- [order-service] [kafka-producer-network-thread | order-service-producer-1] org.apache.kafka.clients.NetworkClient   : [Producer clientId=order-service-producer-1] Connection to node 0 (NIRANJAN-LAP/172.22.64.1:9092) could not be established. Node may not be available.
2026-05-02T17:13:20.753+05:30  INFO 3164 --- [order-service] [org.springframework.kafka.KafkaListenerEndpointContainer#0-0-C-1] org.apache.kafka.clients.NetworkClient   : [Consumer clientId=consumer-order-group-1, groupId=order-group] Node 0 disconnected.
2026-05-02T17:13:20.753+05:30  WARN 3164 --- [order-service] [org.springframework.kafka.KafkaListenerEndpointContainer#0-0-C-1] org.apache.kafka.clients.NetworkClient   : [Consumer clientId=consumer-order-group-1, groupId=order-group] Connection to node 0 (NIRANJAN-LAP/172.22.64.1:9092) could not be established. Node may not be available.
2026-05-02T17:13:20.753+05:30  INFO 3164 --- [order-service] [org.springframework.kafka.KafkaListenerEndpointContainer#0-0-C-1] o.a.kafka.clients.FetchSessionHandler    : [Consumer clientId=consumer-order-group-1, groupId=order-group] Error sending fetch request (sessionId=112088398, epoch=INITIAL) to node 0:

org.apache.kafka.common.errors.DisconnectException

2026-05-02T17:13:23.308+05:30  INFO 3164 --- [order-service] [org.springframework.kafka.KafkaListenerEndpointContainer#1-0-C-1] org.apache.kafka.clients.NetworkClient   : [Consumer clientId=consumer-order-group-2, groupId=order-group] Node 0 disconnected.
2026-05-02T17:13:23.308+05:30  WARN 3164 --- [order-service] [org.springframework.kafka.KafkaListenerEndpointContainer#1-0-C-1] org.apache.kafka.clients.NetworkClient   : [Consumer clientId=consumer-order-group-2, groupId=order-group] Connection to node 0 (NIRANJAN-LAP/192.168.0.5:9092) could not be established. Node may not be available.
2026-05-02T17:13:23.668+05:30  INFO 3164 --- [order-service] [kafka-producer-network-thread | order-service-producer-1] org.apache.kafka.clients.NetworkClient   : [Producer clientId=order-service-producer-1] Node 0 disconnected.
2026-05-02T17:13:23.670+05:30  WARN 3164 --- [order-service] [kafka-producer-network-thread | order-service-producer-1] org.apache.kafka.clients.NetworkClient   : [Producer clientId=order-service-producer-1] Connection to node 0 (NIRANJAN-LAP/192.168.0.5:9092) could not be established. Node may not be available.
2026-05-02T17:13:23.786+05:30  INFO 3164 --- [order-service] [org.springframework.kafka.KafkaListenerEndpointContainer#0-0-C-1] org.apache.kafka.clients.NetworkClient   : [Consumer clientId=consumer-order-group-1, groupId=order-group] Node 0 disconnected.
2026-05-02T17:13:23.786+05:30  WARN 3164 --- [order-service] [org.springframework.kafka.KafkaListenerEndpointContainer#0-0-C-1] org.apache.kafka.clients.NetworkClient   : [Consumer clientId=consumer-order-group-1, groupId=order-group] Connection to node 0 (NIRANJAN-LAP/192.168.0.5:9092) could not be established. Node may not be available.
2026-05-02T17:13:26.329+05:30  INFO 3164 --- [order-service] [org.springframework.kafka.KafkaListenerEndpointContainer#1-0-C-1] org.apache.kafka.clients.NetworkClient   : [Consumer clientId=consumer-order-group-2, groupId=order-group] Node 0 disconnected.
2026-05-02T17:13:26.329+05:30  WARN 3164 --- [order-service] [org.springframework.kafka.KafkaListenerEndpointContainer#1-0-C-1] org.apache.kafka.clients.NetworkClient   : [Consumer clientId=consumer-order-group-2, groupId=order-group] Connection to node 0 (NIRANJAN-LAP/172.22.64.1:9092) could not be established. Node may not be available.
2026-05-02T17:13:26.329+05:30  INFO 3164 --- [order-service] [org.springframework.kafka.KafkaListenerEndpointContainer#1-0-C-1] o.a.kafka.clients.FetchSessionHandler    : [Consumer clientId=consumer-order-group-2, groupId=order-group] Error sending fetch request (sessionId=363409661, epoch=INITIAL) to node 0:

org.apache.kafka.common.errors.DisconnectException

2026-05-02T17:13:26.699+05:30  INFO 3164 --- [order-service] [kafka-producer-network-thread | order-service-producer-1] org.apache.kafka.clients.NetworkClient   : [Producer clientId=order-service-producer-1] Node 0 disconnected.
2026-05-02T17:13:26.700+05:30  WARN 3164 --- [order-service] [kafka-producer-network-thread | order-service-producer-1] org.apache.kafka.clients.NetworkClient   : [Producer clientId=order-service-producer-1] Connection to node 0 (NIRANJAN-LAP/172.22.64.1:9092) could not be established. Node may not be available.
2026-05-02T17:13:26.832+05:30  INFO 3164 --- [order-service] [org.springframework.kafka.KafkaListenerEndpointContainer#0-0-C-1] org.apache.kafka.clients.NetworkClient   : [Consumer clientId=consumer-order-group-1, groupId=order-group] Node 0 disconnected.
2026-05-02T17:13:26.832+05:30  WARN 3164 --- [order-service] [org.springframework.kafka.KafkaListenerEndpointContainer#0-0-C-1] org.apache.kafka.clients.NetworkClient   : [Consumer clientId=consumer-order-group-1, groupId=order-group] Connection to node 0 (NIRANJAN-LAP/172.22.64.1:9092) could not be established. Node may not be available.
2026-05-02T17:13:26.832+05:30  INFO 3164 --- [order-service] [org.springframework.kafka.KafkaListenerEndpointContainer#0-0-C-1] o.a.kafka.clients.FetchSessionHandler    : [Consumer clientId=consumer-order-group-1, groupId=order-group] Error sending fetch request (sessionId=112088398, epoch=INITIAL) to node 0:

org.apache.kafka.common.errors.DisconnectException

2026-05-02T17:13:29.430+05:30  INFO 3164 --- [order-service] [org.springframework.kafka.KafkaListenerEndpointContainer#1-0-C-1] org.apache.kafka.clients.NetworkClient   : [Consumer clientId=consumer-order-group-2, groupId=order-group] Node 0 disconnected.
2026-05-02T17:13:29.432+05:30  WARN 3164 --- [order-service] [org.springframework.kafka.KafkaListenerEndpointContainer#1-0-C-1] org.apache.kafka.clients.NetworkClient   : [Consumer clientId=consumer-order-group-2, groupId=order-group] Connection to node 0 (NIRANJAN-LAP/192.168.0.5:9092) could not be established. Node may not be available.
2026-05-02T17:13:29.762+05:30  INFO 3164 --- [order-service] [kafka-producer-network-thread | order-service-producer-1] org.apache.kafka.clients.NetworkClient   : [Producer clientId=order-service-producer-1] Node 0 disconnected.
2026-05-02T17:13:29.762+05:30  WARN 3164 --- [order-service] [kafka-producer-network-thread | order-service-producer-1] org.apache.kafka.clients.NetworkClient   : [Producer clientId=order-service-producer-1] Connection to node 0 (NIRANJAN-LAP/192.168.0.5:9092) could not be established. Node may not be available.
2026-05-02T17:13:29.857+05:30  INFO 3164 --- [order-service] [org.springframework.kafka.KafkaListenerEndpointContainer#0-0-C-1] org.apache.kafka.clients.NetworkClient   : [Consumer clientId=consumer-order-group-1, groupId=order-group] Node 0 disconnected.
2026-05-02T17:13:29.857+05:30  WARN 3164 --- [order-service] [org.springframework.kafka.KafkaListenerEndpointContainer#0-0-C-1] org.apache.kafka.clients.NetworkClient   : [Consumer clientId=consumer-order-group-1, groupId=order-group] Connection to node 0 (NIRANJAN-LAP/192.168.0.5:9092) could not be established. Node may not be available.
2026-05-02T17:13:32.494+05:30  INFO 3164 --- [order-service] [org.springframework.kafka.KafkaListenerEndpointContainer#1-0-C-1] org.apache.kafka.clients.NetworkClient   : [Consumer clientId=consumer-order-group-2, groupId=order-group] Node 0 disconnected.
2026-05-02T17:13:32.494+05:30  WARN 3164 --- [order-service] [org.springframework.kafka.KafkaListenerEndpointContainer#1-0-C-1] org.apache.kafka.clients.NetworkClient   : [Consumer clientId=consumer-order-group-2, groupId=order-group] Connection to node 0 (NIRANJAN-LAP/172.22.64.1:9092) could not be established. Node may not be available.
2026-05-02T17:13:32.494+05:30  INFO 3164 --- [order-service] [org.springframework.kafka.KafkaListenerEndpointContainer#1-0-C-1] o.a.kafka.clients.FetchSessionHandler    : [Consumer clientId=consumer-order-group-2, groupId=order-group] Error sending fetch request (sessionId=363409661, epoch=INITIAL) to node 0:

org.apache.kafka.common.errors.DisconnectException

2026-05-02T17:13:32.830+05:30  INFO 3164 --- [order-service] [kafka-producer-network-thread | order-service-producer-1] org.apache.kafka.clients.NetworkClient   : [Producer clientId=order-service-producer-1] Node 0 disconnected.
2026-05-02T17:13:32.830+05:30  WARN 3164 --- [order-service] [kafka-producer-network-thread | order-service-producer-1] org.apache.kafka.clients.NetworkClient   : [Producer clientId=order-service-producer-1] Connection to node 0 (NIRANJAN-LAP/172.22.64.1:9092) could not be established. Node may not be available.
2026-05-02T17:13:32.925+05:30  INFO 3164 --- [order-service] [org.springframework.kafka.KafkaListenerEndpointContainer#0-0-C-1] org.apache.kafka.clients.NetworkClient   : [Consumer clientId=consumer-order-group-1, groupId=order-group] Node 0 disconnected.
2026-05-02T17:13:32.925+05:30  WARN 3164 --- [order-service] [org.springframework.kafka.KafkaListenerEndpointContainer#0-0-C-1] org.apache.kafka.clients.NetworkClient   : [Consumer clientId=consumer-order-group-1, groupId=order-group] Connection to node 0 (NIRANJAN-LAP/172.22.64.1:9092) could not be established. Node may not be available.
2026-05-02T17:13:35.427+05:30  INFO 3164 --- [order-service] [org.springframework.kafka.KafkaListenerEndpointContainer#1-0-C-1] org.apache.kafka.clients.NetworkClient   : [Consumer clientId=consumer-order-group-2, groupId=order-group] Node 0 disconnected.
2026-05-02T17:13:35.427+05:30  WARN 3164 --- [order-service] [org.springframework.kafka.KafkaListenerEndpointContainer#1-0-C-1] org.apache.kafka.clients.NetworkClient   : [Consumer clientId=consumer-order-group-2, groupId=order-group] Connection to node 0 (NIRANJAN-LAP/192.168.0.5:9092) could not be established. Node may not be available.
2026-05-02T17:13:35.875+05:30  INFO 3164 --- [order-service] [kafka-producer-network-thread | order-service-producer-1] org.apache.kafka.clients.NetworkClient   : [Producer clientId=order-service-producer-1] Node 0 disconnected.
2026-05-02T17:13:35.875+05:30  WARN 3164 --- [order-service] [kafka-producer-network-thread | order-service-producer-1] org.apache.kafka.clients.NetworkClient   : [Producer clientId=order-service-producer-1] Connection to node 0 (NIRANJAN-LAP/192.168.0.5:9092) could not be established. Node may not be available.
2026-05-02T17:13:35.987+05:30  INFO 3164 --- [order-service] [org.springframework.kafka.KafkaListenerEndpointContainer#0-0-C-1] org.apache.kafka.clients.NetworkClient   : [Consumer clientId=consumer-order-group-1, groupId=order-group] Node 0 disconnected.
2026-05-02T17:13:35.987+05:30  WARN 3164 --- [order-service] [org.springframework.kafka.KafkaListenerEndpointContainer#0-0-C-1] org.apache.kafka.clients.NetworkClient   : [Consumer clientId=consumer-order-group-1, groupId=order-group] Connection to node 0 (NIRANJAN-LAP/192.168.0.5:9092) could not be established. Node may not be available.
2026-05-02T17:13:35.987+05:30  INFO 3164 --- [order-service] [org.springframework.kafka.KafkaListenerEndpointContainer#0-0-C-1] o.a.kafka.clients.FetchSessionHandler    : [Consumer clientId=consumer-order-group-1, groupId=order-group] Error sending fetch request (sessionId=112088398, epoch=INITIAL) to node 0:

org.apache.kafka.common.errors.DisconnectException

2026-05-02T17:13:38.523+05:30  INFO 3164 --- [order-service] [org.springframework.kafka.KafkaListenerEndpointContainer#1-0-C-1] org.apache.kafka.clients.NetworkClient   : [Consumer clientId=consumer-order-group-2, groupId=order-group] Node 0 disconnected.
2026-05-02T17:13:38.523+05:30  WARN 3164 --- [order-service] [org.springframework.kafka.KafkaListenerEndpointContainer#1-0-C-1] org.apache.kafka.clients.NetworkClient   : [Consumer clientId=consumer-order-group-2, groupId=order-group] Connection to node 0 (NIRANJAN-LAP/172.22.64.1:9092) could not be established. Node may not be available.
2026-05-02T17:13:38.907+05:30  INFO 3164 --- [order-service] [kafka-producer-network-thread | order-service-producer-1] org.apache.kafka.clients.NetworkClient   : [Producer clientId=order-service-producer-1] Node 0 disconnected.
2026-05-02T17:13:38.907+05:30  WARN 3164 --- [order-service] [kafka-producer-network-thread | order-service-producer-1] org.apache.kafka.clients.NetworkClient   : [Producer clientId=order-service-producer-1] Connection to node 0 (NIRANJAN-LAP/172.22.64.1:9092) could not be established. Node may not be available.
2026-05-02T17:13:39.037+05:30  INFO 3164 --- [order-service] [org.springframework.kafka.KafkaListenerEndpointContainer#0-0-C-1] org.apache.kafka.clients.NetworkClient   : [Consumer clientId=consumer-order-group-1, groupId=order-group] Node 0 disconnected.
2026-05-02T17:13:39.037+05:30  WARN 3164 --- [order-service] [org.springframework.kafka.KafkaListenerEndpointContainer#0-0-C-1] org.apache.kafka.clients.NetworkClient   : [Consumer clientId=consumer-order-group-1, groupId=order-group] Connection to node 0 (NIRANJAN-LAP/172.22.64.1:9092) could not be established. Node may not be available.
2026-05-02T17:13:41.573+05:30  INFO 3164 --- [order-service] [org.springframework.kafka.KafkaListenerEndpointContainer#1-0-C-1] org.apache.kafka.clients.NetworkClient   : [Consumer clientId=consumer-order-group-2, groupId=order-group] Node 0 disconnected.
2026-05-02T17:13:41.573+05:30  WARN 3164 --- [order-service] [org.springframework.kafka.KafkaListenerEndpointContainer#1-0-C-1] org.apache.kafka.clients.NetworkClient   : [Consumer clientId=consumer-order-group-2, groupId=order-group] Connection to node 0 (NIRANJAN-LAP/192.168.0.5:9092) could not be established. Node may not be available.
2026-05-02T17:13:41.573+05:30  INFO 3164 --- [order-service] [org.springframework.kafka.KafkaListenerEndpointContainer#1-0-C-1] o.a.kafka.clients.FetchSessionHandler    : [Consumer clientId=consumer-order-group-2, groupId=order-group] Error sending fetch request (sessionId=363409661, epoch=INITIAL) to node 0:

org.apache.kafka.common.errors.DisconnectException

2026-05-02T17:13:41.896+05:30  INFO 3164 --- [order-service] [kafka-producer-network-thread | order-service-producer-1] org.apache.kafka.clients.NetworkClient   : [Producer clientId=order-service-producer-1] Node 0 disconnected.
2026-05-02T17:13:41.896+05:30  WARN 3164 --- [order-service] [kafka-producer-network-thread | order-service-producer-1] org.apache.kafka.clients.NetworkClient   : [Producer clientId=order-service-producer-1] Connection to node 0 (NIRANJAN-LAP/192.168.0.5:9092) could not be established. Node may not be available.
2026-05-02T17:13:42.084+05:30  INFO 3164 --- [order-service] [org.springframework.kafka.KafkaListenerEndpointContainer#0-0-C-1] org.apache.kafka.clients.NetworkClient   : [Consumer clientId=consumer-order-group-1, groupId=order-group] Node 0 disconnected.
2026-05-02T17:13:42.084+05:30  WARN 3164 --- [order-service] [org.springframework.kafka.KafkaListenerEndpointContainer#0-0-C-1] org.apache.kafka.clients.NetworkClient   : [Consumer clientId=consumer-order-group-1, groupId=order-group] Connection to node 0 (NIRANJAN-LAP/192.168.0.5:9092) could not be established. Node may not be available.
2026-05-02T17:13:42.084+05:30  INFO 3164 --- [order-service] [org.springframework.kafka.KafkaListenerEndpointContainer#0-0-C-1] o.a.kafka.clients.FetchSessionHandler    : [Consumer clientId=consumer-order-group-1, groupId=order-group] Error sending fetch request (sessionId=112088398, epoch=INITIAL) to node 0:

org.apache.kafka.common.errors.DisconnectException

2026-05-02T17:13:44.633+05:30  INFO 3164 --- [order-service] [org.springframework.kafka.KafkaListenerEndpointContainer#1-0-C-1] org.apache.kafka.clients.NetworkClient   : [Consumer clientId=consumer-order-group-2, groupId=order-group] Node 0 disconnected.
2026-05-02T17:13:44.633+05:30  WARN 3164 --- [order-service] [org.springframework.kafka.KafkaListenerEndpointContainer#1-0-C-1] org.apache.kafka.clients.NetworkClient   : [Consumer clientId=consumer-order-group-2, groupId=order-group] Connection to node 0 (NIRANJAN-LAP/172.22.64.1:9092) could not be established. Node may not be available.
2026-05-02T17:13:45.002+05:30  INFO 3164 --- [order-service] [kafka-producer-network-thread | order-service-producer-1] org.apache.kafka.clients.NetworkClient   : [Producer clientId=order-service-producer-1] Node 0 disconnected.
2026-05-02T17:13:45.002+05:30  WARN 3164 --- [order-service] [kafka-producer-network-thread | order-service-producer-1] org.apache.kafka.clients.NetworkClient   : [Producer clientId=order-service-producer-1] Connection to node 0 (NIRANJAN-LAP/172.22.64.1:9092) could not be established. Node may not be available.
2026-05-02T17:13:45.144+05:30  INFO 3164 --- [order-service] [org.springframework.kafka.KafkaListenerEndpointContainer#0-0-C-1] org.apache.kafka.clients.NetworkClient   : [Consumer clientId=consumer-order-group-1, groupId=order-group] Node 0 disconnected.
2026-05-02T17:13:45.144+05:30  WARN 3164 --- [order-service] [org.springframework.kafka.KafkaListenerEndpointContainer#0-0-C-1] org.apache.kafka.clients.NetworkClient   : [Consumer clientId=consumer-order-group-1, groupId=order-group] Connection to node 0 (NIRANJAN-LAP/172.22.64.1:9092) could not be established. Node may not be available.
2026-05-02T17:13:47.688+05:30  INFO 3164 --- [order-service] [org.springframework.kafka.KafkaListenerEndpointContainer#1-0-C-1] org.apache.kafka.clients.NetworkClient   : [Consumer clientId=consumer-order-group-2, groupId=order-group] Node 0 disconnected.
2026-05-02T17:13:47.688+05:30  WARN 3164 --- [order-service] [org.springframework.kafka.KafkaListenerEndpointContainer#1-0-C-1] org.apache.kafka.clients.NetworkClient   : [Consumer clientId=consumer-order-group-2, groupId=order-group] Connection to node 0 (NIRANJAN-LAP/192.168.0.5:9092) could not be established. Node may not be available.
2026-05-02T17:13:47.688+05:30  INFO 3164 --- [order-service] [org.springframework.kafka.KafkaListenerEndpointContainer#1-0-C-1] o.a.kafka.clients.FetchSessionHandler    : [Consumer clientId=consumer-order-group-2, groupId=order-group] Error sending fetch request (sessionId=363409661, epoch=INITIAL) to node 0:

org.apache.kafka.common.errors.DisconnectException

2026-05-02T17:13:48.053+05:30  INFO 3164 --- [order-service] [kafka-producer-network-thread | order-service-producer-1] org.apache.kafka.clients.NetworkClient   : [Producer clientId=order-service-producer-1] Node 0 disconnected.
2026-05-02T17:13:48.053+05:30  WARN 3164 --- [order-service] [kafka-producer-network-thread | order-service-producer-1] org.apache.kafka.clients.NetworkClient   : [Producer clientId=order-service-producer-1] Connection to node 0 (NIRANJAN-LAP/192.168.0.5:9092) could not be established. Node may not be available.
2026-05-02T17:13:48.196+05:30  INFO 3164 --- [order-service] [org.springframework.kafka.KafkaListenerEndpointContainer#0-0-C-1] org.apache.kafka.clients.NetworkClient   : [Consumer clientId=consumer-order-group-1, groupId=order-group] Node 0 disconnected.
2026-05-02T17:13:48.196+05:30  WARN 3164 --- [order-service] [org.springframework.kafka.KafkaListenerEndpointContainer#0-0-C-1] org.apache.kafka.clients.NetworkClient   : [Consumer clientId=consumer-order-group-1, groupId=order-group] Connection to node 0 (NIRANJAN-LAP/192.168.0.5:9092) could not be established. Node may not be available.
2026-05-02T17:13:50.744+05:30  INFO 3164 --- [order-service] [org.springframework.kafka.KafkaListenerEndpointContainer#1-0-C-1] org.apache.kafka.clients.NetworkClient   : [Consumer clientId=consumer-order-group-2, groupId=order-group] Node 0 disconnected.
2026-05-02T17:13:50.744+05:30  WARN 3164 --- [order-service] [org.springframework.kafka.KafkaListenerEndpointContainer#1-0-C-1] org.apache.kafka.clients.NetworkClient   : [Consumer clientId=consumer-order-group-2, groupId=order-group] Connection to node 0 (NIRANJAN-LAP/172.22.64.1:9092) could not be established. Node may not be available.
2026-05-02T17:13:51.112+05:30  INFO 3164 --- [order-service] [kafka-producer-network-thread | order-service-producer-1] org.apache.kafka.clients.NetworkClient   : [Producer clientId=order-service-producer-1] Node 0 disconnected.
2026-05-02T17:13:51.112+05:30  WARN 3164 --- [order-service] [kafka-producer-network-thread | order-service-producer-1] org.apache.kafka.clients.NetworkClient   : [Producer clientId=order-service-producer-1] Connection to node 0 (NIRANJAN-LAP/172.22.64.1:9092) could not be established. Node may not be available.
2026-05-02T17:13:51.257+05:30  INFO 3164 --- [order-service] [org.springframework.kafka.KafkaListenerEndpointContainer#0-0-C-1] org.apache.kafka.clients.NetworkClient   : [Consumer clientId=consumer-order-group-1, groupId=order-group] Node 0 disconnected.
2026-05-02T17:13:51.257+05:30  WARN 3164 --- [order-service] [org.springframework.kafka.KafkaListenerEndpointContainer#0-0-C-1] org.apache.kafka.clients.NetworkClient   : [Consumer clientId=consumer-order-group-1, groupId=order-group] Connection to node 0 (NIRANJAN-LAP/172.22.64.1:9092) could not be established. Node may not be available.
2026-05-02T17:13:51.257+05:30  INFO 3164 --- [order-service] [org.springframework.kafka.KafkaListenerEndpointContainer#0-0-C-1] o.a.kafka.clients.FetchSessionHandler    : [Consumer clientId=consumer-order-group-1, groupId=order-group] Error sending fetch request (sessionId=112088398, epoch=INITIAL) to node 0:

org.apache.kafka.common.errors.DisconnectException

2026-05-02T17:13:53.793+05:30  INFO 3164 --- [order-service] [org.springframework.kafka.KafkaListenerEndpointContainer#1-0-C-1] org.apache.kafka.clients.NetworkClient   : [Consumer clientId=consumer-order-group-2, groupId=order-group] Node 0 disconnected.
2026-05-02T17:13:53.793+05:30  WARN 3164 --- [order-service] [org.springframework.kafka.KafkaListenerEndpointContainer#1-0-C-1] org.apache.kafka.clients.NetworkClient   : [Consumer clientId=consumer-order-group-2, groupId=order-group] Connection to node 0 (NIRANJAN-LAP/192.168.0.5:9092) could not be established. Node may not be available.
2026-05-02T17:13:54.178+05:30  INFO 3164 --- [order-service] [kafka-producer-network-thread | order-service-producer-1] org.apache.kafka.clients.NetworkClient   : [Producer clientId=order-service-producer-1] Node 0 disconnected.
2026-05-02T17:13:54.178+05:30  WARN 3164 --- [order-service] [kafka-producer-network-thread | order-service-producer-1] org.apache.kafka.clients.NetworkClient   : [Producer clientId=order-service-producer-1] Connection to node 0 (NIRANJAN-LAP/192.168.0.5:9092) could not be established. Node may not be available.
2026-05-02T17:13:54.305+05:30  INFO 3164 --- [order-service] [org.springframework.kafka.KafkaListenerEndpointContainer#0-0-C-1] org.apache.kafka.clients.NetworkClient   : [Consumer clientId=consumer-order-group-1, groupId=order-group] Node 0 disconnected.
2026-05-02T17:13:54.305+05:30  WARN 3164 --- [order-service] [org.springframework.kafka.KafkaListenerEndpointContainer#0-0-C-1] org.apache.kafka.clients.NetworkClient   : [Consumer clientId=consumer-order-group-1, groupId=order-group] Connection to node 0 (NIRANJAN-LAP/192.168.0.5:9092) could not be established. Node may not be available.
2026-05-02T17:13:56.853+05:30  INFO 3164 --- [order-service] [org.springframework.kafka.KafkaListenerEndpointContainer#1-0-C-1] org.apache.kafka.clients.NetworkClient   : [Consumer clientId=consumer-order-group-2, groupId=order-group] Node 0 disconnected.
2026-05-02T17:13:56.853+05:30  WARN 3164 --- [order-service] [org.springframework.kafka.KafkaListenerEndpointContainer#1-0-C-1] org.apache.kafka.clients.NetworkClient   : [Consumer clientId=consumer-order-group-2, groupId=order-group] Connection to node 0 (NIRANJAN-LAP/172.22.64.1:9092) could not be established. Node may not be available.
2026-05-02T17:13:56.853+05:30  INFO 3164 --- [order-service] [org.springframework.kafka.KafkaListenerEndpointContainer#1-0-C-1] o.a.kafka.clients.FetchSessionHandler    : [Consumer clientId=consumer-order-group-2, groupId=order-group] Error sending fetch request (sessionId=363409661, epoch=INITIAL) to node 0:

org.apache.kafka.common.errors.DisconnectException

2026-05-02T17:13:57.237+05:30  INFO 3164 --- [order-service] [kafka-producer-network-thread | order-service-producer-1] org.apache.kafka.clients.NetworkClient   : [Producer clientId=order-service-producer-1] Node 0 disconnected.
2026-05-02T17:13:57.238+05:30  WARN 3164 --- [order-service] [kafka-producer-network-thread | order-service-producer-1] org.apache.kafka.clients.NetworkClient   : [Producer clientId=order-service-producer-1] Connection to node 0 (NIRANJAN-LAP/172.22.64.1:9092) could not be established. Node may not be available.
2026-05-02T17:13:57.333+05:30  INFO 3164 --- [order-service] [org.springframework.kafka.KafkaListenerEndpointContainer#0-0-C-1] org.apache.kafka.clients.NetworkClient   : [Consumer clientId=consumer-order-group-1, groupId=order-group] Node 0 disconnected.
2026-05-02T17:13:57.333+05:30  WARN 3164 --- [order-service] [org.springframework.kafka.KafkaListenerEndpointContainer#0-0-C-1] org.apache.kafka.clients.NetworkClient   : [Consumer clientId=consumer-order-group-1, groupId=order-group] Connection to node 0 (NIRANJAN-LAP/172.22.64.1:9092) could not be established. Node may not be available.
2026-05-02T17:13:57.333+05:30  INFO 3164 --- [order-service] [org.springframework.kafka.KafkaListenerEndpointContainer#0-0-C-1] o.a.kafka.clients.FetchSessionHandler    : [Consumer clientId=consumer-order-group-1, groupId=order-group] Error sending fetch request (sessionId=112088398, epoch=INITIAL) to node 0:

org.apache.kafka.common.errors.DisconnectException

2026-05-02T17:13:59.932+05:30  INFO 3164 --- [order-service] [org.springframework.kafka.KafkaListenerEndpointContainer#1-0-C-1] org.apache.kafka.clients.NetworkClient   : [Consumer clientId=consumer-order-group-2, groupId=order-group] Node 0 disconnected.
2026-05-02T17:13:59.932+05:30  WARN 3164 --- [order-service] [org.springframework.kafka.KafkaListenerEndpointContainer#1-0-C-1] org.apache.kafka.clients.NetworkClient   : [Consumer clientId=consumer-order-group-2, groupId=order-group] Connection to node 0 (NIRANJAN-LAP/192.168.0.5:9092) could not be established. Node may not be available.
2026-05-02T17:14:00.299+05:30  INFO 3164 --- [order-service] [kafka-producer-network-thread | order-service-producer-1] org.apache.kafka.clients.NetworkClient   : [Producer clientId=order-service-producer-1] Node 0 disconnected.
2026-05-02T17:14:00.299+05:30  WARN 3164 --- [order-service] [kafka-producer-network-thread | order-service-producer-1] org.apache.kafka.clients.NetworkClient   : [Producer clientId=order-service-producer-1] Connection to node 0 (NIRANJAN-LAP/192.168.0.5:9092) could not be established. Node may not be available.
2026-05-02T17:14:00.395+05:30  INFO 3164 --- [order-service] [org.springframework.kafka.KafkaListenerEndpointContainer#0-0-C-1] org.apache.kafka.clients.NetworkClient   : [Consumer clientId=consumer-order-group-1, groupId=order-group] Node 0 disconnected.
2026-05-02T17:14:00.395+05:30  WARN 3164 --- [order-service] [org.springframework.kafka.KafkaListenerEndpointContainer#0-0-C-1] org.apache.kafka.clients.NetworkClient   : [Consumer clientId=consumer-order-group-1, groupId=order-group] Connection to node 0 (NIRANJAN-LAP/192.168.0.5:9092) could not be established. Node may not be available.
2026-05-02T17:14:02.979+05:30  INFO 3164 --- [order-service] [org.springframework.kafka.KafkaListenerEndpointContainer#1-0-C-1] org.apache.kafka.clients.NetworkClient   : [Consumer clientId=consumer-order-group-2, groupId=order-group] Node 0 disconnected.
2026-05-02T17:14:02.979+05:30  WARN 3164 --- [order-service] [org.springframework.kafka.KafkaListenerEndpointContainer#1-0-C-1] org.apache.kafka.clients.NetworkClient   : [Consumer clientId=consumer-order-group-2, groupId=order-group] Connection to node 0 (NIRANJAN-LAP/172.22.64.1:9092) could not be established. Node may not be available.
2026-05-02T17:14:02.979+05:30  INFO 3164 --- [order-service] [org.springframework.kafka.KafkaListenerEndpointContainer#1-0-C-1] o.a.kafka.clients.FetchSessionHandler    : [Consumer clientId=consumer-order-group-2, groupId=order-group] Error sending fetch request (sessionId=363409661, epoch=INITIAL) to node 0:

org.apache.kafka.common.errors.DisconnectException

2026-05-02T17:14:03.348+05:30  INFO 3164 --- [order-service] [kafka-producer-network-thread | order-service-producer-1] org.apache.kafka.clients.NetworkClient   : [Producer clientId=order-service-producer-1] Node 0 disconnected.
2026-05-02T17:14:03.348+05:30  WARN 3164 --- [order-service] [kafka-producer-network-thread | order-service-producer-1] org.apache.kafka.clients.NetworkClient   : [Producer clientId=order-service-producer-1] Connection to node 0 (NIRANJAN-LAP/172.22.64.1:9092) could not be established. Node may not be available.
2026-05-02T17:14:03.443+05:30  INFO 3164 --- [order-service] [org.springframework.kafka.KafkaListenerEndpointContainer#0-0-C-1] org.apache.kafka.clients.NetworkClient   : [Consumer clientId=consumer-order-group-1, groupId=order-group] Node 0 disconnected.
2026-05-02T17:14:03.443+05:30  WARN 3164 --- [order-service] [org.springframework.kafka.KafkaListenerEndpointContainer#0-0-C-1] org.apache.kafka.clients.NetworkClient   : [Consumer clientId=consumer-order-group-1, groupId=order-group] Connection to node 0 (NIRANJAN-LAP/172.22.64.1:9092) could not be established. Node may not be available.
2026-05-02T17:14:06.024+05:30  INFO 3164 --- [order-service] [org.springframework.kafka.KafkaListenerEndpointContainer#1-0-C-1] org.apache.kafka.clients.NetworkClient   : [Consumer clientId=consumer-order-group-2, groupId=order-group] Node 0 disconnected.
2026-05-02T17:14:06.024+05:30  WARN 3164 --- [order-service] [org.springframework.kafka.KafkaListenerEndpointContainer#1-0-C-1] org.apache.kafka.clients.NetworkClient   : [Consumer clientId=consumer-order-group-2, groupId=order-group] Connection to node 0 (NIRANJAN-LAP/192.168.0.5:9092) could not be established. Node may not be available.
2026-05-02T17:14:06.024+05:30  INFO 3164 --- [order-service] [org.springframework.kafka.KafkaListenerEndpointContainer#1-0-C-1] o.a.kafka.clients.FetchSessionHandler    : [Consumer clientId=consumer-order-group-2, groupId=order-group] Error sending fetch request (sessionId=363409661, epoch=INITIAL) to node 0:

org.apache.kafka.common.errors.DisconnectException

2026-05-02T17:14:06.383+05:30  INFO 3164 --- [order-service] [kafka-producer-network-thread | order-service-producer-1] org.apache.kafka.clients.NetworkClient   : [Producer clientId=order-service-producer-1] Node 0 disconnected.
2026-05-02T17:14:06.383+05:30  WARN 3164 --- [order-service] [kafka-producer-network-thread | order-service-producer-1] org.apache.kafka.clients.NetworkClient   : [Producer clientId=order-service-producer-1] Connection to node 0 (NIRANJAN-LAP/192.168.0.5:9092) could not be established. Node may not be available.
2026-05-02T17:14:06.446+05:30  INFO 3164 --- [order-service] [org.springframework.kafka.KafkaListenerEndpointContainer#0-0-C-1] org.apache.kafka.clients.NetworkClient   : [Consumer clientId=consumer-order-group-1, groupId=order-group] Node 0 disconnected.
2026-05-02T17:14:06.446+05:30  WARN 3164 --- [order-service] [org.springframework.kafka.KafkaListenerEndpointContainer#0-0-C-1] org.apache.kafka.clients.NetworkClient   : [Consumer clientId=consumer-order-group-1, groupId=order-group] Connection to node 0 (NIRANJAN-LAP/192.168.0.5:9092) could not be established. Node may not be available.
2026-05-02T17:14:06.446+05:30  INFO 3164 --- [order-service] [org.springframework.kafka.KafkaListenerEndpointContainer#0-0-C-1] o.a.kafka.clients.FetchSessionHandler    : [Consumer clientId=consumer-order-group-1, groupId=order-group] Error sending fetch request (sessionId=112088398, epoch=INITIAL) to node 0:

org.apache.kafka.common.errors.DisconnectException

2026-05-02T17:14:09.078+05:30  INFO 3164 --- [order-service] [org.springframework.kafka.KafkaListenerEndpointContainer#1-0-C-1] org.apache.kafka.clients.NetworkClient   : [Consumer clientId=consumer-order-group-2, groupId=order-group] Node 0 disconnected.
2026-05-02T17:14:09.078+05:30  WARN 3164 --- [order-service] [org.springframework.kafka.KafkaListenerEndpointContainer#1-0-C-1] org.apache.kafka.clients.NetworkClient   : [Consumer clientId=consumer-order-group-2, groupId=order-group] Connection to node 0 (NIRANJAN-LAP/172.22.64.1:9092) could not be established. Node may not be available.
2026-05-02T17:14:09.425+05:30  INFO 3164 --- [order-service] [kafka-producer-network-thread | order-service-producer-1] org.apache.kafka.clients.NetworkClient   : [Producer clientId=order-service-producer-1] Node 0 disconnected.
2026-05-02T17:14:09.425+05:30  WARN 3164 --- [order-service] [kafka-producer-network-thread | order-service-producer-1] org.apache.kafka.clients.NetworkClient   : [Producer clientId=order-service-producer-1] Connection to node 0 (NIRANJAN-LAP/172.22.64.1:9092) could not be established. Node may not be available.
2026-05-02T17:14:09.520+05:30  INFO 3164 --- [order-service] [org.springframework.kafka.KafkaListenerEndpointContainer#0-0-C-1] org.apache.kafka.clients.NetworkClient   : [Consumer clientId=consumer-order-group-1, groupId=order-group] Node 0 disconnected.
2026-05-02T17:14:09.520+05:30  WARN 3164 --- [order-service] [org.springframework.kafka.KafkaListenerEndpointContainer#0-0-C-1] org.apache.kafka.clients.NetworkClient   : [Consumer clientId=consumer-order-group-1, groupId=order-group] Connection to node 0 (NIRANJAN-LAP/172.22.64.1:9092) could not be established. Node may not be available.
2026-05-02T17:14:12.170+05:30  INFO 3164 --- [order-service] [org.springframework.kafka.KafkaListenerEndpointContainer#1-0-C-1] org.apache.kafka.clients.NetworkClient   : [Consumer clientId=consumer-order-group-2, groupId=order-group] Node 0 disconnected.
2026-05-02T17:14:12.171+05:30  WARN 3164 --- [order-service] [org.springframework.kafka.KafkaListenerEndpointContainer#1-0-C-1] org.apache.kafka.clients.NetworkClient   : [Consumer clientId=consumer-order-group-2, groupId=order-group] Connection to node 0 (NIRANJAN-LAP/192.168.0.5:9092) could not be established. Node may not be available.
2026-05-02T17:14:12.171+05:30  INFO 3164 --- [order-service] [org.springframework.kafka.KafkaListenerEndpointContainer#1-0-C-1] o.a.kafka.clients.FetchSessionHandler    : [Consumer clientId=consumer-order-group-2, groupId=order-group] Error sending fetch request (sessionId=363409661, epoch=INITIAL) to node 0:

org.apache.kafka.common.errors.DisconnectException

2026-05-02T17:14:12.491+05:30  INFO 3164 --- [order-service] [kafka-producer-network-thread | order-service-producer-1] org.apache.kafka.clients.NetworkClient   : [Producer clientId=order-service-producer-1] Node 0 disconnected.
2026-05-02T17:14:12.493+05:30  WARN 3164 --- [order-service] [kafka-producer-network-thread | order-service-producer-1] org.apache.kafka.clients.NetworkClient   : [Producer clientId=order-service-producer-1] Connection to node 0 (NIRANJAN-LAP/192.168.0.5:9092) could not be established. Node may not be available.
2026-05-02T17:14:12.573+05:30  INFO 3164 --- [order-service] [org.springframework.kafka.KafkaListenerEndpointContainer#0-0-C-1] org.apache.kafka.clients.NetworkClient   : [Consumer clientId=consumer-order-group-1, groupId=order-group] Node 0 disconnected.
2026-05-02T17:14:12.574+05:30  WARN 3164 --- [order-service] [org.springframework.kafka.KafkaListenerEndpointContainer#0-0-C-1] org.apache.kafka.clients.NetworkClient   : [Consumer clientId=consumer-order-group-1, groupId=order-group] Connection to node 0 (NIRANJAN-LAP/192.168.0.5:9092) could not be established. Node may not be available.
2026-05-02T17:14:12.574+05:30  INFO 3164 --- [order-service] [org.springframework.kafka.KafkaListenerEndpointContainer#0-0-C-1] o.a.kafka.clients.FetchSessionHandler    : [Consumer clientId=consumer-order-group-1, groupId=order-group] Error sending fetch request (sessionId=112088398, epoch=INITIAL) to node 0:

org.apache.kafka.common.errors.DisconnectException

2026-05-02T17:14:15.231+05:30  INFO 3164 --- [order-service] [org.springframework.kafka.KafkaListenerEndpointContainer#1-0-C-1] org.apache.kafka.clients.NetworkClient   : [Consumer clientId=consumer-order-group-2, groupId=order-group] Node 0 disconnected.
2026-05-02T17:14:15.231+05:30  WARN 3164 --- [order-service] [org.springframework.kafka.KafkaListenerEndpointContainer#1-0-C-1] org.apache.kafka.clients.NetworkClient   : [Consumer clientId=consumer-order-group-2, groupId=order-group] Connection to node 0 (NIRANJAN-LAP/172.22.64.1:9092) could not be established. Node may not be available.
2026-05-02T17:14:15.533+05:30  INFO 3164 --- [order-service] [kafka-producer-network-thread | order-service-producer-1] org.apache.kafka.clients.NetworkClient   : [Producer clientId=order-service-producer-1] Node 0 disconnected.
2026-05-02T17:14:15.533+05:30  WARN 3164 --- [order-service] [kafka-producer-network-thread | order-service-producer-1] org.apache.kafka.clients.NetworkClient   : [Producer clientId=order-service-producer-1] Connection to node 0 (NIRANJAN-LAP/172.22.64.1:9092) could not be established. Node may not be available.
2026-05-02T17:14:15.613+05:30  INFO 3164 --- [order-service] [org.springframework.kafka.KafkaListenerEndpointContainer#0-0-C-1] org.apache.kafka.clients.NetworkClient   : [Consumer clientId=consumer-order-group-1, groupId=order-group] Node 0 disconnected.
2026-05-02T17:14:15.613+05:30  WARN 3164 --- [order-service] [org.springframework.kafka.KafkaListenerEndpointContainer#0-0-C-1] org.apache.kafka.clients.NetworkClient   : [Consumer clientId=consumer-order-group-1, groupId=order-group] Connection to node 0 (NIRANJAN-LAP/172.22.64.1:9092) could not be established. Node may not be available.
2026-05-02T17:14:18.283+05:30  INFO 3164 --- [order-service] [org.springframework.kafka.KafkaListenerEndpointContainer#1-0-C-1] org.apache.kafka.clients.NetworkClient   : [Consumer clientId=consumer-order-group-2, groupId=order-group] Node 0 disconnected.
2026-05-02T17:14:18.283+05:30  WARN 3164 --- [order-service] [org.springframework.kafka.KafkaListenerEndpointContainer#1-0-C-1] org.apache.kafka.clients.NetworkClient   : [Consumer clientId=consumer-order-group-2, groupId=order-group] Connection to node 0 (NIRANJAN-LAP/192.168.0.5:9092) could not be established. Node may not be available.
2026-05-02T17:14:18.649+05:30  INFO 3164 --- [order-service] [kafka-producer-network-thread | order-service-producer-1] org.apache.kafka.clients.NetworkClient   : [Producer clientId=order-service-producer-1] Node 0 disconnected.
2026-05-02T17:14:18.649+05:30  WARN 3164 --- [order-service] [kafka-producer-network-thread | order-service-producer-1] org.apache.kafka.clients.NetworkClient   : [Producer clientId=order-service-producer-1] Connection to node 0 (NIRANJAN-LAP/192.168.0.5:9092) could not be established. Node may not be available.
2026-05-02T17:14:18.665+05:30  INFO 3164 --- [order-service] [org.springframework.kafka.KafkaListenerEndpointContainer#0-0-C-1] org.apache.kafka.clients.NetworkClient   : [Consumer clientId=consumer-order-group-1, groupId=order-group] Node 0 disconnected.
2026-05-02T17:14:18.665+05:30  WARN 3164 --- [order-service] [org.springframework.kafka.KafkaListenerEndpointContainer#0-0-C-1] org.apache.kafka.clients.NetworkClient   : [Consumer clientId=consumer-order-group-1, groupId=order-group] Connection to node 0 (NIRANJAN-LAP/192.168.0.5:9092) could not be established. Node may not be available.
2026-05-02T17:14:21.333+05:30  INFO 3164 --- [order-service] [org.springframework.kafka.KafkaListenerEndpointContainer#1-0-C-1] org.apache.kafka.clients.NetworkClient   : [Consumer clientId=consumer-order-group-2, groupId=order-group] Node 0 disconnected.
2026-05-02T17:14:21.333+05:30  WARN 3164 --- [order-service] [org.springframework.kafka.KafkaListenerEndpointContainer#1-0-C-1] org.apache.kafka.clients.NetworkClient   : [Consumer clientId=consumer-order-group-2, groupId=order-group] Connection to node 0 (NIRANJAN-LAP/172.22.64.1:9092) could not be established. Node may not be available.
2026-05-02T17:14:21.333+05:30  INFO 3164 --- [order-service] [org.springframework.kafka.KafkaListenerEndpointContainer#1-0-C-1] o.a.kafka.clients.FetchSessionHandler    : [Consumer clientId=consumer-order-group-2, groupId=order-group] Error sending fetch request (sessionId=363409661, epoch=INITIAL) to node 0:

org.apache.kafka.common.errors.DisconnectException

2026-05-02T17:14:21.700+05:30  INFO 3164 --- [order-service] [kafka-producer-network-thread | order-service-producer-1] org.apache.kafka.clients.NetworkClient   : [Producer clientId=order-service-producer-1] Node 0 disconnected.
2026-05-02T17:14:21.700+05:30  WARN 3164 --- [order-service] [kafka-producer-network-thread | order-service-producer-1] org.apache.kafka.clients.NetworkClient   : [Producer clientId=order-service-producer-1] Connection to node 0 (NIRANJAN-LAP/172.22.64.1:9092) could not be established. Node may not be available.
2026-05-02T17:14:21.716+05:30  INFO 3164 --- [order-service] [org.springframework.kafka.KafkaListenerEndpointContainer#0-0-C-1] org.apache.kafka.clients.NetworkClient   : [Consumer clientId=consumer-order-group-1, groupId=order-group] Node 0 disconnected.
2026-05-02T17:14:21.716+05:30  WARN 3164 --- [order-service] [org.springframework.kafka.KafkaListenerEndpointContainer#0-0-C-1] org.apache.kafka.clients.NetworkClient   : [Consumer clientId=consumer-order-group-1, groupId=order-group] Connection to node 0 (NIRANJAN-LAP/172.22.64.1:9092) could not be established. Node may not be available.
2026-05-02T17:14:21.716+05:30  INFO 3164 --- [order-service] [org.springframework.kafka.KafkaListenerEndpointContainer#0-0-C-1] o.a.kafka.clients.FetchSessionHandler    : [Consumer clientId=consumer-order-group-1, groupId=order-group] Error sending fetch request (sessionId=112088398, epoch=INITIAL) to node 0:

org.apache.kafka.common.errors.DisconnectException

2026-05-02T17:14:24.386+05:30  INFO 3164 --- [order-service] [org.springframework.kafka.KafkaListenerEndpointContainer#1-0-C-1] org.apache.kafka.clients.NetworkClient   : [Consumer clientId=consumer-order-group-2, groupId=order-group] Node 0 disconnected.
2026-05-02T17:14:24.386+05:30  WARN 3164 --- [order-service] [org.springframework.kafka.KafkaListenerEndpointContainer#1-0-C-1] org.apache.kafka.clients.NetworkClient   : [Consumer clientId=consumer-order-group-2, groupId=order-group] Connection to node 0 (NIRANJAN-LAP/192.168.0.5:9092) could not be established. Node may not be available.
2026-05-02T17:14:24.756+05:30  INFO 3164 --- [order-service] [kafka-producer-network-thread | order-service-producer-1] org.apache.kafka.clients.NetworkClient   : [Producer clientId=order-service-producer-1] Node 0 disconnected.
2026-05-02T17:14:24.756+05:30  WARN 3164 --- [order-service] [kafka-producer-network-thread | order-service-producer-1] org.apache.kafka.clients.NetworkClient   : [Producer clientId=order-service-producer-1] Connection to node 0 (NIRANJAN-LAP/192.168.0.5:9092) could not be established. Node may not be available.
2026-05-02T17:14:24.770+05:30  INFO 3164 --- [order-service] [org.springframework.kafka.KafkaListenerEndpointContainer#0-0-C-1] org.apache.kafka.clients.NetworkClient   : [Consumer clientId=consumer-order-group-1, groupId=order-group] Node 0 disconnected.
2026-05-02T17:14:24.770+05:30  WARN 3164 --- [order-service] [org.springframework.kafka.KafkaListenerEndpointContainer#0-0-C-1] org.apache.kafka.clients.NetworkClient   : [Consumer clientId=consumer-order-group-1, groupId=order-group] Connection to node 0 (NIRANJAN-LAP/192.168.0.5:9092) could not be established. Node may not be available.
2026-05-02T17:14:27.439+05:30  INFO 3164 --- [order-service] [org.springframework.kafka.KafkaListenerEndpointContainer#1-0-C-1] org.apache.kafka.clients.NetworkClient   : [Consumer clientId=consumer-order-group-2, groupId=order-group] Node 0 disconnected.
2026-05-02T17:14:27.439+05:30  WARN 3164 --- [order-service] [org.springframework.kafka.KafkaListenerEndpointContainer#1-0-C-1] org.apache.kafka.clients.NetworkClient   : [Consumer clientId=consumer-order-group-2, groupId=order-group] Connection to node 0 (NIRANJAN-LAP/172.22.64.1:9092) could not be established. Node may not be available.
2026-05-02T17:14:27.439+05:30  INFO 3164 --- [order-service] [org.springframework.kafka.KafkaListenerEndpointContainer#1-0-C-1] o.a.kafka.clients.FetchSessionHandler    : [Consumer clientId=consumer-order-group-2, groupId=order-group] Error sending fetch request (sessionId=363409661, epoch=INITIAL) to node 0:

org.apache.kafka.common.errors.DisconnectException

2026-05-02T17:14:27.805+05:30  INFO 3164 --- [order-service] [kafka-producer-network-thread | order-service-producer-1] org.apache.kafka.clients.NetworkClient   : [Producer clientId=order-service-producer-1] Node 0 disconnected.
2026-05-02T17:14:27.805+05:30  WARN 3164 --- [order-service] [kafka-producer-network-thread | order-service-producer-1] org.apache.kafka.clients.NetworkClient   : [Producer clientId=order-service-producer-1] Connection to node 0 (NIRANJAN-LAP/172.22.64.1:9092) could not be established. Node may not be available.
2026-05-02T17:14:27.821+05:30  INFO 3164 --- [order-service] [org.springframework.kafka.KafkaListenerEndpointContainer#0-0-C-1] org.apache.kafka.clients.NetworkClient   : [Consumer clientId=consumer-order-group-1, groupId=order-group] Node 0 disconnected.
2026-05-02T17:14:27.822+05:30  WARN 3164 --- [order-service] [org.springframework.kafka.KafkaListenerEndpointContainer#0-0-C-1] org.apache.kafka.clients.NetworkClient   : [Consumer clientId=consumer-order-group-1, groupId=order-group] Connection to node 0 (NIRANJAN-LAP/172.22.64.1:9092) could not be established. Node may not be available.
2026-05-02T17:14:27.822+05:30  INFO 3164 --- [order-service] [org.springframework.kafka.KafkaListenerEndpointContainer#0-0-C-1] o.a.kafka.clients.FetchSessionHandler    : [Consumer clientId=consumer-order-group-1, groupId=order-group] Error sending fetch request (sessionId=112088398, epoch=INITIAL) to node 0:

org.apache.kafka.common.errors.DisconnectException

2026-05-02T17:14:30.482+05:30  INFO 3164 --- [order-service] [org.springframework.kafka.KafkaListenerEndpointContainer#1-0-C-1] org.apache.kafka.clients.NetworkClient   : [Consumer clientId=consumer-order-group-2, groupId=order-group] Node 0 disconnected.
2026-05-02T17:14:30.484+05:30  WARN 3164 --- [order-service] [org.springframework.kafka.KafkaListenerEndpointContainer#1-0-C-1] org.apache.kafka.clients.NetworkClient   : [Consumer clientId=consumer-order-group-2, groupId=order-group] Connection to node 0 (NIRANJAN-LAP/192.168.0.5:9092) could not be established. Node may not be available.
2026-05-02T17:14:30.867+05:30  INFO 3164 --- [order-service] [org.springframework.kafka.KafkaListenerEndpointContainer#0-0-C-1] org.apache.kafka.clients.NetworkClient   : [Consumer clientId=consumer-order-group-1, groupId=order-group] Node 0 disconnected.
2026-05-02T17:14:30.867+05:30  WARN 3164 --- [order-service] [org.springframework.kafka.KafkaListenerEndpointContainer#0-0-C-1] org.apache.kafka.clients.NetworkClient   : [Consumer clientId=consumer-order-group-1, groupId=order-group] Connection to node 0 (NIRANJAN-LAP/192.168.0.5:9092) could not be established. Node may not be available.
2026-05-02T17:14:30.867+05:30  INFO 3164 --- [order-service] [org.springframework.kafka.KafkaListenerEndpointContainer#0-0-C-1] o.a.kafka.clients.FetchSessionHandler    : [Consumer clientId=consumer-order-group-1, groupId=order-group] Error sending fetch request (sessionId=112088398, epoch=INITIAL) to node 0:

org.apache.kafka.common.errors.DisconnectException

2026-05-02T17:14:30.868+05:30  INFO 3164 --- [order-service] [kafka-producer-network-thread | order-service-producer-1] org.apache.kafka.clients.NetworkClient   : [Producer clientId=order-service-producer-1] Node 0 disconnected.
2026-05-02T17:14:30.868+05:30  WARN 3164 --- [order-service] [kafka-producer-network-thread | order-service-producer-1] org.apache.kafka.clients.NetworkClient   : [Producer clientId=order-service-producer-1] Connection to node 0 (NIRANJAN-LAP/192.168.0.5:9092) could not be established. Node may not be available.
2026-05-02T17:14:33.554+05:30  INFO 3164 --- [order-service] [org.springframework.kafka.KafkaListenerEndpointContainer#1-0-C-1] org.apache.kafka.clients.NetworkClient   : [Consumer clientId=consumer-order-group-2, groupId=order-group] Node 0 disconnected.
2026-05-02T17:14:33.555+05:30  WARN 3164 --- [order-service] [org.springframework.kafka.KafkaListenerEndpointContainer#1-0-C-1] org.apache.kafka.clients.NetworkClient   : [Consumer clientId=consumer-order-group-2, groupId=order-group] Connection to node 0 (NIRANJAN-LAP/172.22.64.1:9092) could not be established. Node may not be available.
2026-05-02T17:14:33.899+05:30  INFO 3164 --- [order-service] [kafka-producer-network-thread | order-service-producer-1] org.apache.kafka.clients.NetworkClient   : [Producer clientId=order-service-producer-1] Node 0 disconnected.
2026-05-02T17:14:33.899+05:30  WARN 3164 --- [order-service] [kafka-producer-network-thread | order-service-producer-1] org.apache.kafka.clients.NetworkClient   : [Producer clientId=order-service-producer-1] Connection to node 0 (NIRANJAN-LAP/172.22.64.1:9092) could not be established. Node may not be available.
2026-05-02T17:14:33.947+05:30  INFO 3164 --- [order-service] [org.springframework.kafka.KafkaListenerEndpointContainer#0-0-C-1] org.apache.kafka.clients.NetworkClient   : [Consumer clientId=consumer-order-group-1, groupId=order-group] Node 0 disconnected.
2026-05-02T17:14:33.947+05:30  WARN 3164 --- [order-service] [org.springframework.kafka.KafkaListenerEndpointContainer#0-0-C-1] org.apache.kafka.clients.NetworkClient   : [Consumer clientId=consumer-order-group-1, groupId=order-group] Connection to node 0 (NIRANJAN-LAP/172.22.64.1:9092) could not be established. Node may not be available.
2026-05-02T17:14:36.644+05:30  INFO 3164 --- [order-service] [org.springframework.kafka.KafkaListenerEndpointContainer#1-0-C-1] org.apache.kafka.clients.NetworkClient   : [Consumer clientId=consumer-order-group-2, groupId=order-group] Node 0 disconnected.
2026-05-02T17:14:36.644+05:30  WARN 3164 --- [order-service] [org.springframework.kafka.KafkaListenerEndpointContainer#1-0-C-1] org.apache.kafka.clients.NetworkClient   : [Consumer clientId=consumer-order-group-2, groupId=order-group] Connection to node 0 (NIRANJAN-LAP/192.168.0.5:9092) could not be established. Node may not be available.
2026-05-02T17:14:36.644+05:30  INFO 3164 --- [order-service] [org.springframework.kafka.KafkaListenerEndpointContainer#1-0-C-1] o.a.kafka.clients.FetchSessionHandler    : [Consumer clientId=consumer-order-group-2, groupId=order-group] Error sending fetch request (sessionId=363409661, epoch=INITIAL) to node 0:

org.apache.kafka.common.errors.DisconnectException

2026-05-02T17:14:36.925+05:30  INFO 3164 --- [order-service] [kafka-producer-network-thread | order-service-producer-1] org.apache.kafka.clients.NetworkClient   : [Producer clientId=order-service-producer-1] Node 0 disconnected.
2026-05-02T17:14:36.926+05:30  WARN 3164 --- [order-service] [kafka-producer-network-thread | order-service-producer-1] org.apache.kafka.clients.NetworkClient   : [Producer clientId=order-service-producer-1] Connection to node 0 (NIRANJAN-LAP/192.168.0.5:9092) could not be established. Node may not be available.
2026-05-02T17:14:36.981+05:30  INFO 3164 --- [order-service] [org.springframework.kafka.KafkaListenerEndpointContainer#0-0-C-1] org.apache.kafka.clients.NetworkClient   : [Consumer clientId=consumer-order-group-1, groupId=order-group] Node 0 disconnected.
2026-05-02T17:14:36.981+05:30  WARN 3164 --- [order-service] [org.springframework.kafka.KafkaListenerEndpointContainer#0-0-C-1] org.apache.kafka.clients.NetworkClient   : [Consumer clientId=consumer-order-group-1, groupId=order-group] Connection to node 0 (NIRANJAN-LAP/192.168.0.5:9092) could not be established. Node may not be available.
2026-05-02T17:14:36.983+05:30  INFO 3164 --- [order-service] [org.springframework.kafka.KafkaListenerEndpointContainer#0-0-C-1] o.a.kafka.clients.FetchSessionHandler    : [Consumer clientId=consumer-order-group-1, groupId=order-group] Error sending fetch request (sessionId=112088398, epoch=INITIAL) to node 0:

org.apache.kafka.common.errors.DisconnectException

2026-05-02T17:14:39.694+05:30  INFO 3164 --- [order-service] [org.springframework.kafka.KafkaListenerEndpointContainer#1-0-C-1] org.apache.kafka.clients.NetworkClient   : [Consumer clientId=consumer-order-group-2, groupId=order-group] Node 0 disconnected.
2026-05-02T17:14:39.694+05:30  WARN 3164 --- [order-service] [org.springframework.kafka.KafkaListenerEndpointContainer#1-0-C-1] org.apache.kafka.clients.NetworkClient   : [Consumer clientId=consumer-order-group-2, groupId=order-group] Connection to node 0 (NIRANJAN-LAP/172.22.64.1:9092) could not be established. Node may not be available.
2026-05-02T17:14:39.981+05:30  INFO 3164 --- [order-service] [kafka-producer-network-thread | order-service-producer-1] org.apache.kafka.clients.NetworkClient   : [Producer clientId=order-service-producer-1] Node 0 disconnected.
2026-05-02T17:14:39.981+05:30  WARN 3164 --- [order-service] [kafka-producer-network-thread | order-service-producer-1] org.apache.kafka.clients.NetworkClient   : [Producer clientId=order-service-producer-1] Connection to node 0 (NIRANJAN-LAP/172.22.64.1:9092) could not be established. Node may not be available.
2026-05-02T17:14:40.027+05:30  INFO 3164 --- [order-service] [org.springframework.kafka.KafkaListenerEndpointContainer#0-0-C-1] org.apache.kafka.clients.NetworkClient   : [Consumer clientId=consumer-order-group-1, groupId=order-group] Node 0 disconnected.
2026-05-02T17:14:40.027+05:30  WARN 3164 --- [order-service] [org.springframework.kafka.KafkaListenerEndpointContainer#0-0-C-1] org.apache.kafka.clients.NetworkClient   : [Consumer clientId=consumer-order-group-1, groupId=order-group] Connection to node 0 (NIRANJAN-LAP/172.22.64.1:9092) could not be established. Node may not be available.
2026-05-02T17:14:42.575+05:30  WARN 3164 --- [order-service] [org.springframework.kafka.KafkaListenerEndpointContainer#0-0-C-1] org.apache.kafka.clients.NetworkClient   : [Consumer clientId=consumer-order-group-1, groupId=order-group] The metadata response from the cluster reported a recoverable issue with correlation id 2442 : {payment-success=INVALID_REPLICATION_FACTOR, payment-failed=INVALID_REPLICATION_FACTOR}
2026-05-02T17:14:42.741+05:30  WARN 3164 --- [order-service] [org.springframework.kafka.KafkaListenerEndpointContainer#1-0-C-1] org.apache.kafka.clients.NetworkClient   : [Consumer clientId=consumer-order-group-2, groupId=order-group] The metadata response from the cluster reported a recoverable issue with correlation id 2441 : {payment-failed=INVALID_REPLICATION_FACTOR}
2026-05-02T17:14:43.553+05:30  INFO 3164 --- [order-service] [AsyncResolver-bootstrap-executor-%d] c.n.d.s.r.aws.ConfigClusterResolver      : Resolving eureka endpoints via configuration
2026-05-02T17:14:43.576+05:30  INFO 3164 --- [order-service] [kafka-producer-network-thread | order-service-producer-1] org.apache.kafka.clients.NetworkClient   : [Producer clientId=order-service-producer-1] Node 0 disconnected.
2026-05-02T17:14:43.576+05:30  INFO 3164 --- [order-service] [org.springframework.kafka.KafkaListenerEndpointContainer#0-0-C-1] org.apache.kafka.clients.NetworkClient   : [Consumer clientId=consumer-order-group-1, groupId=order-group] Node 0 disconnected.
2026-05-02T17:14:43.576+05:30  INFO 3164 --- [order-service] [org.springframework.kafka.KafkaListenerEndpointContainer#0-0-C-1] org.apache.kafka.clients.NetworkClient   : [Consumer clientId=consumer-order-group-1, groupId=order-group] Cancelled in-flight METADATA request with correlation id 2443 due to node 0 being disconnected (elapsed time since creation: 73ms, elapsed time since send: 73ms, throttle time: 0ms, request timeout: 30000ms)
2026-05-02T17:14:43.576+05:30  INFO 3164 --- [order-service] [org.springframework.kafka.KafkaListenerEndpointContainer#1-0-C-1] org.apache.kafka.clients.NetworkClient   : [Consumer clientId=consumer-order-group-2, groupId=order-group] Node 0 disconnected.
2026-05-02T17:14:45.721+05:30  INFO 3164 --- [order-service] [org.springframework.kafka.KafkaListenerEndpointContainer#1-0-C-1] org.apache.kafka.clients.NetworkClient   : [Consumer clientId=consumer-order-group-2, groupId=order-group] Node 0 disconnected.
2026-05-02T17:14:45.721+05:30  WARN 3164 --- [order-service] [org.springframework.kafka.KafkaListenerEndpointContainer#1-0-C-1] org.apache.kafka.clients.NetworkClient   : [Consumer clientId=consumer-order-group-2, groupId=order-group] Connection to node 0 (NIRANJAN-LAP/172.22.64.1:9092) could not be established. Node may not be available.
2026-05-02T17:14:46.007+05:30  WARN 3164 --- [order-service] [org.springframework.kafka.KafkaListenerEndpointContainer#1-0-C-1] o.a.k.c.c.internals.FetchCollector       : [Consumer clientId=consumer-order-group-2, groupId=order-group] Received unknown topic ID error in fetch for partition payment-failed-0
2026-05-02T17:14:46.071+05:30  INFO 3164 --- [order-service] [org.springframework.kafka.KafkaListenerEndpointContainer#0-0-C-1] org.apache.kafka.clients.NetworkClient   : [Consumer clientId=consumer-order-group-1, groupId=order-group] Node 0 disconnected.
2026-05-02T17:14:46.071+05:30  WARN 3164 --- [order-service] [org.springframework.kafka.KafkaListenerEndpointContainer#0-0-C-1] org.apache.kafka.clients.NetworkClient   : [Consumer clientId=consumer-order-group-1, groupId=order-group] Connection to node 0 (NIRANJAN-LAP/172.22.64.1:9092) could not be established. Node may not be available.
2026-05-02T17:14:46.071+05:30  INFO 3164 --- [order-service] [org.springframework.kafka.KafkaListenerEndpointContainer#0-0-C-1] o.a.kafka.clients.FetchSessionHandler    : [Consumer clientId=consumer-order-group-1, groupId=order-group] Error sending fetch request (sessionId=112088398, epoch=INITIAL) to node 0:

org.apache.kafka.common.errors.DisconnectException

2026-05-02T17:14:46.592+05:30  INFO 3164 --- [order-service] [kafka-producer-network-thread | order-service-producer-1] org.apache.kafka.clients.NetworkClient   : [Producer clientId=order-service-producer-1] Node 0 disconnected.
2026-05-02T17:14:46.592+05:30  WARN 3164 --- [order-service] [kafka-producer-network-thread | order-service-producer-1] org.apache.kafka.clients.NetworkClient   : [Producer clientId=order-service-producer-1] Connection to node 0 (NIRANJAN-LAP/172.22.64.1:9092) could not be established. Node may not be available.
2026-05-02T17:14:47.871+05:30  INFO 3164 --- [order-service] [org.springframework.kafka.KafkaListenerEndpointContainer#1-0-C-1] org.apache.kafka.clients.NetworkClient   : [Consumer clientId=consumer-order-group-2, groupId=order-group] Node 0 disconnected.
2026-05-02T17:14:47.871+05:30  WARN 3164 --- [order-service] [org.springframework.kafka.KafkaListenerEndpointContainer#1-0-C-1] org.apache.kafka.clients.NetworkClient   : [Consumer clientId=consumer-order-group-2, groupId=order-group] Connection to node 0 (NIRANJAN-LAP/192.168.0.5:9092) could not be established. Node may not be available.
2026-05-02T17:14:47.871+05:30  INFO 3164 --- [order-service] [org.springframework.kafka.KafkaListenerEndpointContainer#1-0-C-1] o.a.kafka.clients.FetchSessionHandler    : [Consumer clientId=consumer-order-group-2, groupId=order-group] Error sending fetch request (sessionId=1203946848, epoch=1) to node 0:

org.apache.kafka.common.errors.DisconnectException

2026-05-02T17:14:48.225+05:30  INFO 3164 --- [order-service] [org.springframework.kafka.KafkaListenerEndpointContainer#0-0-C-1] org.apache.kafka.clients.NetworkClient   : [Consumer clientId=consumer-order-group-1, groupId=order-group] Node 0 disconnected.
2026-05-02T17:14:48.225+05:30  WARN 3164 --- [order-service] [org.springframework.kafka.KafkaListenerEndpointContainer#0-0-C-1] org.apache.kafka.clients.NetworkClient   : [Consumer clientId=consumer-order-group-1, groupId=order-group] Connection to node 0 (NIRANJAN-LAP/192.168.0.5:9092) could not be established. Node may not be available.
2026-05-02T17:14:49.627+05:30  INFO 3164 --- [order-service] [kafka-producer-network-thread | order-service-producer-1] org.apache.kafka.clients.NetworkClient   : [Producer clientId=order-service-producer-1] Node 0 disconnected.
2026-05-02T17:14:49.627+05:30  WARN 3164 --- [order-service] [kafka-producer-network-thread | order-service-producer-1] org.apache.kafka.clients.NetworkClient   : [Producer clientId=order-service-producer-1] Connection to node 0 (NIRANJAN-LAP/192.168.0.5:9092) could not be established. Node may not be available.
2026-05-02T17:14:50.172+05:30  INFO 3164 --- [order-service] [org.springframework.kafka.KafkaListenerEndpointContainer#1-0-C-1] org.apache.kafka.clients.NetworkClient   : [Consumer clientId=consumer-order-group-2, groupId=order-group] Node 0 disconnected.
2026-05-02T17:14:50.172+05:30  WARN 3164 --- [order-service] [org.springframework.kafka.KafkaListenerEndpointContainer#1-0-C-1] org.apache.kafka.clients.NetworkClient   : [Consumer clientId=consumer-order-group-2, groupId=order-group] Connection to node 0 (NIRANJAN-LAP/172.22.64.1:9092) could not be established. Node may not be available.
2026-05-02T17:14:50.508+05:30  INFO 3164 --- [order-service] [org.springframework.kafka.KafkaListenerEndpointContainer#0-0-C-1] org.apache.kafka.clients.NetworkClient   : [Consumer clientId=consumer-order-group-1, groupId=order-group] Node 0 disconnected.
2026-05-02T17:14:50.508+05:30  WARN 3164 --- [order-service] [org.springframework.kafka.KafkaListenerEndpointContainer#0-0-C-1] org.apache.kafka.clients.NetworkClient   : [Consumer clientId=consumer-order-group-1, groupId=order-group] Connection to node 0 (NIRANJAN-LAP/172.22.64.1:9092) could not be established. Node may not be available.
2026-05-02T17:14:52.602+05:30  INFO 3164 --- [order-service] [org.springframework.kafka.KafkaListenerEndpointContainer#1-0-C-1] org.apache.kafka.clients.NetworkClient   : [Consumer clientId=consumer-order-group-2, groupId=order-group] Node 0 disconnected.
2026-05-02T17:14:52.602+05:30  WARN 3164 --- [order-service] [org.springframework.kafka.KafkaListenerEndpointContainer#1-0-C-1] org.apache.kafka.clients.NetworkClient   : [Consumer clientId=consumer-order-group-2, groupId=order-group] Connection to node 0 (NIRANJAN-LAP/192.168.0.5:9092) could not be established. Node may not be available.
2026-05-02T17:14:52.602+05:30  INFO 3164 --- [order-service] [org.springframework.kafka.KafkaListenerEndpointContainer#1-0-C-1] o.a.kafka.clients.FetchSessionHandler    : [Consumer clientId=consumer-order-group-2, groupId=order-group] Error sending fetch request (sessionId=1203946848, epoch=INITIAL) to node 0:

org.apache.kafka.common.errors.DisconnectException

2026-05-02T17:14:52.696+05:30  INFO 3164 --- [order-service] [kafka-producer-network-thread | order-service-producer-1] org.apache.kafka.clients.NetworkClient   : [Producer clientId=order-service-producer-1] Node 0 disconnected.
2026-05-02T17:14:52.696+05:30  WARN 3164 --- [order-service] [kafka-producer-network-thread | order-service-producer-1] org.apache.kafka.clients.NetworkClient   : [Producer clientId=order-service-producer-1] Connection to node 0 (NIRANJAN-LAP/172.22.64.1:9092) could not be established. Node may not be available.
2026-05-02T17:14:53.046+05:30  INFO 3164 --- [order-service] [org.springframework.kafka.KafkaListenerEndpointContainer#0-0-C-1] org.apache.kafka.clients.NetworkClient   : [Consumer clientId=consumer-order-group-1, groupId=order-group] Node 0 disconnected.
2026-05-02T17:14:53.046+05:30  WARN 3164 --- [order-service] [org.springframework.kafka.KafkaListenerEndpointContainer#0-0-C-1] org.apache.kafka.clients.NetworkClient   : [Consumer clientId=consumer-order-group-1, groupId=order-group] Connection to node 0 (NIRANJAN-LAP/192.168.0.5:9092) could not be established. Node may not be available.
2026-05-02T17:14:55.510+05:30  INFO 3164 --- [order-service] [org.springframework.kafka.KafkaListenerEndpointContainer#1-0-C-1] org.apache.kafka.clients.NetworkClient   : [Consumer clientId=consumer-order-group-2, groupId=order-group] Node 0 disconnected.
2026-05-02T17:14:55.510+05:30  WARN 3164 --- [order-service] [org.springframework.kafka.KafkaListenerEndpointContainer#1-0-C-1] org.apache.kafka.clients.NetworkClient   : [Consumer clientId=consumer-order-group-2, groupId=order-group] Connection to node 0 (NIRANJAN-LAP/172.22.64.1:9092) could not be established. Node may not be available.
2026-05-02T17:14:55.732+05:30  INFO 3164 --- [order-service] [kafka-producer-network-thread | order-service-producer-1] org.apache.kafka.clients.NetworkClient   : [Producer clientId=order-service-producer-1] Node 0 disconnected.
2026-05-02T17:14:55.732+05:30  WARN 3164 --- [order-service] [kafka-producer-network-thread | order-service-producer-1] org.apache.kafka.clients.NetworkClient   : [Producer clientId=order-service-producer-1] Connection to node 0 (NIRANJAN-LAP/192.168.0.5:9092) could not be established. Node may not be available.
2026-05-02T17:14:55.970+05:30  INFO 3164 --- [order-service] [org.springframework.kafka.KafkaListenerEndpointContainer#0-0-C-1] org.apache.kafka.clients.NetworkClient   : [Consumer clientId=consumer-order-group-1, groupId=order-group] Node 0 disconnected.
2026-05-02T17:14:55.970+05:30  WARN 3164 --- [order-service] [org.springframework.kafka.KafkaListenerEndpointContainer#0-0-C-1] org.apache.kafka.clients.NetworkClient   : [Consumer clientId=consumer-order-group-1, groupId=order-group] Connection to node 0 (NIRANJAN-LAP/172.22.64.1:9092) could not be established. Node may not be available.
2026-05-02T17:14:55.970+05:30  INFO 3164 --- [order-service] [org.springframework.kafka.KafkaListenerEndpointContainer#0-0-C-1] o.a.kafka.clients.FetchSessionHandler    : [Consumer clientId=consumer-order-group-1, groupId=order-group] Error sending fetch request (sessionId=112088398, epoch=INITIAL) to node 0:

org.apache.kafka.common.errors.DisconnectException

2026-05-02T17:14:58.566+05:30  INFO 3164 --- [order-service] [org.springframework.kafka.KafkaListenerEndpointContainer#1-0-C-1] org.apache.kafka.clients.NetworkClient   : [Consumer clientId=consumer-order-group-2, groupId=order-group] Node 0 disconnected.
2026-05-02T17:14:58.566+05:30  WARN 3164 --- [order-service] [org.springframework.kafka.KafkaListenerEndpointContainer#1-0-C-1] org.apache.kafka.clients.NetworkClient   : [Consumer clientId=consumer-order-group-2, groupId=order-group] Connection to node 0 (NIRANJAN-LAP/192.168.0.5:9092) could not be established. Node may not be available.
2026-05-02T17:14:58.774+05:30  INFO 3164 --- [order-service] [kafka-producer-network-thread | order-service-producer-1] org.apache.kafka.clients.NetworkClient   : [Producer clientId=order-service-producer-1] Node 0 disconnected.
2026-05-02T17:14:58.774+05:30  WARN 3164 --- [order-service] [kafka-producer-network-thread | order-service-producer-1] org.apache.kafka.clients.NetworkClient   : [Producer clientId=order-service-producer-1] Connection to node 0 (NIRANJAN-LAP/172.22.64.1:9092) could not be established. Node may not be available.
2026-05-02T17:14:58.965+05:30  INFO 3164 --- [order-service] [org.springframework.kafka.KafkaListenerEndpointContainer#0-0-C-1] org.apache.kafka.clients.NetworkClient   : [Consumer clientId=consumer-order-group-1, groupId=order-group] Node 0 disconnected.
2026-05-02T17:14:58.965+05:30  WARN 3164 --- [order-service] [org.springframework.kafka.KafkaListenerEndpointContainer#0-0-C-1] org.apache.kafka.clients.NetworkClient   : [Consumer clientId=consumer-order-group-1, groupId=order-group] Connection to node 0 (NIRANJAN-LAP/192.168.0.5:9092) could not be established. Node may not be available.
2026-05-02T17:15:01.622+05:30  INFO 3164 --- [order-service] [org.springframework.kafka.KafkaListenerEndpointContainer#1-0-C-1] org.apache.kafka.clients.NetworkClient   : [Consumer clientId=consumer-order-group-2, groupId=order-group] Node 0 disconnected.
2026-05-02T17:15:01.622+05:30  WARN 3164 --- [order-service] [org.springframework.kafka.KafkaListenerEndpointContainer#1-0-C-1] org.apache.kafka.clients.NetworkClient   : [Consumer clientId=consumer-order-group-2, groupId=order-group] Connection to node 0 (NIRANJAN-LAP/172.22.64.1:9092) could not be established. Node may not be available.
2026-05-02T17:15:01.622+05:30  INFO 3164 --- [order-service] [org.springframework.kafka.KafkaListenerEndpointContainer#1-0-C-1] o.a.kafka.clients.FetchSessionHandler    : [Consumer clientId=consumer-order-group-2, groupId=order-group] Error sending fetch request (sessionId=1203946848, epoch=INITIAL) to node 0:

org.apache.kafka.common.errors.DisconnectException

2026-05-02T17:15:01.830+05:30  INFO 3164 --- [order-service] [kafka-producer-network-thread | order-service-producer-1] org.apache.kafka.clients.NetworkClient   : [Producer clientId=order-service-producer-1] Node 0 disconnected.
2026-05-02T17:15:01.845+05:30  WARN 3164 --- [order-service] [kafka-producer-network-thread | order-service-producer-1] org.apache.kafka.clients.NetworkClient   : [Producer clientId=order-service-producer-1] Connection to node 0 (NIRANJAN-LAP/192.168.0.5:9092) could not be established. Node may not be available.
2026-05-02T17:15:01.973+05:30  INFO 3164 --- [order-service] [org.springframework.kafka.KafkaListenerEndpointContainer#0-0-C-1] org.apache.kafka.clients.NetworkClient   : [Consumer clientId=consumer-order-group-1, groupId=order-group] Node 0 disconnected.
2026-05-02T17:15:01.973+05:30  WARN 3164 --- [order-service] [org.springframework.kafka.KafkaListenerEndpointContainer#0-0-C-1] org.apache.kafka.clients.NetworkClient   : [Consumer clientId=consumer-order-group-1, groupId=order-group] Connection to node 0 (NIRANJAN-LAP/172.22.64.1:9092) could not be established. Node may not be available.
2026-05-02T17:15:01.973+05:30  INFO 3164 --- [order-service] [org.springframework.kafka.KafkaListenerEndpointContainer#0-0-C-1] o.a.kafka.clients.FetchSessionHandler    : [Consumer clientId=consumer-order-group-1, groupId=order-group] Error sending fetch request (sessionId=112088398, epoch=INITIAL) to node 0:

org.apache.kafka.common.errors.DisconnectException

2026-05-02T17:15:04.630+05:30  INFO 3164 --- [order-service] [org.springframework.kafka.KafkaListenerEndpointContainer#1-0-C-1] org.apache.kafka.clients.NetworkClient   : [Consumer clientId=consumer-order-group-2, groupId=order-group] Node 0 disconnected.
2026-05-02T17:15:04.630+05:30  WARN 3164 --- [order-service] [org.springframework.kafka.KafkaListenerEndpointContainer#1-0-C-1] org.apache.kafka.clients.NetworkClient   : [Consumer clientId=consumer-order-group-2, groupId=order-group] Connection to node 0 (NIRANJAN-LAP/192.168.0.5:9092) could not be established. Node may not be available.
2026-05-02T17:15:04.886+05:30  INFO 3164 --- [order-service] [kafka-producer-network-thread | order-service-producer-1] org.apache.kafka.clients.NetworkClient   : [Producer clientId=order-service-producer-1] Node 0 disconnected.
2026-05-02T17:15:04.886+05:30  INFO 3164 --- [order-service] [org.springframework.kafka.KafkaListenerEndpointContainer#0-0-C-1] org.apache.kafka.clients.NetworkClient   : [Consumer clientId=consumer-order-group-1, groupId=order-group] Node 0 disconnected.
2026-05-02T17:15:04.886+05:30  WARN 3164 --- [order-service] [org.springframework.kafka.KafkaListenerEndpointContainer#0-0-C-1] org.apache.kafka.clients.NetworkClient   : [Consumer clientId=consumer-order-group-1, groupId=order-group] Connection to node 0 (NIRANJAN-LAP/192.168.0.5:9092) could not be established. Node may not be available.
2026-05-02T17:15:04.886+05:30  WARN 3164 --- [order-service] [kafka-producer-network-thread | order-service-producer-1] org.apache.kafka.clients.NetworkClient   : [Producer clientId=order-service-producer-1] Connection to node 0 (NIRANJAN-LAP/172.22.64.1:9092) could not be established. Node may not be available.
2026-05-02T17:15:07.657+05:30  INFO 3164 --- [order-service] [org.springframework.kafka.KafkaListenerEndpointContainer#1-0-C-1] org.apache.kafka.clients.NetworkClient   : [Consumer clientId=consumer-order-group-2, groupId=order-group] Node 0 disconnected.
2026-05-02T17:15:07.657+05:30  WARN 3164 --- [order-service] [org.springframework.kafka.KafkaListenerEndpointContainer#1-0-C-1] org.apache.kafka.clients.NetworkClient   : [Consumer clientId=consumer-order-group-2, groupId=order-group] Connection to node 0 (NIRANJAN-LAP/172.22.64.1:9092) could not be established. Node may not be available.
2026-05-02T17:15:07.658+05:30  INFO 3164 --- [order-service] [org.springframework.kafka.KafkaListenerEndpointContainer#1-0-C-1] o.a.kafka.clients.FetchSessionHandler    : [Consumer clientId=consumer-order-group-2, groupId=order-group] Error sending fetch request (sessionId=1203946848, epoch=INITIAL) to node 0:

org.apache.kafka.common.errors.DisconnectException

2026-05-02T17:15:07.941+05:30  INFO 3164 --- [order-service] [kafka-producer-network-thread | order-service-producer-1] org.apache.kafka.clients.NetworkClient   : [Producer clientId=order-service-producer-1] Node 0 disconnected.
2026-05-02T17:15:07.941+05:30  WARN 3164 --- [order-service] [kafka-producer-network-thread | order-service-producer-1] org.apache.kafka.clients.NetworkClient   : [Producer clientId=order-service-producer-1] Connection to node 0 (NIRANJAN-LAP/192.168.0.5:9092) could not be established. Node may not be available.
2026-05-02T17:15:08.004+05:30  INFO 3164 --- [order-service] [org.springframework.kafka.KafkaListenerEndpointContainer#0-0-C-1] org.apache.kafka.clients.NetworkClient   : [Consumer clientId=consumer-order-group-1, groupId=order-group] Node 0 disconnected.
2026-05-02T17:15:08.004+05:30  WARN 3164 --- [order-service] [org.springframework.kafka.KafkaListenerEndpointContainer#0-0-C-1] org.apache.kafka.clients.NetworkClient   : [Consumer clientId=consumer-order-group-1, groupId=order-group] Connection to node 0 (NIRANJAN-LAP/172.22.64.1:9092) could not be established. Node may not be available.
2026-05-02T17:15:10.718+05:30  INFO 3164 --- [order-service] [org.springframework.kafka.KafkaListenerEndpointContainer#1-0-C-1] org.apache.kafka.clients.NetworkClient   : [Consumer clientId=consumer-order-group-2, groupId=order-group] Node 0 disconnected.
2026-05-02T17:15:10.735+05:30  WARN 3164 --- [order-service] [org.springframework.kafka.KafkaListenerEndpointContainer#1-0-C-1] org.apache.kafka.clients.NetworkClient   : [Consumer clientId=consumer-order-group-2, groupId=order-group] Connection to node 0 (NIRANJAN-LAP/192.168.0.5:9092) could not be established. Node may not be available.
2026-05-02T17:15:10.991+05:30  INFO 3164 --- [order-service] [kafka-producer-network-thread | order-service-producer-1] org.apache.kafka.clients.NetworkClient   : [Producer clientId=order-service-producer-1] Node 0 disconnected.
2026-05-02T17:15:10.991+05:30  WARN 3164 --- [order-service] [kafka-producer-network-thread | order-service-producer-1] org.apache.kafka.clients.NetworkClient   : [Producer clientId=order-service-producer-1] Connection to node 0 (NIRANJAN-LAP/172.22.64.1:9092) could not be established. Node may not be available.
2026-05-02T17:15:11.056+05:30  INFO 3164 --- [order-service] [org.springframework.kafka.KafkaListenerEndpointContainer#0-0-C-1] org.apache.kafka.clients.NetworkClient   : [Consumer clientId=consumer-order-group-1, groupId=order-group] Node 0 disconnected.
2026-05-02T17:15:11.058+05:30  WARN 3164 --- [order-service] [org.springframework.kafka.KafkaListenerEndpointContainer#0-0-C-1] org.apache.kafka.clients.NetworkClient   : [Consumer clientId=consumer-order-group-1, groupId=order-group] Connection to node 0 (NIRANJAN-LAP/192.168.0.5:9092) could not be established. Node may not be available.
2026-05-02T17:15:11.058+05:30  INFO 3164 --- [order-service] [org.springframework.kafka.KafkaListenerEndpointContainer#0-0-C-1] o.a.kafka.clients.FetchSessionHandler    : [Consumer clientId=consumer-order-group-1, groupId=order-group] Error sending fetch request (sessionId=112088398, epoch=INITIAL) to node 0:

org.apache.kafka.common.errors.DisconnectException

2026-05-02T17:15:13.787+05:30  INFO 3164 --- [order-service] [org.springframework.kafka.KafkaListenerEndpointContainer#1-0-C-1] org.apache.kafka.clients.NetworkClient   : [Consumer clientId=consumer-order-group-2, groupId=order-group] Node 0 disconnected.
2026-05-02T17:15:13.787+05:30  WARN 3164 --- [order-service] [org.springframework.kafka.KafkaListenerEndpointContainer#1-0-C-1] org.apache.kafka.clients.NetworkClient   : [Consumer clientId=consumer-order-group-2, groupId=order-group] Connection to node 0 (NIRANJAN-LAP/172.22.64.1:9092) could not be established. Node may not be available.
2026-05-02T17:15:14.041+05:30  INFO 3164 --- [order-service] [kafka-producer-network-thread | order-service-producer-1] org.apache.kafka.clients.NetworkClient   : [Producer clientId=order-service-producer-1] Node 0 disconnected.
2026-05-02T17:15:14.041+05:30  WARN 3164 --- [order-service] [kafka-producer-network-thread | order-service-producer-1] org.apache.kafka.clients.NetworkClient   : [Producer clientId=order-service-producer-1] Connection to node 0 (NIRANJAN-LAP/192.168.0.5:9092) could not be established. Node may not be available.
2026-05-02T17:15:14.057+05:30  INFO 3164 --- [order-service] [org.springframework.kafka.KafkaListenerEndpointContainer#0-0-C-1] org.apache.kafka.clients.NetworkClient   : [Consumer clientId=consumer-order-group-1, groupId=order-group] Node 0 disconnected.
2026-05-02T17:15:14.057+05:30  WARN 3164 --- [order-service] [org.springframework.kafka.KafkaListenerEndpointContainer#0-0-C-1] org.apache.kafka.clients.NetworkClient   : [Consumer clientId=consumer-order-group-1, groupId=order-group] Connection to node 0 (NIRANJAN-LAP/172.22.64.1:9092) could not be established. Node may not be available.
2026-05-02T17:15:16.860+05:30  INFO 3164 --- [order-service] [org.springframework.kafka.KafkaListenerEndpointContainer#1-0-C-1] org.apache.kafka.clients.NetworkClient   : [Consumer clientId=consumer-order-group-2, groupId=order-group] Node 0 disconnected.
2026-05-02T17:15:16.860+05:30  WARN 3164 --- [order-service] [org.springframework.kafka.KafkaListenerEndpointContainer#1-0-C-1] org.apache.kafka.clients.NetworkClient   : [Consumer clientId=consumer-order-group-2, groupId=order-group] Connection to node 0 (NIRANJAN-LAP/192.168.0.5:9092) could not be established. Node may not be available.
2026-05-02T17:15:16.860+05:30  INFO 3164 --- [order-service] [org.springframework.kafka.KafkaListenerEndpointContainer#1-0-C-1] o.a.kafka.clients.FetchSessionHandler    : [Consumer clientId=consumer-order-group-2, groupId=order-group] Error sending fetch request (sessionId=1203946848, epoch=INITIAL) to node 0:

org.apache.kafka.common.errors.DisconnectException

2026-05-02T17:15:16.940+05:30  INFO 3164 --- [order-service] [org.springframework.kafka.KafkaListenerEndpointContainer#0-0-C-1] org.apache.kafka.clients.NetworkClient   : [Consumer clientId=consumer-order-group-1, groupId=order-group] Node 0 disconnected.
2026-05-02T17:15:16.940+05:30  WARN 3164 --- [order-service] [org.springframework.kafka.KafkaListenerEndpointContainer#0-0-C-1] org.apache.kafka.clients.NetworkClient   : [Consumer clientId=consumer-order-group-1, groupId=order-group] Connection to node 0 (NIRANJAN-LAP/192.168.0.5:9092) could not be established. Node may not be available.
2026-05-02T17:15:16.940+05:30  INFO 3164 --- [order-service] [org.springframework.kafka.KafkaListenerEndpointContainer#0-0-C-1] o.a.kafka.clients.FetchSessionHandler    : [Consumer clientId=consumer-order-group-1, groupId=order-group] Error sending fetch request (sessionId=112088398, epoch=INITIAL) to node 0:

org.apache.kafka.common.errors.DisconnectException

2026-05-02T17:15:17.098+05:30  INFO 3164 --- [order-service] [kafka-producer-network-thread | order-service-producer-1] org.apache.kafka.clients.NetworkClient   : [Producer clientId=order-service-producer-1] Node 0 disconnected.
2026-05-02T17:15:17.098+05:30  WARN 3164 --- [order-service] [kafka-producer-network-thread | order-service-producer-1] org.apache.kafka.clients.NetworkClient   : [Producer clientId=order-service-producer-1] Connection to node 0 (NIRANJAN-LAP/172.22.64.1:9092) could not be established. Node may not be available.
2026-05-02T17:15:19.932+05:30  INFO 3164 --- [order-service] [org.springframework.kafka.KafkaListenerEndpointContainer#1-0-C-1] org.apache.kafka.clients.NetworkClient   : [Consumer clientId=consumer-order-group-2, groupId=order-group] Node 0 disconnected.
2026-05-02T17:15:19.932+05:30  WARN 3164 --- [order-service] [org.springframework.kafka.KafkaListenerEndpointContainer#1-0-C-1] org.apache.kafka.clients.NetworkClient   : [Consumer clientId=consumer-order-group-2, groupId=order-group] Connection to node 0 (NIRANJAN-LAP/172.22.64.1:9092) could not be established. Node may not be available.
2026-05-02T17:15:20.001+05:30  INFO 3164 --- [order-service] [org.springframework.kafka.KafkaListenerEndpointContainer#0-0-C-1] org.apache.kafka.clients.NetworkClient   : [Consumer clientId=consumer-order-group-1, groupId=order-group] Node 0 disconnected.
2026-05-02T17:15:20.001+05:30  WARN 3164 --- [order-service] [org.springframework.kafka.KafkaListenerEndpointContainer#0-0-C-1] org.apache.kafka.clients.NetworkClient   : [Consumer clientId=consumer-order-group-1, groupId=order-group] Connection to node 0 (NIRANJAN-LAP/172.22.64.1:9092) could not be established. Node may not be available.
2026-05-02T17:15:20.156+05:30  INFO 3164 --- [order-service] [kafka-producer-network-thread | order-service-producer-1] org.apache.kafka.clients.NetworkClient   : [Producer clientId=order-service-producer-1] Node 0 disconnected.
2026-05-02T17:15:20.156+05:30  WARN 3164 --- [order-service] [kafka-producer-network-thread | order-service-producer-1] org.apache.kafka.clients.NetworkClient   : [Producer clientId=order-service-producer-1] Connection to node 0 (NIRANJAN-LAP/192.168.0.5:9092) could not be established. Node may not be available.
2026-05-02T17:15:22.870+05:30  INFO 3164 --- [order-service] [org.springframework.kafka.KafkaListenerEndpointContainer#1-0-C-1] org.apache.kafka.clients.NetworkClient   : [Consumer clientId=consumer-order-group-2, groupId=order-group] Node 0 disconnected.
2026-05-02T17:15:22.870+05:30  WARN 3164 --- [order-service] [org.springframework.kafka.KafkaListenerEndpointContainer#1-0-C-1] org.apache.kafka.clients.NetworkClient   : [Consumer clientId=consumer-order-group-2, groupId=order-group] Connection to node 0 (NIRANJAN-LAP/192.168.0.5:9092) could not be established. Node may not be available.
2026-05-02T17:15:22.870+05:30  INFO 3164 --- [order-service] [org.springframework.kafka.KafkaListenerEndpointContainer#1-0-C-1] o.a.kafka.clients.FetchSessionHandler    : [Consumer clientId=consumer-order-group-2, groupId=order-group] Error sending fetch request (sessionId=1203946848, epoch=INITIAL) to node 0:

org.apache.kafka.common.errors.DisconnectException

2026-05-02T17:15:23.078+05:30  INFO 3164 --- [order-service] [org.springframework.kafka.KafkaListenerEndpointContainer#0-0-C-1] org.apache.kafka.clients.NetworkClient   : [Consumer clientId=consumer-order-group-1, groupId=order-group] Node 0 disconnected.
2026-05-02T17:15:23.079+05:30  WARN 3164 --- [order-service] [org.springframework.kafka.KafkaListenerEndpointContainer#0-0-C-1] org.apache.kafka.clients.NetworkClient   : [Consumer clientId=consumer-order-group-1, groupId=order-group] Connection to node 0 (NIRANJAN-LAP/192.168.0.5:9092) could not be established. Node may not be available.
2026-05-02T17:15:23.223+05:30  INFO 3164 --- [order-service] [kafka-producer-network-thread | order-service-producer-1] org.apache.kafka.clients.NetworkClient   : [Producer clientId=order-service-producer-1] Node 0 disconnected.
2026-05-02T17:15:23.223+05:30  WARN 3164 --- [order-service] [kafka-producer-network-thread | order-service-producer-1] org.apache.kafka.clients.NetworkClient   : [Producer clientId=order-service-producer-1] Connection to node 0 (NIRANJAN-LAP/172.22.64.1:9092) could not be established. Node may not be available.
2026-05-02T17:15:25.913+05:30  INFO 3164 --- [order-service] [org.springframework.kafka.KafkaListenerEndpointContainer#1-0-C-1] org.apache.kafka.clients.NetworkClient   : [Consumer clientId=consumer-order-group-2, groupId=order-group] Node 0 disconnected.
2026-05-02T17:15:25.913+05:30  WARN 3164 --- [order-service] [org.springframework.kafka.KafkaListenerEndpointContainer#1-0-C-1] org.apache.kafka.clients.NetworkClient   : [Consumer clientId=consumer-order-group-2, groupId=order-group] Connection to node 0 (NIRANJAN-LAP/172.22.64.1:9092) could not be established. Node may not be available.
2026-05-02T17:15:26.170+05:30  INFO 3164 --- [order-service] [org.springframework.kafka.KafkaListenerEndpointContainer#0-0-C-1] org.apache.kafka.clients.NetworkClient   : [Consumer clientId=consumer-order-group-1, groupId=order-group] Node 0 disconnected.
2026-05-02T17:15:26.170+05:30  WARN 3164 --- [order-service] [org.springframework.kafka.KafkaListenerEndpointContainer#0-0-C-1] org.apache.kafka.clients.NetworkClient   : [Consumer clientId=consumer-order-group-1, groupId=order-group] Connection to node 0 (NIRANJAN-LAP/172.22.64.1:9092) could not be established. Node may not be available.
2026-05-02T17:15:26.170+05:30  INFO 3164 --- [order-service] [org.springframework.kafka.KafkaListenerEndpointContainer#0-0-C-1] o.a.kafka.clients.FetchSessionHandler    : [Consumer clientId=consumer-order-group-1, groupId=order-group] Error sending fetch request (sessionId=112088398, epoch=INITIAL) to node 0:

org.apache.kafka.common.errors.DisconnectException

2026-05-02T17:15:26.283+05:30  INFO 3164 --- [order-service] [kafka-producer-network-thread | order-service-producer-1] org.apache.kafka.clients.NetworkClient   : [Producer clientId=order-service-producer-1] Node 0 disconnected.
2026-05-02T17:15:26.283+05:30  WARN 3164 --- [order-service] [kafka-producer-network-thread | order-service-producer-1] org.apache.kafka.clients.NetworkClient   : [Producer clientId=order-service-producer-1] Connection to node 0 (NIRANJAN-LAP/192.168.0.5:9092) could not be established. Node may not be available.
2026-05-02T17:15:28.796+05:30  INFO 3164 --- [order-service] [org.springframework.kafka.KafkaListenerEndpointContainer#1-0-C-1] org.apache.kafka.clients.NetworkClient   : [Consumer clientId=consumer-order-group-2, groupId=order-group] Node 0 disconnected.
2026-05-02T17:15:28.796+05:30  WARN 3164 --- [order-service] [org.springframework.kafka.KafkaListenerEndpointContainer#1-0-C-1] org.apache.kafka.clients.NetworkClient   : [Consumer clientId=consumer-order-group-2, groupId=order-group] Connection to node 0 (NIRANJAN-LAP/192.168.0.5:9092) could not be established. Node may not be available.
2026-05-02T17:15:29.180+05:30  INFO 3164 --- [order-service] [org.springframework.kafka.KafkaListenerEndpointContainer#0-0-C-1] org.apache.kafka.clients.NetworkClient   : [Consumer clientId=consumer-order-group-1, groupId=order-group] Node 0 disconnected.
2026-05-02T17:15:29.180+05:30  WARN 3164 --- [order-service] [org.springframework.kafka.KafkaListenerEndpointContainer#0-0-C-1] org.apache.kafka.clients.NetworkClient   : [Consumer clientId=consumer-order-group-1, groupId=order-group] Connection to node 0 (NIRANJAN-LAP/192.168.0.5:9092) could not be established. Node may not be available.
2026-05-02T17:15:29.340+05:30  INFO 3164 --- [order-service] [kafka-producer-network-thread | order-service-producer-1] org.apache.kafka.clients.NetworkClient   : [Producer clientId=order-service-producer-1] Node 0 disconnected.
2026-05-02T17:15:29.340+05:30  WARN 3164 --- [order-service] [kafka-producer-network-thread | order-service-producer-1] org.apache.kafka.clients.NetworkClient   : [Producer clientId=order-service-producer-1] Connection to node 0 (NIRANJAN-LAP/172.22.64.1:9092) could not be established. Node may not be available.
2026-05-02T17:15:31.856+05:30  INFO 3164 --- [order-service] [org.springframework.kafka.KafkaListenerEndpointContainer#1-0-C-1] org.apache.kafka.clients.NetworkClient   : [Consumer clientId=consumer-order-group-2, groupId=order-group] Node 0 disconnected.
2026-05-02T17:15:31.856+05:30  WARN 3164 --- [order-service] [org.springframework.kafka.KafkaListenerEndpointContainer#1-0-C-1] org.apache.kafka.clients.NetworkClient   : [Consumer clientId=consumer-order-group-2, groupId=order-group] Connection to node 0 (NIRANJAN-LAP/172.22.64.1:9092) could not be established. Node may not be available.
2026-05-02T17:15:31.856+05:30  INFO 3164 --- [order-service] [org.springframework.kafka.KafkaListenerEndpointContainer#1-0-C-1] o.a.kafka.clients.FetchSessionHandler    : [Consumer clientId=consumer-order-group-2, groupId=order-group] Error sending fetch request (sessionId=1203946848, epoch=INITIAL) to node 0:

org.apache.kafka.common.errors.DisconnectException

2026-05-02T17:15:32.256+05:30  INFO 3164 --- [order-service] [org.springframework.kafka.KafkaListenerEndpointContainer#0-0-C-1] org.apache.kafka.clients.NetworkClient   : [Consumer clientId=consumer-order-group-1, groupId=order-group] Node 0 disconnected.
2026-05-02T17:15:32.256+05:30  WARN 3164 --- [order-service] [org.springframework.kafka.KafkaListenerEndpointContainer#0-0-C-1] org.apache.kafka.clients.NetworkClient   : [Consumer clientId=consumer-order-group-1, groupId=order-group] Connection to node 0 (NIRANJAN-LAP/172.22.64.1:9092) could not be established. Node may not be available.
2026-05-02T17:15:32.256+05:30  INFO 3164 --- [order-service] [org.springframework.kafka.KafkaListenerEndpointContainer#0-0-C-1] o.a.kafka.clients.FetchSessionHandler    : [Consumer clientId=consumer-order-group-1, groupId=order-group] Error sending fetch request (sessionId=112088398, epoch=INITIAL) to node 0:

org.apache.kafka.common.errors.DisconnectException

2026-05-02T17:15:32.399+05:30  INFO 3164 --- [order-service] [kafka-producer-network-thread | order-service-producer-1] org.apache.kafka.clients.NetworkClient   : [Producer clientId=order-service-producer-1] Node 0 disconnected.
2026-05-02T17:15:32.399+05:30  WARN 3164 --- [order-service] [kafka-producer-network-thread | order-service-producer-1] org.apache.kafka.clients.NetworkClient   : [Producer clientId=order-service-producer-1] Connection to node 0 (NIRANJAN-LAP/192.168.0.5:9092) could not be established. Node may not be available.
2026-05-02T17:15:34.933+05:30  INFO 3164 --- [order-service] [org.springframework.kafka.KafkaListenerEndpointContainer#1-0-C-1] org.apache.kafka.clients.NetworkClient   : [Consumer clientId=consumer-order-group-2, groupId=order-group] Node 0 disconnected.
2026-05-02T17:15:34.933+05:30  WARN 3164 --- [order-service] [org.springframework.kafka.KafkaListenerEndpointContainer#1-0-C-1] org.apache.kafka.clients.NetworkClient   : [Consumer clientId=consumer-order-group-2, groupId=order-group] Connection to node 0 (NIRANJAN-LAP/192.168.0.5:9092) could not be established. Node may not be available.
2026-05-02T17:15:35.319+05:30  INFO 3164 --- [order-service] [org.springframework.kafka.KafkaListenerEndpointContainer#0-0-C-1] org.apache.kafka.clients.NetworkClient   : [Consumer clientId=consumer-order-group-1, groupId=order-group] Node 0 disconnected.
2026-05-02T17:15:35.319+05:30  WARN 3164 --- [order-service] [org.springframework.kafka.KafkaListenerEndpointContainer#0-0-C-1] org.apache.kafka.clients.NetworkClient   : [Consumer clientId=consumer-order-group-1, groupId=order-group] Connection to node 0 (NIRANJAN-LAP/192.168.0.5:9092) could not be established. Node may not be available.
2026-05-02T17:15:35.462+05:30  INFO 3164 --- [order-service] [kafka-producer-network-thread | order-service-producer-1] org.apache.kafka.clients.NetworkClient   : [Producer clientId=order-service-producer-1] Node 0 disconnected.
2026-05-02T17:15:35.462+05:30  WARN 3164 --- [order-service] [kafka-producer-network-thread | order-service-producer-1] org.apache.kafka.clients.NetworkClient   : [Producer clientId=order-service-producer-1] Connection to node 0 (NIRANJAN-LAP/172.22.64.1:9092) could not be established. Node may not be available.
2026-05-02T17:15:37.995+05:30  INFO 3164 --- [order-service] [org.springframework.kafka.KafkaListenerEndpointContainer#1-0-C-1] org.apache.kafka.clients.NetworkClient   : [Consumer clientId=consumer-order-group-2, groupId=order-group] Node 0 disconnected.
2026-05-02T17:15:37.995+05:30  WARN 3164 --- [order-service] [org.springframework.kafka.KafkaListenerEndpointContainer#1-0-C-1] org.apache.kafka.clients.NetworkClient   : [Consumer clientId=consumer-order-group-2, groupId=order-group] Connection to node 0 (NIRANJAN-LAP/172.22.64.1:9092) could not be established. Node may not be available.
2026-05-02T17:15:37.995+05:30  INFO 3164 --- [order-service] [org.springframework.kafka.KafkaListenerEndpointContainer#1-0-C-1] o.a.kafka.clients.FetchSessionHandler    : [Consumer clientId=consumer-order-group-2, groupId=order-group] Error sending fetch request (sessionId=1203946848, epoch=INITIAL) to node 0:

org.apache.kafka.common.errors.DisconnectException

2026-05-02T17:15:38.235+05:30  INFO 3164 --- [order-service] [org.springframework.kafka.KafkaListenerEndpointContainer#0-0-C-1] org.apache.kafka.clients.NetworkClient   : [Consumer clientId=consumer-order-group-1, groupId=order-group] Node 0 disconnected.
2026-05-02T17:15:38.235+05:30  WARN 3164 --- [order-service] [org.springframework.kafka.KafkaListenerEndpointContainer#0-0-C-1] org.apache.kafka.clients.NetworkClient   : [Consumer clientId=consumer-order-group-1, groupId=order-group] Connection to node 0 (NIRANJAN-LAP/172.22.64.1:9092) could not be established. Node may not be available.
2026-05-02T17:15:38.524+05:30  INFO 3164 --- [order-service] [kafka-producer-network-thread | order-service-producer-1] org.apache.kafka.clients.NetworkClient   : [Producer clientId=order-service-producer-1] Node 0 disconnected.
2026-05-02T17:15:38.524+05:30  WARN 3164 --- [order-service] [kafka-producer-network-thread | order-service-producer-1] org.apache.kafka.clients.NetworkClient   : [Producer clientId=order-service-producer-1] Connection to node 0 (NIRANJAN-LAP/192.168.0.5:9092) could not be established. Node may not be available.
2026-05-02T17:15:41.053+05:30  INFO 3164 --- [order-service] [org.springframework.kafka.KafkaListenerEndpointContainer#1-0-C-1] org.apache.kafka.clients.NetworkClient   : [Consumer clientId=consumer-order-group-2, groupId=order-group] Node 0 disconnected.
2026-05-02T17:15:41.053+05:30  WARN 3164 --- [order-service] [org.springframework.kafka.KafkaListenerEndpointContainer#1-0-C-1] org.apache.kafka.clients.NetworkClient   : [Consumer clientId=consumer-order-group-2, groupId=order-group] Connection to node 0 (NIRANJAN-LAP/192.168.0.5:9092) could not be established. Node may not be available.
2026-05-02T17:15:41.293+05:30  INFO 3164 --- [order-service] [org.springframework.kafka.KafkaListenerEndpointContainer#0-0-C-1] org.apache.kafka.clients.NetworkClient   : [Consumer clientId=consumer-order-group-1, groupId=order-group] Node 0 disconnected.
2026-05-02T17:15:41.293+05:30  WARN 3164 --- [order-service] [org.springframework.kafka.KafkaListenerEndpointContainer#0-0-C-1] org.apache.kafka.clients.NetworkClient   : [Consumer clientId=consumer-order-group-1, groupId=order-group] Connection to node 0 (NIRANJAN-LAP/192.168.0.5:9092) could not be established. Node may not be available.
2026-05-02T17:15:41.293+05:30  INFO 3164 --- [order-service] [org.springframework.kafka.KafkaListenerEndpointContainer#0-0-C-1] o.a.kafka.clients.FetchSessionHandler    : [Consumer clientId=consumer-order-group-1, groupId=order-group] Error sending fetch request (sessionId=112088398, epoch=INITIAL) to node 0:

org.apache.kafka.common.errors.DisconnectException

2026-05-02T17:15:41.585+05:30  INFO 3164 --- [order-service] [kafka-producer-network-thread | order-service-producer-1] org.apache.kafka.clients.NetworkClient   : [Producer clientId=order-service-producer-1] Node 0 disconnected.
2026-05-02T17:15:41.585+05:30  WARN 3164 --- [order-service] [kafka-producer-network-thread | order-service-producer-1] org.apache.kafka.clients.NetworkClient   : [Producer clientId=order-service-producer-1] Connection to node 0 (NIRANJAN-LAP/172.22.64.1:9092) could not be established. Node may not be available.
2026-05-02T17:15:44.020+05:30  INFO 3164 --- [order-service] [org.springframework.kafka.KafkaListenerEndpointContainer#1-0-C-1] org.apache.kafka.clients.NetworkClient   : [Consumer clientId=consumer-order-group-2, groupId=order-group] Node 0 disconnected.
2026-05-02T17:15:44.020+05:30  WARN 3164 --- [order-service] [org.springframework.kafka.KafkaListenerEndpointContainer#1-0-C-1] org.apache.kafka.clients.NetworkClient   : [Consumer clientId=consumer-order-group-2, groupId=order-group] Connection to node 0 (NIRANJAN-LAP/172.22.64.1:9092) could not be established. Node may not be available.
2026-05-02T17:15:44.276+05:30  INFO 3164 --- [order-service] [org.springframework.kafka.KafkaListenerEndpointContainer#0-0-C-1] org.apache.kafka.clients.NetworkClient   : [Consumer clientId=consumer-order-group-1, groupId=order-group] Node 0 disconnected.
2026-05-02T17:15:44.276+05:30  WARN 3164 --- [order-service] [org.springframework.kafka.KafkaListenerEndpointContainer#0-0-C-1] org.apache.kafka.clients.NetworkClient   : [Consumer clientId=consumer-order-group-1, groupId=order-group] Connection to node 0 (NIRANJAN-LAP/172.22.64.1:9092) could not be established. Node may not be available.
2026-05-02T17:15:44.646+05:30  INFO 3164 --- [order-service] [kafka-producer-network-thread | order-service-producer-1] org.apache.kafka.clients.NetworkClient   : [Producer clientId=order-service-producer-1] Node 0 disconnected.
2026-05-02T17:15:44.646+05:30  WARN 3164 --- [order-service] [kafka-producer-network-thread | order-service-producer-1] org.apache.kafka.clients.NetworkClient   : [Producer clientId=order-service-producer-1] Connection to node 0 (NIRANJAN-LAP/192.168.0.5:9092) could not be established. Node may not be available.
2026-05-02T17:15:47.053+05:30  INFO 3164 --- [order-service] [org.springframework.kafka.KafkaListenerEndpointContainer#1-0-C-1] org.apache.kafka.clients.NetworkClient   : [Consumer clientId=consumer-order-group-2, groupId=order-group] Node 0 disconnected.
2026-05-02T17:15:47.053+05:30  WARN 3164 --- [order-service] [org.springframework.kafka.KafkaListenerEndpointContainer#1-0-C-1] org.apache.kafka.clients.NetworkClient   : [Consumer clientId=consumer-order-group-2, groupId=order-group] Connection to node 0 (NIRANJAN-LAP/192.168.0.5:9092) could not be established. Node may not be available.
2026-05-02T17:15:47.053+05:30  INFO 3164 --- [order-service] [org.springframework.kafka.KafkaListenerEndpointContainer#1-0-C-1] o.a.kafka.clients.FetchSessionHandler    : [Consumer clientId=consumer-order-group-2, groupId=order-group] Error sending fetch request (sessionId=1203946848, epoch=INITIAL) to node 0:

org.apache.kafka.common.errors.DisconnectException

2026-05-02T17:15:47.358+05:30  INFO 3164 --- [order-service] [org.springframework.kafka.KafkaListenerEndpointContainer#0-0-C-1] org.apache.kafka.clients.NetworkClient   : [Consumer clientId=consumer-order-group-1, groupId=order-group] Node 0 disconnected.
2026-05-02T17:15:47.358+05:30  WARN 3164 --- [order-service] [org.springframework.kafka.KafkaListenerEndpointContainer#0-0-C-1] org.apache.kafka.clients.NetworkClient   : [Consumer clientId=consumer-order-group-1, groupId=order-group] Connection to node 0 (NIRANJAN-LAP/192.168.0.5:9092) could not be established. Node may not be available.
2026-05-02T17:15:47.358+05:30  INFO 3164 --- [order-service] [org.springframework.kafka.KafkaListenerEndpointContainer#0-0-C-1] o.a.kafka.clients.FetchSessionHandler    : [Consumer clientId=consumer-order-group-1, groupId=order-group] Error sending fetch request (sessionId=112088398, epoch=INITIAL) to node 0:

org.apache.kafka.common.errors.DisconnectException

2026-05-02T17:15:47.706+05:30  INFO 3164 --- [order-service] [kafka-producer-network-thread | order-service-producer-1] org.apache.kafka.clients.NetworkClient   : [Producer clientId=order-service-producer-1] Node 0 disconnected.
2026-05-02T17:15:47.706+05:30  WARN 3164 --- [order-service] [kafka-producer-network-thread | order-service-producer-1] org.apache.kafka.clients.NetworkClient   : [Producer clientId=order-service-producer-1] Connection to node 0 (NIRANJAN-LAP/172.22.64.1:9092) could not be established. Node may not be available.
2026-05-02T17:15:50.104+05:30  INFO 3164 --- [order-service] [org.springframework.kafka.KafkaListenerEndpointContainer#1-0-C-1] org.apache.kafka.clients.NetworkClient   : [Consumer clientId=consumer-order-group-2, groupId=order-group] Node 0 disconnected.
2026-05-02T17:15:50.104+05:30  WARN 3164 --- [order-service] [org.springframework.kafka.KafkaListenerEndpointContainer#1-0-C-1] org.apache.kafka.clients.NetworkClient   : [Consumer clientId=consumer-order-group-2, groupId=order-group] Connection to node 0 (NIRANJAN-LAP/172.22.64.1:9092) could not be established. Node may not be available.
2026-05-02T17:15:50.408+05:30  INFO 3164 --- [order-service] [org.springframework.kafka.KafkaListenerEndpointContainer#0-0-C-1] org.apache.kafka.clients.NetworkClient   : [Consumer clientId=consumer-order-group-1, groupId=order-group] Node 0 disconnected.
2026-05-02T17:15:50.408+05:30  WARN 3164 --- [order-service] [org.springframework.kafka.KafkaListenerEndpointContainer#0-0-C-1] org.apache.kafka.clients.NetworkClient   : [Consumer clientId=consumer-order-group-1, groupId=order-group] Connection to node 0 (NIRANJAN-LAP/172.22.64.1:9092) could not be established. Node may not be available.
2026-05-02T17:15:50.760+05:30  INFO 3164 --- [order-service] [kafka-producer-network-thread | order-service-producer-1] org.apache.kafka.clients.NetworkClient   : [Producer clientId=order-service-producer-1] Node 0 disconnected.
2026-05-02T17:15:50.760+05:30  WARN 3164 --- [order-service] [kafka-producer-network-thread | order-service-producer-1] org.apache.kafka.clients.NetworkClient   : [Producer clientId=order-service-producer-1] Connection to node 0 (NIRANJAN-LAP/192.168.0.5:9092) could not be established. Node may not be available.
2026-05-02T17:15:53.098+05:30  INFO 3164 --- [order-service] [org.springframework.kafka.KafkaListenerEndpointContainer#1-0-C-1] org.apache.kafka.clients.NetworkClient   : [Consumer clientId=consumer-order-group-2, groupId=order-group] Node 0 disconnected.
2026-05-02T17:15:53.098+05:30  WARN 3164 --- [order-service] [org.springframework.kafka.KafkaListenerEndpointContainer#1-0-C-1] org.apache.kafka.clients.NetworkClient   : [Consumer clientId=consumer-order-group-2, groupId=order-group] Connection to node 0 (NIRANJAN-LAP/192.168.0.5:9092) could not be established. Node may not be available.
2026-05-02T17:15:53.098+05:30  INFO 3164 --- [order-service] [org.springframework.kafka.KafkaListenerEndpointContainer#1-0-C-1] o.a.kafka.clients.FetchSessionHandler    : [Consumer clientId=consumer-order-group-2, groupId=order-group] Error sending fetch request (sessionId=1203946848, epoch=INITIAL) to node 0:

org.apache.kafka.common.errors.DisconnectException

2026-05-02T17:15:53.467+05:30  INFO 3164 --- [order-service] [org.springframework.kafka.KafkaListenerEndpointContainer#0-0-C-1] org.apache.kafka.clients.NetworkClient   : [Consumer clientId=consumer-order-group-1, groupId=order-group] Node 0 disconnected.
2026-05-02T17:15:53.469+05:30  WARN 3164 --- [order-service] [org.springframework.kafka.KafkaListenerEndpointContainer#0-0-C-1] org.apache.kafka.clients.NetworkClient   : [Consumer clientId=consumer-order-group-1, groupId=order-group] Connection to node 0 (NIRANJAN-LAP/192.168.0.5:9092) could not be established. Node may not be available.
2026-05-02T17:15:53.821+05:30  INFO 3164 --- [order-service] [kafka-producer-network-thread | order-service-producer-1] org.apache.kafka.clients.NetworkClient   : [Producer clientId=order-service-producer-1] Node 0 disconnected.
2026-05-02T17:15:53.821+05:30  WARN 3164 --- [order-service] [kafka-producer-network-thread | order-service-producer-1] org.apache.kafka.clients.NetworkClient   : [Producer clientId=order-service-producer-1] Connection to node 0 (NIRANJAN-LAP/172.22.64.1:9092) could not be established. Node may not be available.
2026-05-02T17:15:56.162+05:30  INFO 3164 --- [order-service] [org.springframework.kafka.KafkaListenerEndpointContainer#1-0-C-1] org.apache.kafka.clients.NetworkClient   : [Consumer clientId=consumer-order-group-2, groupId=order-group] Node 0 disconnected.
2026-05-02T17:15:56.162+05:30  WARN 3164 --- [order-service] [org.springframework.kafka.KafkaListenerEndpointContainer#1-0-C-1] org.apache.kafka.clients.NetworkClient   : [Consumer clientId=consumer-order-group-2, groupId=order-group] Connection to node 0 (NIRANJAN-LAP/172.22.64.1:9092) could not be established. Node may not be available.
2026-05-02T17:15:56.162+05:30  INFO 3164 --- [order-service] [org.springframework.kafka.KafkaListenerEndpointContainer#1-0-C-1] o.a.kafka.clients.FetchSessionHandler    : [Consumer clientId=consumer-order-group-2, groupId=order-group] Error sending fetch request (sessionId=1203946848, epoch=INITIAL) to node 0:

org.apache.kafka.common.errors.DisconnectException

2026-05-02T17:15:56.575+05:30  INFO 3164 --- [order-service] [org.springframework.kafka.KafkaListenerEndpointContainer#0-0-C-1] org.apache.kafka.clients.NetworkClient   : [Consumer clientId=consumer-order-group-1, groupId=order-group] Node 0 disconnected.
2026-05-02T17:15:56.577+05:30  WARN 3164 --- [order-service] [org.springframework.kafka.KafkaListenerEndpointContainer#0-0-C-1] org.apache.kafka.clients.NetworkClient   : [Consumer clientId=consumer-order-group-1, groupId=order-group] Connection to node 0 (NIRANJAN-LAP/172.22.64.1:9092) could not be established. Node may not be available.
2026-05-02T17:15:56.577+05:30  INFO 3164 --- [order-service] [org.springframework.kafka.KafkaListenerEndpointContainer#0-0-C-1] o.a.kafka.clients.FetchSessionHandler    : [Consumer clientId=consumer-order-group-1, groupId=order-group] Error sending fetch request (sessionId=112088398, epoch=INITIAL) to node 0:

org.apache.kafka.common.errors.DisconnectException

2026-05-02T17:15:56.881+05:30  INFO 3164 --- [order-service] [kafka-producer-network-thread | order-service-producer-1] org.apache.kafka.clients.NetworkClient   : [Producer clientId=order-service-producer-1] Node 0 disconnected.
2026-05-02T17:15:56.881+05:30  WARN 3164 --- [order-service] [kafka-producer-network-thread | order-service-producer-1] org.apache.kafka.clients.NetworkClient   : [Producer clientId=order-service-producer-1] Connection to node 0 (NIRANJAN-LAP/192.168.0.5:9092) could not be established. Node may not be available.
2026-05-02T17:15:59.085+05:30  INFO 3164 --- [order-service] [org.springframework.kafka.KafkaListenerEndpointContainer#1-0-C-1] org.apache.kafka.clients.NetworkClient   : [Consumer clientId=consumer-order-group-2, groupId=order-group] Node 0 disconnected.
2026-05-02T17:15:59.085+05:30  WARN 3164 --- [order-service] [org.springframework.kafka.KafkaListenerEndpointContainer#1-0-C-1] org.apache.kafka.clients.NetworkClient   : [Consumer clientId=consumer-order-group-2, groupId=order-group] Connection to node 0 (NIRANJAN-LAP/192.168.0.5:9092) could not be established. Node may not be available.
2026-05-02T17:15:59.503+05:30  INFO 3164 --- [order-service] [org.springframework.kafka.KafkaListenerEndpointContainer#0-0-C-1] org.apache.kafka.clients.NetworkClient   : [Consumer clientId=consumer-order-group-1, groupId=order-group] Node 0 disconnected.
2026-05-02T17:15:59.503+05:30  WARN 3164 --- [order-service] [org.springframework.kafka.KafkaListenerEndpointContainer#0-0-C-1] org.apache.kafka.clients.NetworkClient   : [Consumer clientId=consumer-order-group-1, groupId=order-group] Connection to node 0 (NIRANJAN-LAP/192.168.0.5:9092) could not be established. Node may not be available.
2026-05-02T17:15:59.932+05:30  INFO 3164 --- [order-service] [kafka-producer-network-thread | order-service-producer-1] org.apache.kafka.clients.NetworkClient   : [Producer clientId=order-service-producer-1] Node 0 disconnected.
2026-05-02T17:15:59.932+05:30  WARN 3164 --- [order-service] [kafka-producer-network-thread | order-service-producer-1] org.apache.kafka.clients.NetworkClient   : [Producer clientId=order-service-producer-1] Connection to node 0 (NIRANJAN-LAP/172.22.64.1:9092) could not be established. Node may not be available.
2026-05-02T17:16:02.143+05:30  INFO 3164 --- [order-service] [org.springframework.kafka.KafkaListenerEndpointContainer#1-0-C-1] org.apache.kafka.clients.NetworkClient   : [Consumer clientId=consumer-order-group-2, groupId=order-group] Node 0 disconnected.
2026-05-02T17:16:02.143+05:30  WARN 3164 --- [order-service] [org.springframework.kafka.KafkaListenerEndpointContainer#1-0-C-1] org.apache.kafka.clients.NetworkClient   : [Consumer clientId=consumer-order-group-2, groupId=order-group] Connection to node 0 (NIRANJAN-LAP/172.22.64.1:9092) could not be established. Node may not be available.
2026-05-02T17:16:02.143+05:30  INFO 3164 --- [order-service] [org.springframework.kafka.KafkaListenerEndpointContainer#1-0-C-1] o.a.kafka.clients.FetchSessionHandler    : [Consumer clientId=consumer-order-group-2, groupId=order-group] Error sending fetch request (sessionId=1203946848, epoch=INITIAL) to node 0:

org.apache.kafka.common.errors.DisconnectException

2026-05-02T17:16:02.560+05:30  INFO 3164 --- [order-service] [org.springframework.kafka.KafkaListenerEndpointContainer#0-0-C-1] org.apache.kafka.clients.NetworkClient   : [Consumer clientId=consumer-order-group-1, groupId=order-group] Node 0 disconnected.
2026-05-02T17:16:02.560+05:30  WARN 3164 --- [order-service] [org.springframework.kafka.KafkaListenerEndpointContainer#0-0-C-1] org.apache.kafka.clients.NetworkClient   : [Consumer clientId=consumer-order-group-1, groupId=order-group] Connection to node 0 (NIRANJAN-LAP/172.22.64.1:9092) could not be established. Node may not be available.
2026-05-02T17:16:02.560+05:30  INFO 3164 --- [order-service] [org.springframework.kafka.KafkaListenerEndpointContainer#0-0-C-1] o.a.kafka.clients.FetchSessionHandler    : [Consumer clientId=consumer-order-group-1, groupId=order-group] Error sending fetch request (sessionId=112088398, epoch=INITIAL) to node 0:

org.apache.kafka.common.errors.DisconnectException

2026-05-02T17:16:02.994+05:30  INFO 3164 --- [order-service] [kafka-producer-network-thread | order-service-producer-1] org.apache.kafka.clients.NetworkClient   : [Producer clientId=order-service-producer-1] Node 0 disconnected.
2026-05-02T17:16:02.994+05:30  WARN 3164 --- [order-service] [kafka-producer-network-thread | order-service-producer-1] org.apache.kafka.clients.NetworkClient   : [Producer clientId=order-service-producer-1] Connection to node 0 (NIRANJAN-LAP/192.168.0.5:9092) could not be established. Node may not be available.
2026-05-02T17:16:05.221+05:30  INFO 3164 --- [order-service] [org.springframework.kafka.KafkaListenerEndpointContainer#1-0-C-1] org.apache.kafka.clients.NetworkClient   : [Consumer clientId=consumer-order-group-2, groupId=order-group] Node 0 disconnected.
2026-05-02T17:16:05.221+05:30  WARN 3164 --- [order-service] [org.springframework.kafka.KafkaListenerEndpointContainer#1-0-C-1] org.apache.kafka.clients.NetworkClient   : [Consumer clientId=consumer-order-group-2, groupId=order-group] Connection to node 0 (NIRANJAN-LAP/192.168.0.5:9092) could not be established. Node may not be available.
2026-05-02T17:16:05.652+05:30  INFO 3164 --- [order-service] [org.springframework.kafka.KafkaListenerEndpointContainer#0-0-C-1] org.apache.kafka.clients.NetworkClient   : [Consumer clientId=consumer-order-group-1, groupId=order-group] Node 0 disconnected.
2026-05-02T17:16:05.652+05:30  WARN 3164 --- [order-service] [org.springframework.kafka.KafkaListenerEndpointContainer#0-0-C-1] org.apache.kafka.clients.NetworkClient   : [Consumer clientId=consumer-order-group-1, groupId=order-group] Connection to node 0 (NIRANJAN-LAP/192.168.0.5:9092) could not be established. Node may not be available.
2026-05-02T17:16:06.082+05:30  INFO 3164 --- [order-service] [kafka-producer-network-thread | order-service-producer-1] org.apache.kafka.clients.NetworkClient   : [Producer clientId=order-service-producer-1] Node 0 disconnected.
2026-05-02T17:16:06.082+05:30  WARN 3164 --- [order-service] [kafka-producer-network-thread | order-service-producer-1] org.apache.kafka.clients.NetworkClient   : [Producer clientId=order-service-producer-1] Connection to node 0 (NIRANJAN-LAP/172.22.64.1:9092) could not be established. Node may not be available.
2026-05-02T17:16:08.089+05:30  INFO 3164 --- [order-service] [org.springframework.kafka.KafkaListenerEndpointContainer#1-0-C-1] org.apache.kafka.clients.NetworkClient   : [Consumer clientId=consumer-order-group-2, groupId=order-group] Node 0 disconnected.
2026-05-02T17:16:08.089+05:30  WARN 3164 --- [order-service] [org.springframework.kafka.KafkaListenerEndpointContainer#1-0-C-1] org.apache.kafka.clients.NetworkClient   : [Consumer clientId=consumer-order-group-2, groupId=order-group] Connection to node 0 (NIRANJAN-LAP/172.22.64.1:9092) could not be established. Node may not be available.
2026-05-02T17:16:08.089+05:30  INFO 3164 --- [order-service] [org.springframework.kafka.KafkaListenerEndpointContainer#1-0-C-1] o.a.kafka.clients.FetchSessionHandler    : [Consumer clientId=consumer-order-group-2, groupId=order-group] Error sending fetch request (sessionId=1203946848, epoch=INITIAL) to node 0:

org.apache.kafka.common.errors.DisconnectException

2026-05-02T17:16:08.694+05:30  INFO 3164 --- [order-service] [org.springframework.kafka.KafkaListenerEndpointContainer#0-0-C-1] org.apache.kafka.clients.NetworkClient   : [Consumer clientId=consumer-order-group-1, groupId=order-group] Node 0 disconnected.
2026-05-02T17:16:08.694+05:30  WARN 3164 --- [order-service] [org.springframework.kafka.KafkaListenerEndpointContainer#0-0-C-1] org.apache.kafka.clients.NetworkClient   : [Consumer clientId=consumer-order-group-1, groupId=order-group] Connection to node 0 (NIRANJAN-LAP/172.22.64.1:9092) could not be established. Node may not be available.
2026-05-02T17:16:08.950+05:30  INFO 3164 --- [order-service] [kafka-producer-network-thread | order-service-producer-1] org.apache.kafka.clients.NetworkClient   : [Producer clientId=order-service-producer-1] Node 0 disconnected.
2026-05-02T17:16:08.950+05:30  WARN 3164 --- [order-service] [kafka-producer-network-thread | order-service-producer-1] org.apache.kafka.clients.NetworkClient   : [Producer clientId=order-service-producer-1] Connection to node 0 (NIRANJAN-LAP/192.168.0.5:9092) could not be established. Node may not be available.
2026-05-02T17:16:11.134+05:30  INFO 3164 --- [order-service] [org.springframework.kafka.KafkaListenerEndpointContainer#1-0-C-1] org.apache.kafka.clients.NetworkClient   : [Consumer clientId=consumer-order-group-2, groupId=order-group] Node 0 disconnected.
2026-05-02T17:16:11.134+05:30  WARN 3164 --- [order-service] [org.springframework.kafka.KafkaListenerEndpointContainer#1-0-C-1] org.apache.kafka.clients.NetworkClient   : [Consumer clientId=consumer-order-group-2, groupId=order-group] Connection to node 0 (NIRANJAN-LAP/192.168.0.5:9092) could not be established. Node may not be available.
2026-05-02T17:16:11.690+05:30  INFO 3164 --- [order-service] [org.springframework.kafka.KafkaListenerEndpointContainer#0-0-C-1] org.apache.kafka.clients.NetworkClient   : [Consumer clientId=consumer-order-group-1, groupId=order-group] Node 0 disconnected.
2026-05-02T17:16:11.690+05:30  WARN 3164 --- [order-service] [org.springframework.kafka.KafkaListenerEndpointContainer#0-0-C-1] org.apache.kafka.clients.NetworkClient   : [Consumer clientId=consumer-order-group-1, groupId=order-group] Connection to node 0 (NIRANJAN-LAP/192.168.0.5:9092) could not be established. Node may not be available.
2026-05-02T17:16:11.690+05:30  INFO 3164 --- [order-service] [org.springframework.kafka.KafkaListenerEndpointContainer#0-0-C-1] o.a.kafka.clients.FetchSessionHandler    : [Consumer clientId=consumer-order-group-1, groupId=order-group] Error sending fetch request (sessionId=112088398, epoch=INITIAL) to node 0:

org.apache.kafka.common.errors.DisconnectException

2026-05-02T17:16:11.945+05:30  INFO 3164 --- [order-service] [kafka-producer-network-thread | order-service-producer-1] org.apache.kafka.clients.NetworkClient   : [Producer clientId=order-service-producer-1] Node 0 disconnected.
2026-05-02T17:16:11.945+05:30  WARN 3164 --- [order-service] [kafka-producer-network-thread | order-service-producer-1] org.apache.kafka.clients.NetworkClient   : [Producer clientId=order-service-producer-1] Connection to node 0 (NIRANJAN-LAP/172.22.64.1:9092) could not be established. Node may not be available.
2026-05-02T17:16:14.198+05:30  INFO 3164 --- [order-service] [org.springframework.kafka.KafkaListenerEndpointContainer#1-0-C-1] org.apache.kafka.clients.NetworkClient   : [Consumer clientId=consumer-order-group-2, groupId=order-group] Node 0 disconnected.
2026-05-02T17:16:14.200+05:30  WARN 3164 --- [order-service] [org.springframework.kafka.KafkaListenerEndpointContainer#1-0-C-1] org.apache.kafka.clients.NetworkClient   : [Consumer clientId=consumer-order-group-2, groupId=order-group] Connection to node 0 (NIRANJAN-LAP/172.22.64.1:9092) could not be established. Node may not be available.
2026-05-02T17:16:14.630+05:30  INFO 3164 --- [order-service] [org.springframework.kafka.KafkaListenerEndpointContainer#0-0-C-1] org.apache.kafka.clients.NetworkClient   : [Consumer clientId=consumer-order-group-1, groupId=order-group] Node 0 disconnected.
2026-05-02T17:16:14.630+05:30  WARN 3164 --- [order-service] [org.springframework.kafka.KafkaListenerEndpointContainer#0-0-C-1] org.apache.kafka.clients.NetworkClient   : [Consumer clientId=consumer-order-group-1, groupId=order-group] Connection to node 0 (NIRANJAN-LAP/172.22.64.1:9092) could not be established. Node may not be available.
2026-05-02T17:16:14.998+05:30  INFO 3164 --- [order-service] [kafka-producer-network-thread | order-service-producer-1] org.apache.kafka.clients.NetworkClient   : [Producer clientId=order-service-producer-1] Node 0 disconnected.
2026-05-02T17:16:14.998+05:30  WARN 3164 --- [order-service] [kafka-producer-network-thread | order-service-producer-1] org.apache.kafka.clients.NetworkClient   : [Producer clientId=order-service-producer-1] Connection to node 0 (NIRANJAN-LAP/192.168.0.5:9092) could not be established. Node may not be available.
2026-05-02T17:16:17.270+05:30  INFO 3164 --- [order-service] [org.springframework.kafka.KafkaListenerEndpointContainer#1-0-C-1] org.apache.kafka.clients.NetworkClient   : [Consumer clientId=consumer-order-group-2, groupId=order-group] Node 0 disconnected.
2026-05-02T17:16:17.270+05:30  WARN 3164 --- [order-service] [org.springframework.kafka.KafkaListenerEndpointContainer#1-0-C-1] org.apache.kafka.clients.NetworkClient   : [Consumer clientId=consumer-order-group-2, groupId=order-group] Connection to node 0 (NIRANJAN-LAP/192.168.0.5:9092) could not be established. Node may not be available.
2026-05-02T17:16:17.270+05:30  INFO 3164 --- [order-service] [org.springframework.kafka.KafkaListenerEndpointContainer#1-0-C-1] o.a.kafka.clients.FetchSessionHandler    : [Consumer clientId=consumer-order-group-2, groupId=order-group] Error sending fetch request (sessionId=1203946848, epoch=INITIAL) to node 0:

org.apache.kafka.common.errors.DisconnectException

2026-05-02T17:16:17.680+05:30  INFO 3164 --- [order-service] [org.springframework.kafka.KafkaListenerEndpointContainer#0-0-C-1] org.apache.kafka.clients.NetworkClient   : [Consumer clientId=consumer-order-group-1, groupId=order-group] Node 0 disconnected.
2026-05-02T17:16:17.681+05:30  WARN 3164 --- [order-service] [org.springframework.kafka.KafkaListenerEndpointContainer#0-0-C-1] org.apache.kafka.clients.NetworkClient   : [Consumer clientId=consumer-order-group-1, groupId=order-group] Connection to node 0 (NIRANJAN-LAP/192.168.0.5:9092) could not be established. Node may not be available.
2026-05-02T17:16:17.681+05:30  INFO 3164 --- [order-service] [org.springframework.kafka.KafkaListenerEndpointContainer#0-0-C-1] o.a.kafka.clients.FetchSessionHandler    : [Consumer clientId=consumer-order-group-1, groupId=order-group] Error sending fetch request (sessionId=112088398, epoch=INITIAL) to node 0:

org.apache.kafka.common.errors.DisconnectException

2026-05-02T17:16:17.861+05:30  INFO 3164 --- [order-service] [kafka-producer-network-thread | order-service-producer-1] org.apache.kafka.clients.NetworkClient   : [Producer clientId=order-service-producer-1] Node 0 disconnected.
2026-05-02T17:16:17.861+05:30  WARN 3164 --- [order-service] [kafka-producer-network-thread | order-service-producer-1] org.apache.kafka.clients.NetworkClient   : [Producer clientId=order-service-producer-1] Connection to node 0 (NIRANJAN-LAP/172.22.64.1:9092) could not be established. Node may not be available.
2026-05-02T17:16:20.305+05:30  INFO 3164 --- [order-service] [org.springframework.kafka.KafkaListenerEndpointContainer#1-0-C-1] org.apache.kafka.clients.NetworkClient   : [Consumer clientId=consumer-order-group-2, groupId=order-group] Node 0 disconnected.
2026-05-02T17:16:20.305+05:30  WARN 3164 --- [order-service] [org.springframework.kafka.KafkaListenerEndpointContainer#1-0-C-1] org.apache.kafka.clients.NetworkClient   : [Consumer clientId=consumer-order-group-2, groupId=order-group] Connection to node 0 (NIRANJAN-LAP/172.22.64.1:9092) could not be established. Node may not be available.
2026-05-02T17:16:20.736+05:30  INFO 3164 --- [order-service] [org.springframework.kafka.KafkaListenerEndpointContainer#0-0-C-1] org.apache.kafka.clients.NetworkClient   : [Consumer clientId=consumer-order-group-1, groupId=order-group] Node 0 disconnected.
2026-05-02T17:16:20.736+05:30  WARN 3164 --- [order-service] [org.springframework.kafka.KafkaListenerEndpointContainer#0-0-C-1] org.apache.kafka.clients.NetworkClient   : [Consumer clientId=consumer-order-group-1, groupId=order-group] Connection to node 0 (NIRANJAN-LAP/172.22.64.1:9092) could not be established. Node may not be available.
2026-05-02T17:16:20.752+05:30  INFO 3164 --- [order-service] [kafka-producer-network-thread | order-service-producer-1] org.apache.kafka.clients.NetworkClient   : [Producer clientId=order-service-producer-1] Node 0 disconnected.
2026-05-02T17:16:20.752+05:30  WARN 3164 --- [order-service] [kafka-producer-network-thread | order-service-producer-1] org.apache.kafka.clients.NetworkClient   : [Producer clientId=order-service-producer-1] Connection to node 0 (NIRANJAN-LAP/192.168.0.5:9092) could not be established. Node may not be available.
2026-05-02T17:16:23.292+05:30  INFO 3164 --- [order-service] [org.springframework.kafka.KafkaListenerEndpointContainer#1-0-C-1] org.apache.kafka.clients.NetworkClient   : [Consumer clientId=consumer-order-group-2, groupId=order-group] Node 0 disconnected.
2026-05-02T17:16:23.292+05:30  WARN 3164 --- [order-service] [org.springframework.kafka.KafkaListenerEndpointContainer#1-0-C-1] org.apache.kafka.clients.NetworkClient   : [Consumer clientId=consumer-order-group-2, groupId=order-group] Connection to node 0 (NIRANJAN-LAP/192.168.0.5:9092) could not be established. Node may not be available.
2026-05-02T17:16:23.764+05:30  INFO 3164 --- [order-service] [kafka-producer-network-thread | order-service-producer-1] org.apache.kafka.clients.NetworkClient   : [Producer clientId=order-service-producer-1] Node 0 disconnected.
2026-05-02T17:16:23.764+05:30  INFO 3164 --- [order-service] [org.springframework.kafka.KafkaListenerEndpointContainer#0-0-C-1] org.apache.kafka.clients.NetworkClient   : [Consumer clientId=consumer-order-group-1, groupId=order-group] Node 0 disconnected.
2026-05-02T17:16:23.764+05:30  WARN 3164 --- [order-service] [kafka-producer-network-thread | order-service-producer-1] org.apache.kafka.clients.NetworkClient   : [Producer clientId=order-service-producer-1] Connection to node 0 (NIRANJAN-LAP/172.22.64.1:9092) could not be established. Node may not be available.
2026-05-02T17:16:23.764+05:30  WARN 3164 --- [order-service] [org.springframework.kafka.KafkaListenerEndpointContainer#0-0-C-1] org.apache.kafka.clients.NetworkClient   : [Consumer clientId=consumer-order-group-1, groupId=order-group] Connection to node 0 (NIRANJAN-LAP/192.168.0.5:9092) could not be established. Node may not be available.
2026-05-02T17:16:26.277+05:30  INFO 3164 --- [order-service] [org.springframework.kafka.KafkaListenerEndpointContainer#1-0-C-1] org.apache.kafka.clients.NetworkClient   : [Consumer clientId=consumer-order-group-2, groupId=order-group] Node 0 disconnected.
2026-05-02T17:16:26.277+05:30  WARN 3164 --- [order-service] [org.springframework.kafka.KafkaListenerEndpointContainer#1-0-C-1] org.apache.kafka.clients.NetworkClient   : [Consumer clientId=consumer-order-group-2, groupId=order-group] Connection to node 0 (NIRANJAN-LAP/172.22.64.1:9092) could not be established. Node may not be available.
2026-05-02T17:16:26.277+05:30  INFO 3164 --- [order-service] [org.springframework.kafka.KafkaListenerEndpointContainer#1-0-C-1] o.a.kafka.clients.FetchSessionHandler    : [Consumer clientId=consumer-order-group-2, groupId=order-group] Error sending fetch request (sessionId=1203946848, epoch=INITIAL) to node 0:

org.apache.kafka.common.errors.DisconnectException

2026-05-02T17:16:26.707+05:30  INFO 3164 --- [order-service] [org.springframework.kafka.KafkaListenerEndpointContainer#0-0-C-1] org.apache.kafka.clients.NetworkClient   : [Consumer clientId=consumer-order-group-1, groupId=order-group] Node 0 disconnected.
2026-05-02T17:16:26.707+05:30  WARN 3164 --- [order-service] [org.springframework.kafka.KafkaListenerEndpointContainer#0-0-C-1] org.apache.kafka.clients.NetworkClient   : [Consumer clientId=consumer-order-group-1, groupId=order-group] Connection to node 0 (NIRANJAN-LAP/172.22.64.1:9092) could not be established. Node may not be available.
2026-05-02T17:16:26.707+05:30  INFO 3164 --- [order-service] [org.springframework.kafka.KafkaListenerEndpointContainer#0-0-C-1] o.a.kafka.clients.FetchSessionHandler    : [Consumer clientId=consumer-order-group-1, groupId=order-group] Error sending fetch request (sessionId=112088398, epoch=INITIAL) to node 0:

org.apache.kafka.common.errors.DisconnectException

2026-05-02T17:16:26.819+05:30  INFO 3164 --- [order-service] [kafka-producer-network-thread | order-service-producer-1] org.apache.kafka.clients.NetworkClient   : [Producer clientId=order-service-producer-1] Node 0 disconnected.
2026-05-02T17:16:26.819+05:30  WARN 3164 --- [order-service] [kafka-producer-network-thread | order-service-producer-1] org.apache.kafka.clients.NetworkClient   : [Producer clientId=order-service-producer-1] Connection to node 0 (NIRANJAN-LAP/192.168.0.5:9092) could not be established. Node may not be available.
2026-05-02T17:16:29.340+05:30  INFO 3164 --- [order-service] [org.springframework.kafka.KafkaListenerEndpointContainer#1-0-C-1] org.apache.kafka.clients.NetworkClient   : [Consumer clientId=consumer-order-group-2, groupId=order-group] Node 0 disconnected.
2026-05-02T17:16:29.340+05:30  WARN 3164 --- [order-service] [org.springframework.kafka.KafkaListenerEndpointContainer#1-0-C-1] org.apache.kafka.clients.NetworkClient   : [Consumer clientId=consumer-order-group-2, groupId=order-group] Connection to node 0 (NIRANJAN-LAP/192.168.0.5:9092) could not be established. Node may not be available.
2026-05-02T17:16:29.607+05:30  INFO 3164 --- [order-service] [org.springframework.kafka.KafkaListenerEndpointContainer#0-0-C-1] org.apache.kafka.clients.NetworkClient   : [Consumer clientId=consumer-order-group-1, groupId=order-group] Node 0 disconnected.
2026-05-02T17:16:29.608+05:30  WARN 3164 --- [order-service] [org.springframework.kafka.KafkaListenerEndpointContainer#0-0-C-1] org.apache.kafka.clients.NetworkClient   : [Consumer clientId=consumer-order-group-1, groupId=order-group] Connection to node 0 (NIRANJAN-LAP/192.168.0.5:9092) could not be established. Node may not be available.
2026-05-02T17:16:29.826+05:30  INFO 3164 --- [order-service] [kafka-producer-network-thread | order-service-producer-1] org.apache.kafka.clients.NetworkClient   : [Producer clientId=order-service-producer-1] Node 0 disconnected.
2026-05-02T17:16:29.827+05:30  WARN 3164 --- [order-service] [kafka-producer-network-thread | order-service-producer-1] org.apache.kafka.clients.NetworkClient   : [Producer clientId=order-service-producer-1] Connection to node 0 (NIRANJAN-LAP/172.22.64.1:9092) could not be established. Node may not be available.
2026-05-02T17:16:32.373+05:30  INFO 3164 --- [order-service] [org.springframework.kafka.KafkaListenerEndpointContainer#1-0-C-1] org.apache.kafka.clients.NetworkClient   : [Consumer clientId=consumer-order-group-2, groupId=order-group] Node 0 disconnected.
2026-05-02T17:16:32.374+05:30  WARN 3164 --- [order-service] [org.springframework.kafka.KafkaListenerEndpointContainer#1-0-C-1] org.apache.kafka.clients.NetworkClient   : [Consumer clientId=consumer-order-group-2, groupId=order-group] Connection to node 0 (NIRANJAN-LAP/172.22.64.1:9092) could not be established. Node may not be available.
2026-05-02T17:16:32.374+05:30  INFO 3164 --- [order-service] [org.springframework.kafka.KafkaListenerEndpointContainer#1-0-C-1] o.a.kafka.clients.FetchSessionHandler    : [Consumer clientId=consumer-order-group-2, groupId=order-group] Error sending fetch request (sessionId=1203946848, epoch=INITIAL) to node 0:

org.apache.kafka.common.errors.DisconnectException

2026-05-02T17:16:32.642+05:30  INFO 3164 --- [order-service] [org.springframework.kafka.KafkaListenerEndpointContainer#0-0-C-1] org.apache.kafka.clients.NetworkClient   : [Consumer clientId=consumer-order-group-1, groupId=order-group] Node 0 disconnected.
2026-05-02T17:16:32.642+05:30  WARN 3164 --- [order-service] [org.springframework.kafka.KafkaListenerEndpointContainer#0-0-C-1] org.apache.kafka.clients.NetworkClient   : [Consumer clientId=consumer-order-group-1, groupId=order-group] Connection to node 0 (NIRANJAN-LAP/172.22.64.1:9092) could not be established. Node may not be available.
2026-05-02T17:16:32.642+05:30  INFO 3164 --- [order-service] [org.springframework.kafka.KafkaListenerEndpointContainer#0-0-C-1] o.a.kafka.clients.FetchSessionHandler    : [Consumer clientId=consumer-order-group-1, groupId=order-group] Error sending fetch request (sessionId=112088398, epoch=INITIAL) to node 0:

org.apache.kafka.common.errors.DisconnectException

2026-05-02T17:16:32.849+05:30  INFO 3164 --- [order-service] [kafka-producer-network-thread | order-service-producer-1] org.apache.kafka.clients.NetworkClient   : [Producer clientId=order-service-producer-1] Node 0 disconnected.
2026-05-02T17:16:32.849+05:30  WARN 3164 --- [order-service] [kafka-producer-network-thread | order-service-producer-1] org.apache.kafka.clients.NetworkClient   : [Producer clientId=order-service-producer-1] Connection to node 0 (NIRANJAN-LAP/192.168.0.5:9092) could not be established. Node may not be available.
2026-05-02T17:16:35.421+05:30  INFO 3164 --- [order-service] [org.springframework.kafka.KafkaListenerEndpointContainer#1-0-C-1] org.apache.kafka.clients.NetworkClient   : [Consumer clientId=consumer-order-group-2, groupId=order-group] Node 0 disconnected.
2026-05-02T17:16:35.421+05:30  WARN 3164 --- [order-service] [org.springframework.kafka.KafkaListenerEndpointContainer#1-0-C-1] org.apache.kafka.clients.NetworkClient   : [Consumer clientId=consumer-order-group-2, groupId=order-group] Connection to node 0 (NIRANJAN-LAP/192.168.0.5:9092) could not be established. Node may not be available.
2026-05-02T17:16:35.503+05:30  INFO 3164 --- [order-service] [org.springframework.kafka.KafkaListenerEndpointContainer#0-0-C-1] org.apache.kafka.clients.NetworkClient   : [Consumer clientId=consumer-order-group-1, groupId=order-group] Node 0 disconnected.
2026-05-02T17:16:35.503+05:30  WARN 3164 --- [order-service] [org.springframework.kafka.KafkaListenerEndpointContainer#0-0-C-1] org.apache.kafka.clients.NetworkClient   : [Consumer clientId=consumer-order-group-1, groupId=order-group] Connection to node 0 (NIRANJAN-LAP/192.168.0.5:9092) could not be established. Node may not be available.
2026-05-02T17:16:35.818+05:30  INFO 3164 --- [order-service] [kafka-producer-network-thread | order-service-producer-1] org.apache.kafka.clients.NetworkClient   : [Producer clientId=order-service-producer-1] Node 0 disconnected.
2026-05-02T17:16:35.818+05:30  WARN 3164 --- [order-service] [kafka-producer-network-thread | order-service-producer-1] org.apache.kafka.clients.NetworkClient   : [Producer clientId=order-service-producer-1] Connection to node 0 (NIRANJAN-LAP/172.22.64.1:9092) could not be established. Node may not be available.
2026-05-02T17:16:38.417+05:30  INFO 3164 --- [order-service] [org.springframework.kafka.KafkaListenerEndpointContainer#1-0-C-1] org.apache.kafka.clients.NetworkClient   : [Consumer clientId=consumer-order-group-2, groupId=order-group] Node 0 disconnected.
2026-05-02T17:16:38.419+05:30  WARN 3164 --- [order-service] [org.springframework.kafka.KafkaListenerEndpointContainer#1-0-C-1] org.apache.kafka.clients.NetworkClient   : [Consumer clientId=consumer-order-group-2, groupId=order-group] Connection to node 0 (NIRANJAN-LAP/172.22.64.1:9092) could not be established. Node may not be available.
2026-05-02T17:16:38.537+05:30  INFO 3164 --- [order-service] [org.springframework.kafka.KafkaListenerEndpointContainer#0-0-C-1] org.apache.kafka.clients.NetworkClient   : [Consumer clientId=consumer-order-group-1, groupId=order-group] Node 0 disconnected.
2026-05-02T17:16:38.537+05:30  WARN 3164 --- [order-service] [org.springframework.kafka.KafkaListenerEndpointContainer#0-0-C-1] org.apache.kafka.clients.NetworkClient   : [Consumer clientId=consumer-order-group-1, groupId=order-group] Connection to node 0 (NIRANJAN-LAP/172.22.64.1:9092) could not be established. Node may not be available.
2026-05-02T17:16:38.872+05:30  INFO 3164 --- [order-service] [kafka-producer-network-thread | order-service-producer-1] org.apache.kafka.clients.NetworkClient   : [Producer clientId=order-service-producer-1] Node 0 disconnected.
2026-05-02T17:16:38.872+05:30  WARN 3164 --- [order-service] [kafka-producer-network-thread | order-service-producer-1] org.apache.kafka.clients.NetworkClient   : [Producer clientId=order-service-producer-1] Connection to node 0 (NIRANJAN-LAP/192.168.0.5:9092) could not be established. Node may not be available.
2026-05-02T17:16:41.393+05:30  INFO 3164 --- [order-service] [org.springframework.kafka.KafkaListenerEndpointContainer#1-0-C-1] org.apache.kafka.clients.NetworkClient   : [Consumer clientId=consumer-order-group-2, groupId=order-group] Node 0 disconnected.
2026-05-02T17:16:41.393+05:30  WARN 3164 --- [order-service] [org.springframework.kafka.KafkaListenerEndpointContainer#1-0-C-1] org.apache.kafka.clients.NetworkClient   : [Consumer clientId=consumer-order-group-2, groupId=order-group] Connection to node 0 (NIRANJAN-LAP/192.168.0.5:9092) could not be established. Node may not be available.
2026-05-02T17:16:41.393+05:30  INFO 3164 --- [order-service] [org.springframework.kafka.KafkaListenerEndpointContainer#1-0-C-1] o.a.kafka.clients.FetchSessionHandler    : [Consumer clientId=consumer-order-group-2, groupId=order-group] Error sending fetch request (sessionId=1203946848, epoch=INITIAL) to node 0:

org.apache.kafka.common.errors.DisconnectException

2026-05-02T17:16:41.585+05:30  INFO 3164 --- [order-service] [org.springframework.kafka.KafkaListenerEndpointContainer#0-0-C-1] org.apache.kafka.clients.NetworkClient   : [Consumer clientId=consumer-order-group-1, groupId=order-group] Node 0 disconnected.
2026-05-02T17:16:41.585+05:30  WARN 3164 --- [order-service] [org.springframework.kafka.KafkaListenerEndpointContainer#0-0-C-1] org.apache.kafka.clients.NetworkClient   : [Consumer clientId=consumer-order-group-1, groupId=order-group] Connection to node 0 (NIRANJAN-LAP/192.168.0.5:9092) could not be established. Node may not be available.
2026-05-02T17:16:41.585+05:30  INFO 3164 --- [order-service] [org.springframework.kafka.KafkaListenerEndpointContainer#0-0-C-1] o.a.kafka.clients.FetchSessionHandler    : [Consumer clientId=consumer-order-group-1, groupId=order-group] Error sending fetch request (sessionId=112088398, epoch=INITIAL) to node 0:

org.apache.kafka.common.errors.DisconnectException

2026-05-02T17:16:41.901+05:30  INFO 3164 --- [order-service] [kafka-producer-network-thread | order-service-producer-1] org.apache.kafka.clients.NetworkClient   : [Producer clientId=order-service-producer-1] Node 0 disconnected.
2026-05-02T17:16:41.902+05:30  WARN 3164 --- [order-service] [kafka-producer-network-thread | order-service-producer-1] org.apache.kafka.clients.NetworkClient   : [Producer clientId=order-service-producer-1] Connection to node 0 (NIRANJAN-LAP/172.22.64.1:9092) could not be established. Node may not be available.
2026-05-02T17:16:44.432+05:30  INFO 3164 --- [order-service] [org.springframework.kafka.KafkaListenerEndpointContainer#1-0-C-1] org.apache.kafka.clients.NetworkClient   : [Consumer clientId=consumer-order-group-2, groupId=order-group] Node 0 disconnected.
2026-05-02T17:16:44.432+05:30  WARN 3164 --- [order-service] [org.springframework.kafka.KafkaListenerEndpointContainer#1-0-C-1] org.apache.kafka.clients.NetworkClient   : [Consumer clientId=consumer-order-group-2, groupId=order-group] Connection to node 0 (NIRANJAN-LAP/172.22.64.1:9092) could not be established. Node may not be available.
2026-05-02T17:16:44.654+05:30  INFO 3164 --- [order-service] [org.springframework.kafka.KafkaListenerEndpointContainer#0-0-C-1] org.apache.kafka.clients.NetworkClient   : [Consumer clientId=consumer-order-group-1, groupId=order-group] Node 0 disconnected.
2026-05-02T17:16:44.654+05:30  WARN 3164 --- [order-service] [org.springframework.kafka.KafkaListenerEndpointContainer#0-0-C-1] org.apache.kafka.clients.NetworkClient   : [Consumer clientId=consumer-order-group-1, groupId=order-group] Connection to node 0 (NIRANJAN-LAP/172.22.64.1:9092) could not be established. Node may not be available.
2026-05-02T17:16:44.933+05:30  INFO 3164 --- [order-service] [kafka-producer-network-thread | order-service-producer-1] org.apache.kafka.clients.NetworkClient   : [Producer clientId=order-service-producer-1] Node 0 disconnected.
2026-05-02T17:16:44.933+05:30  WARN 3164 --- [order-service] [kafka-producer-network-thread | order-service-producer-1] org.apache.kafka.clients.NetworkClient   : [Producer clientId=order-service-producer-1] Connection to node 0 (NIRANJAN-LAP/192.168.0.5:9092) could not be established. Node may not be available.
2026-05-02T17:16:47.509+05:30  INFO 3164 --- [order-service] [org.springframework.kafka.KafkaListenerEndpointContainer#1-0-C-1] org.apache.kafka.clients.NetworkClient   : [Consumer clientId=consumer-order-group-2, groupId=order-group] Node 0 disconnected.
2026-05-02T17:16:47.510+05:30  WARN 3164 --- [order-service] [org.springframework.kafka.KafkaListenerEndpointContainer#1-0-C-1] org.apache.kafka.clients.NetworkClient   : [Consumer clientId=consumer-order-group-2, groupId=order-group] Connection to node 0 (NIRANJAN-LAP/192.168.0.5:9092) could not be established. Node may not be available.
2026-05-02T17:16:47.510+05:30  INFO 3164 --- [order-service] [org.springframework.kafka.KafkaListenerEndpointContainer#1-0-C-1] o.a.kafka.clients.FetchSessionHandler    : [Consumer clientId=consumer-order-group-2, groupId=order-group] Error sending fetch request (sessionId=1203946848, epoch=INITIAL) to node 0:

org.apache.kafka.common.errors.DisconnectException

2026-05-02T17:16:47.540+05:30  INFO 3164 --- [order-service] [org.springframework.kafka.KafkaListenerEndpointContainer#0-0-C-1] org.apache.kafka.clients.NetworkClient   : [Consumer clientId=consumer-order-group-1, groupId=order-group] Node 0 disconnected.
2026-05-02T17:16:47.540+05:30  WARN 3164 --- [order-service] [org.springframework.kafka.KafkaListenerEndpointContainer#0-0-C-1] org.apache.kafka.clients.NetworkClient   : [Consumer clientId=consumer-order-group-1, groupId=order-group] Connection to node 0 (NIRANJAN-LAP/192.168.0.5:9092) could not be established. Node may not be available.
2026-05-02T17:16:47.540+05:30  INFO 3164 --- [order-service] [org.springframework.kafka.KafkaListenerEndpointContainer#0-0-C-1] o.a.kafka.clients.FetchSessionHandler    : [Consumer clientId=consumer-order-group-1, groupId=order-group] Error sending fetch request (sessionId=112088398, epoch=INITIAL) to node 0:

org.apache.kafka.common.errors.DisconnectException

2026-05-02T17:16:48.007+05:30  INFO 3164 --- [order-service] [kafka-producer-network-thread | order-service-producer-1] org.apache.kafka.clients.NetworkClient   : [Producer clientId=order-service-producer-1] Node 0 disconnected.
2026-05-02T17:16:48.007+05:30  WARN 3164 --- [order-service] [kafka-producer-network-thread | order-service-producer-1] org.apache.kafka.clients.NetworkClient   : [Producer clientId=order-service-producer-1] Connection to node 0 (NIRANJAN-LAP/172.22.64.1:9092) could not be established. Node may not be available.
2026-05-02T17:16:50.444+05:30  INFO 3164 --- [order-service] [org.springframework.kafka.KafkaListenerEndpointContainer#0-0-C-1] org.apache.kafka.clients.NetworkClient   : [Consumer clientId=consumer-order-group-1, groupId=order-group] Node 0 disconnected.
2026-05-02T17:16:50.444+05:30  WARN 3164 --- [order-service] [org.springframework.kafka.KafkaListenerEndpointContainer#0-0-C-1] org.apache.kafka.clients.NetworkClient   : [Consumer clientId=consumer-order-group-1, groupId=order-group] Connection to node 0 (NIRANJAN-LAP/172.22.64.1:9092) could not be established. Node may not be available.
2026-05-02T17:16:50.556+05:30  INFO 3164 --- [order-service] [org.springframework.kafka.KafkaListenerEndpointContainer#1-0-C-1] org.apache.kafka.clients.NetworkClient   : [Consumer clientId=consumer-order-group-2, groupId=order-group] Node 0 disconnected.
2026-05-02T17:16:50.558+05:30  WARN 3164 --- [order-service] [org.springframework.kafka.KafkaListenerEndpointContainer#1-0-C-1] org.apache.kafka.clients.NetworkClient   : [Consumer clientId=consumer-order-group-2, groupId=order-group] Connection to node 0 (NIRANJAN-LAP/172.22.64.1:9092) could not be established. Node may not be available.
2026-05-02T17:16:51.066+05:30  INFO 3164 --- [order-service] [kafka-producer-network-thread | order-service-producer-1] org.apache.kafka.clients.NetworkClient   : [Producer clientId=order-service-producer-1] Node 0 disconnected.
2026-05-02T17:16:51.066+05:30  WARN 3164 --- [order-service] [kafka-producer-network-thread | order-service-producer-1] org.apache.kafka.clients.NetworkClient   : [Producer clientId=order-service-producer-1] Connection to node 0 (NIRANJAN-LAP/192.168.0.5:9092) could not be established. Node may not be available.
2026-05-02T17:16:53.545+05:30  INFO 3164 --- [order-service] [org.springframework.kafka.KafkaListenerEndpointContainer#0-0-C-1] org.apache.kafka.clients.NetworkClient   : [Consumer clientId=consumer-order-group-1, groupId=order-group] Node 0 disconnected.
2026-05-02T17:16:53.545+05:30  WARN 3164 --- [order-service] [org.springframework.kafka.KafkaListenerEndpointContainer#0-0-C-1] org.apache.kafka.clients.NetworkClient   : [Consumer clientId=consumer-order-group-1, groupId=order-group] Connection to node 0 (NIRANJAN-LAP/192.168.0.5:9092) could not be established. Node may not be available.
2026-05-02T17:16:53.592+05:30  INFO 3164 --- [order-service] [org.springframework.kafka.KafkaListenerEndpointContainer#1-0-C-1] org.apache.kafka.clients.NetworkClient   : [Consumer clientId=consumer-order-group-2, groupId=order-group] Node 0 disconnected.
2026-05-02T17:16:53.592+05:30  WARN 3164 --- [order-service] [org.springframework.kafka.KafkaListenerEndpointContainer#1-0-C-1] org.apache.kafka.clients.NetworkClient   : [Consumer clientId=consumer-order-group-2, groupId=order-group] Connection to node 0 (NIRANJAN-LAP/192.168.0.5:9092) could not be established. Node may not be available.
2026-05-02T17:16:53.930+05:30  INFO 3164 --- [order-service] [kafka-producer-network-thread | order-service-producer-1] org.apache.kafka.clients.NetworkClient   : [Producer clientId=order-service-producer-1] Node 0 disconnected.
2026-05-02T17:16:53.930+05:30  WARN 3164 --- [order-service] [kafka-producer-network-thread | order-service-producer-1] org.apache.kafka.clients.NetworkClient   : [Producer clientId=order-service-producer-1] Connection to node 0 (NIRANJAN-LAP/172.22.64.1:9092) could not be established. Node may not be available.
2026-05-02T17:16:54.574+05:30  WARN 3164 --- [order-service] [org.springframework.kafka.KafkaListenerEndpointContainer#0-0-C-1] org.apache.kafka.clients.NetworkClient   : [Consumer clientId=consumer-order-group-1, groupId=order-group] The metadata response from the cluster reported a recoverable issue with correlation id 2484 : {payment-success=INVALID_REPLICATION_FACTOR, payment-failed=INVALID_REPLICATION_FACTOR}
2026-05-02T17:16:54.595+05:30  WARN 3164 --- [order-service] [org.springframework.kafka.KafkaListenerEndpointContainer#1-0-C-1] org.apache.kafka.clients.NetworkClient   : [Consumer clientId=consumer-order-group-2, groupId=order-group] The metadata response from the cluster reported a recoverable issue with correlation id 2490 : {payment-failed=INVALID_REPLICATION_FACTOR}
2026-05-02T17:16:54.933+05:30  INFO 3164 --- [order-service] [kafka-producer-network-thread | order-service-producer-1] org.apache.kafka.clients.Metadata        : [Producer clientId=order-service-producer-1] Cluster ID: Ipor-DkyQ6-XidH3YvAPPg
2026-05-02T17:16:55.533+05:30  WARN 3164 --- [order-service] [org.springframework.kafka.KafkaListenerEndpointContainer#0-0-C-1] org.apache.kafka.clients.NetworkClient   : [Consumer clientId=consumer-order-group-1, groupId=order-group] The metadata response from the cluster reported a recoverable issue with correlation id 2486 : {payment-success=LEADER_NOT_AVAILABLE, payment-failed=LEADER_NOT_AVAILABLE}
2026-05-02T17:16:55.533+05:30  INFO 3164 --- [order-service] [org.springframework.kafka.KafkaListenerEndpointContainer#0-0-C-1] org.apache.kafka.clients.Metadata        : [Consumer clientId=consumer-order-group-1, groupId=order-group] Cluster ID: Ipor-DkyQ6-XidH3YvAPPg
2026-05-02T17:16:55.588+05:30  INFO 3164 --- [order-service] [org.springframework.kafka.KafkaListenerEndpointContainer#1-0-C-1] org.apache.kafka.clients.Metadata        : [Consumer clientId=consumer-order-group-2, groupId=order-group] Resetting the last seen epoch of partition payment-failed-0 to 0 since the associated topicId changed from I-POXM1oQsemFxLJDbzKRQ to hV1UVA3dQaK5_KaoUVOPQA
2026-05-02T17:16:55.588+05:30  INFO 3164 --- [order-service] [org.springframework.kafka.KafkaListenerEndpointContainer#1-0-C-1] org.apache.kafka.clients.Metadata        : [Consumer clientId=consumer-order-group-2, groupId=order-group] Cluster ID: Ipor-DkyQ6-XidH3YvAPPg
2026-05-02T17:16:55.592+05:30  INFO 3164 --- [order-service] [org.springframework.kafka.KafkaListenerEndpointContainer#1-0-C-1] o.a.k.c.c.internals.ConsumerCoordinator  : [Consumer clientId=consumer-order-group-2, groupId=order-group] Discovered group coordinator NIRANJAN-LAP:9092 (id: 2147483647 rack: null)
2026-05-02T17:16:55.592+05:30  INFO 3164 --- [order-service] [org.springframework.kafka.KafkaListenerEndpointContainer#1-0-C-1] o.a.k.c.c.internals.ConsumerCoordinator  : [Consumer clientId=consumer-order-group-2, groupId=order-group] Attempt to heartbeat with Generation{generationId=2, memberId='consumer-order-group-2-521f17eb-8e17-420a-9e6a-43a7eea7fdcd', protocol='range'} and group instance id Optional.empty failed due to UNKNOWN_MEMBER_ID, resetting generation
2026-05-02T17:16:55.592+05:30  INFO 3164 --- [order-service] [org.springframework.kafka.KafkaListenerEndpointContainer#1-0-C-1] o.a.k.c.c.internals.ConsumerCoordinator  : [Consumer clientId=consumer-order-group-2, groupId=order-group] Resetting generation and member id due to: encountered UNKNOWN_MEMBER_ID from HEARTBEAT response
2026-05-02T17:16:55.592+05:30  INFO 3164 --- [order-service] [org.springframework.kafka.KafkaListenerEndpointContainer#1-0-C-1] o.a.k.c.c.internals.ConsumerCoordinator  : [Consumer clientId=consumer-order-group-2, groupId=order-group] Request joining group due to: encountered UNKNOWN_MEMBER_ID from HEARTBEAT response
2026-05-02T17:16:55.592+05:30  INFO 3164 --- [order-service] [org.springframework.kafka.KafkaListenerEndpointContainer#1-0-C-1] o.a.k.c.c.internals.ConsumerCoordinator  : [Consumer clientId=consumer-order-group-2, groupId=order-group] Giving away all assigned partitions as lost since generation/memberID has been reset,indicating that consumer is in old state or no longer part of the group
2026-05-02T17:16:55.592+05:30  INFO 3164 --- [order-service] [org.springframework.kafka.KafkaListenerEndpointContainer#1-0-C-1] k.c.c.i.ConsumerRebalanceListenerInvoker : [Consumer clientId=consumer-order-group-2, groupId=order-group] Lost previously assigned partitions payment-failed-0
2026-05-02T17:16:55.603+05:30  INFO 3164 --- [order-service] [org.springframework.kafka.KafkaListenerEndpointContainer#1-0-C-1] o.s.k.l.KafkaMessageListenerContainer    : order-group: partitions lost: [payment-failed-0]
2026-05-02T17:16:55.603+05:30  INFO 3164 --- [order-service] [org.springframework.kafka.KafkaListenerEndpointContainer#1-0-C-1] o.s.k.l.KafkaMessageListenerContainer    : order-group: partitions revoked: [payment-failed-0]
2026-05-02T17:16:55.603+05:30  INFO 3164 --- [order-service] [org.springframework.kafka.KafkaListenerEndpointContainer#1-0-C-1] o.a.k.c.c.internals.ConsumerCoordinator  : [Consumer clientId=consumer-order-group-2, groupId=order-group] (Re-)joining group
2026-05-02T17:16:55.618+05:30  INFO 3164 --- [order-service] [org.springframework.kafka.KafkaListenerEndpointContainer#1-0-C-1] o.a.k.c.c.internals.ConsumerCoordinator  : [Consumer clientId=consumer-order-group-2, groupId=order-group] Request joining group due to: need to re-join with the given member-id: consumer-order-group-2-d62c1af0-0304-45e0-abfa-aaf19de93127
2026-05-02T17:16:55.618+05:30  INFO 3164 --- [order-service] [org.springframework.kafka.KafkaListenerEndpointContainer#1-0-C-1] o.a.k.c.c.internals.ConsumerCoordinator  : [Consumer clientId=consumer-order-group-2, groupId=order-group] (Re-)joining group
2026-05-02T17:16:55.627+05:30  INFO 3164 --- [order-service] [org.springframework.kafka.KafkaListenerEndpointContainer#1-0-C-1] o.a.k.c.c.internals.ConsumerCoordinator  : [Consumer clientId=consumer-order-group-2, groupId=order-group] Successfully joined group with generation Generation{generationId=1, memberId='consumer-order-group-2-d62c1af0-0304-45e0-abfa-aaf19de93127', protocol='range'}
2026-05-02T17:16:55.642+05:30  INFO 3164 --- [order-service] [org.springframework.kafka.KafkaListenerEndpointContainer#1-0-C-1] o.a.k.c.c.internals.ConsumerCoordinator  : [Consumer clientId=consumer-order-group-2, groupId=order-group] Finished assignment for group at generation 1: {consumer-order-group-2-d62c1af0-0304-45e0-abfa-aaf19de93127=Assignment(partitions=[payment-failed-0])}
2026-05-02T17:16:55.696+05:30  INFO 3164 --- [order-service] [org.springframework.kafka.KafkaListenerEndpointContainer#1-0-C-1] o.a.k.c.c.internals.ConsumerCoordinator  : [Consumer clientId=consumer-order-group-2, groupId=order-group] Successfully synced group in generation Generation{generationId=1, memberId='consumer-order-group-2-d62c1af0-0304-45e0-abfa-aaf19de93127', protocol='range'}
2026-05-02T17:16:55.696+05:30  INFO 3164 --- [order-service] [org.springframework.kafka.KafkaListenerEndpointContainer#1-0-C-1] o.a.k.c.c.internals.ConsumerCoordinator  : [Consumer clientId=consumer-order-group-2, groupId=order-group] Notifying assignor about the new Assignment(partitions=[payment-failed-0])
2026-05-02T17:16:55.696+05:30  INFO 3164 --- [order-service] [org.springframework.kafka.KafkaListenerEndpointContainer#1-0-C-1] k.c.c.i.ConsumerRebalanceListenerInvoker : [Consumer clientId=consumer-order-group-2, groupId=order-group] Adding newly assigned partitions: payment-failed-0
2026-05-02T17:16:55.714+05:30  INFO 3164 --- [order-service] [org.springframework.kafka.KafkaListenerEndpointContainer#1-0-C-1] o.a.k.c.c.internals.ConsumerCoordinator  : [Consumer clientId=consumer-order-group-2, groupId=order-group] Found no committed offset for partition payment-failed-0
2026-05-02T17:16:55.730+05:30  INFO 3164 --- [order-service] [org.springframework.kafka.KafkaListenerEndpointContainer#0-0-C-1] org.apache.kafka.clients.Metadata        : [Consumer clientId=consumer-order-group-1, groupId=order-group] Resetting the last seen epoch of partition payment-success-0 to 0 since the associated topicId changed from null to iGQZu2h9T9C-A4lXdEaZvw
2026-05-02T17:16:55.730+05:30  INFO 3164 --- [order-service] [org.springframework.kafka.KafkaListenerEndpointContainer#0-0-C-1] org.apache.kafka.clients.Metadata        : [Consumer clientId=consumer-order-group-1, groupId=order-group] Resetting the last seen epoch of partition payment-failed-0 to 0 since the associated topicId changed from null to hV1UVA3dQaK5_KaoUVOPQA
2026-05-02T17:16:55.730+05:30  INFO 3164 --- [order-service] [org.springframework.kafka.KafkaListenerEndpointContainer#0-0-C-1] o.a.k.c.c.internals.ConsumerCoordinator  : [Consumer clientId=consumer-order-group-1, groupId=order-group] Discovered group coordinator NIRANJAN-LAP:9092 (id: 2147483647 rack: null)
2026-05-02T17:16:55.730+05:30  INFO 3164 --- [order-service] [org.springframework.kafka.KafkaListenerEndpointContainer#0-0-C-1] o.a.k.c.c.internals.ConsumerCoordinator  : [Consumer clientId=consumer-order-group-1, groupId=order-group] Attempt to heartbeat with Generation{generationId=2, memberId='consumer-order-group-1-c2b29016-6af7-4b70-ab35-4eaec977577b', protocol='range'} and group instance id Optional.empty failed due to UNKNOWN_MEMBER_ID, resetting generation
2026-05-02T17:16:55.730+05:30  INFO 3164 --- [order-service] [org.springframework.kafka.KafkaListenerEndpointContainer#0-0-C-1] o.a.k.c.c.internals.ConsumerCoordinator  : [Consumer clientId=consumer-order-group-1, groupId=order-group] Resetting generation and member id due to: encountered UNKNOWN_MEMBER_ID from HEARTBEAT response
2026-05-02T17:16:55.730+05:30  INFO 3164 --- [order-service] [org.springframework.kafka.KafkaListenerEndpointContainer#0-0-C-1] o.a.k.c.c.internals.ConsumerCoordinator  : [Consumer clientId=consumer-order-group-1, groupId=order-group] Request joining group due to: encountered UNKNOWN_MEMBER_ID from HEARTBEAT response
2026-05-02T17:16:55.730+05:30  INFO 3164 --- [order-service] [org.springframework.kafka.KafkaListenerEndpointContainer#0-0-C-1] o.a.k.c.c.internals.ConsumerCoordinator  : [Consumer clientId=consumer-order-group-1, groupId=order-group] Giving away all assigned partitions as lost since generation/memberID has been reset,indicating that consumer is in old state or no longer part of the group
2026-05-02T17:16:55.730+05:30  INFO 3164 --- [order-service] [org.springframework.kafka.KafkaListenerEndpointContainer#0-0-C-1] k.c.c.i.ConsumerRebalanceListenerInvoker : [Consumer clientId=consumer-order-group-1, groupId=order-group] Lost previously assigned partitions payment-success-0
2026-05-02T17:16:55.730+05:30  INFO 3164 --- [order-service] [org.springframework.kafka.KafkaListenerEndpointContainer#0-0-C-1] o.s.k.l.KafkaMessageListenerContainer    : order-group: partitions lost: [payment-success-0]
2026-05-02T17:16:55.730+05:30  INFO 3164 --- [order-service] [org.springframework.kafka.KafkaListenerEndpointContainer#0-0-C-1] o.s.k.l.KafkaMessageListenerContainer    : order-group: partitions revoked: [payment-success-0]
2026-05-02T17:16:55.730+05:30  INFO 3164 --- [order-service] [org.springframework.kafka.KafkaListenerEndpointContainer#0-0-C-1] o.a.k.c.c.internals.ConsumerCoordinator  : [Consumer clientId=consumer-order-group-1, groupId=order-group] (Re-)joining group
2026-05-02T17:16:55.740+05:30  INFO 3164 --- [order-service] [org.springframework.kafka.KafkaListenerEndpointContainer#0-0-C-1] o.a.k.c.c.internals.ConsumerCoordinator  : [Consumer clientId=consumer-order-group-1, groupId=order-group] Request joining group due to: need to re-join with the given member-id: consumer-order-group-1-3ce528cc-9b63-45e5-8cd4-d8961c5692db
2026-05-02T17:16:55.742+05:30  INFO 3164 --- [order-service] [org.springframework.kafka.KafkaListenerEndpointContainer#0-0-C-1] o.a.k.c.c.internals.ConsumerCoordinator  : [Consumer clientId=consumer-order-group-1, groupId=order-group] (Re-)joining group
2026-05-02T17:16:56.135+05:30  INFO 3164 --- [order-service] [org.springframework.kafka.KafkaListenerEndpointContainer#1-0-C-1] o.a.k.c.c.internals.SubscriptionState    : [Consumer clientId=consumer-order-group-2, groupId=order-group] Resetting offset for partition payment-failed-0 to position FetchPosition{offset=0, offsetEpoch=Optional.empty, currentLeader=LeaderAndEpoch{leader=Optional[NIRANJAN-LAP:9092 (id: 0 rack: null)], epoch=0}}.
2026-05-02T17:16:56.135+05:30  INFO 3164 --- [order-service] [org.springframework.kafka.KafkaListenerEndpointContainer#1-0-C-1] o.s.k.l.KafkaMessageListenerContainer    : order-group: partitions assigned: [payment-failed-0]
2026-05-02T17:16:58.630+05:30  INFO 3164 --- [order-service] [org.springframework.kafka.KafkaListenerEndpointContainer#1-0-C-1] o.a.k.c.c.internals.ConsumerCoordinator  : [Consumer clientId=consumer-order-group-2, groupId=order-group] Request joining group due to: group is already rebalancing
2026-05-02T17:16:58.630+05:30  INFO 3164 --- [order-service] [org.springframework.kafka.KafkaListenerEndpointContainer#1-0-C-1] k.c.c.i.ConsumerRebalanceListenerInvoker : [Consumer clientId=consumer-order-group-2, groupId=order-group] Revoke previously assigned partitions payment-failed-0
2026-05-02T17:16:58.630+05:30  INFO 3164 --- [order-service] [org.springframework.kafka.KafkaListenerEndpointContainer#1-0-C-1] o.s.k.l.KafkaMessageListenerContainer    : order-group: partitions revoked: [payment-failed-0]
2026-05-02T17:16:58.630+05:30  INFO 3164 --- [order-service] [org.springframework.kafka.KafkaListenerEndpointContainer#1-0-C-1] o.a.k.c.c.internals.ConsumerCoordinator  : [Consumer clientId=consumer-order-group-2, groupId=order-group] (Re-)joining group
2026-05-02T17:16:58.662+05:30  INFO 3164 --- [order-service] [org.springframework.kafka.KafkaListenerEndpointContainer#0-0-C-1] o.a.k.c.c.internals.ConsumerCoordinator  : [Consumer clientId=consumer-order-group-1, groupId=order-group] Successfully joined group with generation Generation{generationId=2, memberId='consumer-order-group-1-3ce528cc-9b63-45e5-8cd4-d8961c5692db', protocol='range'}
2026-05-02T17:16:58.678+05:30  INFO 3164 --- [order-service] [org.springframework.kafka.KafkaListenerEndpointContainer#1-0-C-1] o.a.k.c.c.internals.ConsumerCoordinator  : [Consumer clientId=consumer-order-group-2, groupId=order-group] Successfully joined group with generation Generation{generationId=2, memberId='consumer-order-group-2-d62c1af0-0304-45e0-abfa-aaf19de93127', protocol='range'}
2026-05-02T17:16:58.694+05:30  INFO 3164 --- [order-service] [org.springframework.kafka.KafkaListenerEndpointContainer#1-0-C-1] o.a.k.c.c.internals.ConsumerCoordinator  : [Consumer clientId=consumer-order-group-2, groupId=order-group] Finished assignment for group at generation 2: {consumer-order-group-2-d62c1af0-0304-45e0-abfa-aaf19de93127=Assignment(partitions=[payment-failed-0]), consumer-order-group-1-3ce528cc-9b63-45e5-8cd4-d8961c5692db=Assignment(partitions=[payment-success-0])}
2026-05-02T17:16:58.694+05:30  INFO 3164 --- [order-service] [org.springframework.kafka.KafkaListenerEndpointContainer#0-0-C-1] o.a.k.c.c.internals.ConsumerCoordinator  : [Consumer clientId=consumer-order-group-1, groupId=order-group] Successfully synced group in generation Generation{generationId=2, memberId='consumer-order-group-1-3ce528cc-9b63-45e5-8cd4-d8961c5692db', protocol='range'}
2026-05-02T17:16:58.710+05:30  INFO 3164 --- [order-service] [org.springframework.kafka.KafkaListenerEndpointContainer#0-0-C-1] o.a.k.c.c.internals.ConsumerCoordinator  : [Consumer clientId=consumer-order-group-1, groupId=order-group] Notifying assignor about the new Assignment(partitions=[payment-success-0])
2026-05-02T17:16:58.710+05:30  INFO 3164 --- [order-service] [org.springframework.kafka.KafkaListenerEndpointContainer#0-0-C-1] k.c.c.i.ConsumerRebalanceListenerInvoker : [Consumer clientId=consumer-order-group-1, groupId=order-group] Adding newly assigned partitions: payment-success-0
2026-05-02T17:16:58.710+05:30  INFO 3164 --- [order-service] [org.springframework.kafka.KafkaListenerEndpointContainer#1-0-C-1] o.a.k.c.c.internals.ConsumerCoordinator  : [Consumer clientId=consumer-order-group-2, groupId=order-group] Successfully synced group in generation Generation{generationId=2, memberId='consumer-order-group-2-d62c1af0-0304-45e0-abfa-aaf19de93127', protocol='range'}
2026-05-02T17:16:58.710+05:30  INFO 3164 --- [order-service] [org.springframework.kafka.KafkaListenerEndpointContainer#1-0-C-1] o.a.k.c.c.internals.ConsumerCoordinator  : [Consumer clientId=consumer-order-group-2, groupId=order-group] Notifying assignor about the new Assignment(partitions=[payment-failed-0])
2026-05-02T17:16:58.710+05:30  INFO 3164 --- [order-service] [org.springframework.kafka.KafkaListenerEndpointContainer#1-0-C-1] k.c.c.i.ConsumerRebalanceListenerInvoker : [Consumer clientId=consumer-order-group-2, groupId=order-group] Adding newly assigned partitions: payment-failed-0
2026-05-02T17:16:58.710+05:30  INFO 3164 --- [order-service] [org.springframework.kafka.KafkaListenerEndpointContainer#0-0-C-1] o.a.k.c.c.internals.ConsumerCoordinator  : [Consumer clientId=consumer-order-group-1, groupId=order-group] Found no committed offset for partition payment-success-0
2026-05-02T17:16:58.710+05:30  INFO 3164 --- [order-service] [org.springframework.kafka.KafkaListenerEndpointContainer#1-0-C-1] o.a.k.c.c.internals.ConsumerCoordinator  : [Consumer clientId=consumer-order-group-2, groupId=order-group] Found no committed offset for partition payment-failed-0
2026-05-02T17:16:58.710+05:30  INFO 3164 --- [order-service] [org.springframework.kafka.KafkaListenerEndpointContainer#0-0-C-1] o.a.k.c.c.internals.SubscriptionState    : [Consumer clientId=consumer-order-group-1, groupId=order-group] Resetting offset for partition payment-success-0 to position FetchPosition{offset=0, offsetEpoch=Optional.empty, currentLeader=LeaderAndEpoch{leader=Optional[NIRANJAN-LAP:9092 (id: 0 rack: null)], epoch=0}}.
2026-05-02T17:16:58.710+05:30  INFO 3164 --- [order-service] [org.springframework.kafka.KafkaListenerEndpointContainer#0-0-C-1] o.s.k.l.KafkaMessageListenerContainer    : order-group: partitions assigned: [payment-success-0]
2026-05-02T17:16:58.710+05:30  INFO 3164 --- [order-service] [org.springframework.kafka.KafkaListenerEndpointContainer#1-0-C-1] o.a.k.c.c.internals.SubscriptionState    : [Consumer clientId=consumer-order-group-2, groupId=order-group] Resetting offset for partition payment-failed-0 to position FetchPosition{offset=0, offsetEpoch=Optional.empty, currentLeader=LeaderAndEpoch{leader=Optional[NIRANJAN-LAP:9092 (id: 0 rack: null)], epoch=0}}.
2026-05-02T17:16:58.710+05:30  INFO 3164 --- [order-service] [org.springframework.kafka.KafkaListenerEndpointContainer#1-0-C-1] o.s.k.l.KafkaMessageListenerContainer    : order-group: partitions assigned: [payment-failed-0]
